data;mês;dia_mes;dia_semana;setor;turno;carro;tempo_coleta;horas_coleta;tempo_trajeto;horas_trajeto;tempo_aterro;horas_aterro;km_coleta;km_trajeto;producao;producao_ton;viagens;ton/h;ton/km
01/04/2025;abr;1;ter;10;DIURNO;33048;07:25:00;7,42;00:53:00;0,88;00:32:00;0,53; 37,00 ;27,00;19.890;19,89;2;2,682; 0,538 
01/04/2025;abr;1;ter;10;DIURNO;32050;03:35:00;3,58;00:46:00;0,77;00:20:00;0,33; 5,00 ;34,00;5.860;5,86;2;1,635; 1,172 
01/04/2025;abr;1;ter;12;DIURNO;32049;07:41:00;7,68;02:37:00;2,62;00:33:00;0,55; 37,00 ;73,00;22.370;22,37;3;2,911; 0,605 
01/04/2025;abr;1;ter;15;DIURNO;32051;08:10:00;8,17;01:55:00;1,92;00:35:00;0,58; 42,00 ;31,00;23.810;23,81;3;2,916; 0,567 
01/04/2025;abr;1;ter;17;DIURNO;33049;10:40:00;10,67;01:00:00;1,00;00:45:00;0,75; 59,00 ;17,00;26.220;26,22;3;2,458; 0,444 
01/04/2025;abr;1;ter;19;DIURNO;33024;07:06:00;7,10;01:36:00;1,60;00:20:00;0,33; 47,00 ;36,00;16.010;16,01;2;2,255; 0,341 
01/04/2025;abr;1;ter;1;NOTURNO;32049;04:57:00;4,95;01:07:00;1,12;00:19:00;0,32; 22,00 ;34,00;14.020;14,02;2;2,832; 0,637 
01/04/2025;abr;1;ter;1;NOTURNO;32051;01:37:00;1,62;00:28:00;0,47;00:04:00;0,07; 14,00 ;14,00;3.840;3,84;1;2,375; 0,274 
01/04/2025;abr;1;ter;2;NOTURNO;33024;06:25:00;6,42;00:50:00;0,83;00:20:00;0,33; 40,00 ;31,00;15.550;15,55;2;2,423; 0,389 
01/04/2025;abr;1;ter;6;NOTURNO;33048;05:53:00;5,88;01:42:00;1,70;00:08:00;0,13; 39,00 ;36,00;16.330;16,33;2;2,776; 0,419 
01/04/2025;abr;1;ter;11;NOTURNO;32050;06:48:00;6,80;00:49:00;0,82;00:22:00;0,37; 40,00 ;22,00;17.010;17,01;2;2,501; 0,425 
01/04/2025;abr;1;ter;21;NOTURNO;32048;05:07:00;5,12;00:54:00;0,90;00:25:00;0,42; 45,00 ;27,00;10.290;10,29;2;2,011; 0,229 
01/04/2025;abr;1;ter;8;DIURNO;31912;06:23:00;6,38;01:17:00;1,28;00:25:00;0,42; 28,00 ;57,00;13.690;13,69;2;2,145; 0,489 
02/04/2025;abr;2;qua;9;DIURNO;33048;06:02:00;6,03;00:48:00;0,80;00:41:00;0,68; 22,00 ;29,00;12.550;12,55;1;2,080; 0,570 
02/04/2025;abr;2;qua;14;DIURNO;32048;04:15:00;4,25;01:05:00;1,08;00:10:00;0,17; 36,00 ;50,00;7.950;7,95;1;1,871; 0,221 
02/04/2025;abr;2;qua;16;DIURNO;32051;05:22:00;5,37;02:15:00;2,25;00:30:00;0,50; 29,00 ;54,00;11.750;11,75;2;2,189; 0,405 
02/04/2025;abr;2;qua;13;DIURNO;33024;05:13:00;5,22;01:15:00;1,25;00:15:00;0,25; 57,00 ;50,00;7.680;7,68;1;1,472; 0,135 
02/04/2025;abr;2;qua;18;DIURNO;32049;05:34:00;5,57;01:06:00;1,10;00:42:00;0,70; 40,00 ;36,00;10.270;10,27;1;1,845; 0,257 
02/04/2025;abr;2;qua;20;DIURNO;33049;06:30:00;6,50;01:15:00;1,25;01:10:00;1,17; 54,00 ;41,00;13.110;13,11;2;2,017; 0,243 
02/04/2025;abr;2;qua;3;NOTURNO;32048;06:08:00;6,13;00:46:00;0,77;00:20:00;0,33; 42,00 ;25,00;13.370;13,37;2;2,180; 0,318 
02/04/2025;abr;2;qua;4;NOTURNO;33024;05:20:00;5,33;00:35:00;0,58;00:10:00;0,17; 45,00 ;15,00;8.570;8,57;1;1,607; 0,190 
02/04/2025;abr;2;qua;5;NOTURNO;33048;04:59:00;4,98;00:47:00;0,78;00:14:00;0,23; 31,00 ;22,00;10.150;10,15;1;2,037; 0,327 
02/04/2025;abr;2;qua;7;NOTURNO;32050;05:44:00;5,73;01:43:00;1,72;00:23:00;0,38; 35,00 ;44,00;11.400;11,40;2;1,988; 0,326 
02/04/2025;abr;2;qua;21;NOTURNO;33049;06:16:00;6,27;00:26:00;0,43;00:26:00;0,43; 46,00 ;13,00;10.130;10,13;1;1,616; 0,220 
03/04/2025;abr;3;qui;8;DIURNO;33047;05:38:00;5,63;01:22:00;1,37;00:16:00;0,27; 34,00 ;46,00;12.320;12,32;2;2,187; 0,362 
03/04/2025;abr;3;qui;10;DIURNO;33048;05:40:00;5,67;00:32:00;0,53;00:13:00;0,22; 40,00 ;17,00;12.230;12,23;1;2,158; 0,306 
03/04/2025;abr;3;qui;12;DIURNO;32049;05:56:00;5,93;01:25:00;1,42;00:28:00;0,47; 36,00 ;50,00;13.680;13,68;2;2,306; 0,380 
03/04/2025;abr;3;qui;15;DIURNO;33046;05:30:00;5,50;00:30:00;0,50;00:35:00;0,58; 40,00 ;17,00;11.430;11,43;2;2,078; 0,286 
03/04/2025;abr;3;qui;17;DIURNO;33049;07:00:00;7,00;00:45:00;0,75;00:25:00;0,42; 55,00 ;12,00;15.730;15,73;2;2,247; 0,286 
03/04/2025;abr;3;qui;19;DIURNO;33024;06:30:00;6,50;00:32:00;0,53;00:12:00;0,20; 52,00 ;17,00;10.070;10,07;1;1,549; 0,194 
03/04/2025;abr;3;qui;1;NOTURNO;32048;05:34:00;5,57;01:06:00;1,10;00:19:00;0,32; 35,00 ;30,00;12.410;12,41;2;2,229; 0,355 
03/04/2025;abr;3;qui;2;NOTURNO;33024;04:50:00;4,83;00:34:00;0,57;00:10:00;0,17; 39,00 ;17,00;9.840;9,84;1;2,036; 0,252 
03/04/2025;abr;3;qui;6;NOTURNO;33048;07:02:00;7,03;00:46:00;0,77;00:10:00;0,17; 41,00 ;18,00;10.970;10,97;1;1,560; 0,268 
03/04/2025;abr;3;qui;11;NOTURNO;33048;05:41:00;5,68;00:49:00;0,82;00:12:00;0,20; 37,00 ;23,00;11.870;11,87;2;2,089; 0,321 
03/04/2025;abr;3;qui;21;NOTURNO;33049;06:51:00;6,85;00:37:00;0,62;00:12:00;0,20; 46,00 ;14,00;10.780;10,78;1;1,574; 0,234 
04/04/2025;abr;4;sex;9;DIURNO;32051;06:01:00;6,02;00:54:00;0,90;00:40:00;0,67; 33,00 ;41,00;14.510;14,51;2;2,412; 0,440 
04/04/2025;abr;4;sex;13;DIURNO;32049;05:09:00;5,15;01:59:00;1,98;00:28:00;0,47; 40,00 ;57,00;11.840;11,84;2;2,299; 0,296 
04/04/2025;abr;4;sex;14;DIURNO;33046;04:50:00;4,83;01:10:00;1,17;00:10:00;0,17; 37,00 ;43,00;10.340;10,34;1;2,139; 0,279 
04/04/2025;abr;4;sex;16;DIURNO;31912;05:33:00;5,55;01:39:00;1,65;00:25:00;0,42; 33,00 ;55,00;12.830;12,83;2;2,312; 0,389 
04/04/2025;abr;4;sex;18;DIURNO;33024;06:43:00;6,72;01:14:00;1,23;00:08:00;0,13; 59,00 ;49,00;10.470;10,47;1;1,559; 0,177 
04/04/2025;abr;4;sex;20;DIURNO;33049;06:00:00;6,00;01:52:00;1,87;00:23:00;0,38; 41,00 ;54,00;13.940;13,94;2;2,323; 0,340 
04/04/2025;abr;4;sex;20;DIURNO;32050;04:21:00;4,35;00:30:00;0,50;00:10:00;0,17; 31,00 ;19,00;2.190;2,19;1;0,503; 0,071 
04/04/2025;abr;4;sex;3;NOTURNO;32048;06:17:00;6,28;00:45:00;0,75;00:22:00;0,37; 42,00 ;24,00;6.890;6,89;2;1,097; 0,164 
04/04/2025;abr;4;sex;4;NOTURNO;33024;05:45:00;5,75;00:40:00;0,67;00:05:00;0,08; 44,00 ;16,00;10.470;10,47;1;1,821; 0,238 
04/04/2025;abr;4;sex;5;NOTURNO;33048;06:00:00;6,00;00:48:00;0,80;00:19:00;0,32; 33,00 ;21,00;11.720;11,72;1;1,953; 0,355 
04/04/2025;abr;4;sex;7;NOTURNO;32050;05:37:00;5,62;01:14:00;1,23;00:30:00;0,50; 35,00 ;44,00;12.940;12,94;2;2,304; 0,370 
04/04/2025;abr;4;sex;21;NOTURNO;33049;07:15:00;7,25;01:04:00;1,07;00:03:00;0,05; 46,00 ;13,00;11.540;11,54;1;1,592; 0,251 
05/04/2025;abr;5;sáb;8;DIURNO;31912;07:34:00;7,57;01:50:00;1,83;00:20:00;0,33; 34,00 ;46,00;14.270;14,27;2;1,886; 0,420 
05/04/2025;abr;5;sáb;10;DIURNO;33049;04:23:00;4,38;00:27:00;0,45;00:25:00;0,42; 36,00 ;16,00;12.190;12,19;1;2,781; 0,339 
05/04/2025;abr;5;sáb;12;DIURNO;32049;07:30:00;7,50;01:23:00;1,38;00:45:00;0,75; 37,00 ;51,00;15.350;15,35;2;2,047; 0,415 
05/04/2025;abr;5;sáb;15;DIURNO;32048;05:00:00;5,00;01:00:00;1,00;00:15:00;0,25; 40,00 ;19,00;13.990;13,99;2;2,798; 0,350 
05/04/2025;abr;5;sáb;17;DIURNO;33049;05:50:00;5,83;00:50:00;0,83;00:15:00;0,25; 48,00 ;15,00;16.010;16,01;2;2,745; 0,334 
05/04/2025;abr;5;sáb;19;DIURNO;33024;06:23:00;6,38;00:49:00;0,82;00:06:00;0,10; 47,00 ;20,00;11.680;11,68;1;1,830; 0,249 
05/04/2025;abr;5;sáb;1;NOTURNO;32048;06:06:00;6,10;00:58:00;0,97;00:17:00;0,28; 34,00 ;31,00;12.850;12,85;2;2,107; 0,378 
05/04/2025;abr;5;sáb;2;NOTURNO;33024;05:00:00;5,00;00:30:00;0,50;00:05:00;0,08; 39,00 ;16,00;9.890;9,89;1;1,978; 0,254 
05/04/2025;abr;5;sáb;6;NOTURNO;33048;05:50:00;5,83;00:38:00;0,63;00:10:00;0,17; 42,00 ;19,00;11.360;11,36;1;1,947; 0,270 
05/04/2025;abr;5;sáb;11;NOTURNO;32051;05:13:00;5,22;00:45:00;0,75;00:15:00;0,25; 38,00 ;22,00;11.010;11,01;2;2,111; 0,290 
05/04/2025;abr;5;sáb;21;NOTURNO;33049;05:52:00;5,87;00:35:00;0,58;00:15:00;0,25; 46,00 ;14,00;9.580;9,58;1;1,633; 0,208 
07/04/2025;abr;7;seg;9;DIURNO;33048;08:05:00;8,08;01:20:00;1,33;00:20:00;0,33; 31,00 ;40,00;20.830;20,83;2;2,577; 0,672 
07/04/2025;abr;7;seg;13;DIURNO;32049;08:07:00;8,12;02:35:00;2,58;00:31:00;0,52; 44,00 ;57,00;17.540;17,54;2;2,161; 0,399 
07/04/2025;abr;7;seg;14;DIURNO;32048;07:50:00;7,83;02:24:00;2,40;00:27:00;0,45; 39,00 ;65,00;15.950;15,95;2;2,036; 0,409 
07/04/2025;abr;7;seg;16;DIURNO;31912;08:28:00;8,47;01:58:00;1,97;00:13:00;0,22; 31,00 ;56,00;20.300;20,30;2;2,398; 0,655 
07/04/2025;abr;7;seg;18;DIURNO;33024;07:26:00;7,43;02:22:00;2,37;00:22:00;0,37; 58,00 ;85,00;12.600;12,60;2;1,695; 0,217 
07/04/2025;abr;7;seg;20;DIURNO;32051;07:10:00;7,17;02:56:00;2,93;00:44:00;0,73; 42,00 ;77,00;17.580;17,58;3;2,453; 0,419 
07/04/2025;abr;7;seg;3;NOTURNO;31912;06:43:00;6,72;00:42:00;0,70;00:22:00;0,37; 47,00 ;19,00;17.840;17,84;2;2,656; 0,380 
07/04/2025;abr;7;seg;4;NOTURNO;33024;06:05:00;6,08;01:20:00;1,33;00:20:00;0,33; 34,00 ;42,00;13.850;13,85;2;2,277; 0,407 
07/04/2025;abr;7;seg;5;NOTURNO;33048;06:02:00;6,03;01:19:00;1,32;00:19:00;0,32; 30,00 ;43,00;15.230;15,23;2;2,524; 0,508 
07/04/2025;abr;7;seg;7;NOTURNO;32051;07:01:00;7,02;01:23:00;1,38;00:25:00;0,42; 38,00 ;40,00;16.310;16,31;2;2,324; 0,429 
07/04/2025;abr;7;seg;21;NOTURNO;33049;07:19:00;7,32;01:08:00;1,13;00:22:00;0,37; 45,00 ;30,00;17.730;17,73;2;2,423; 0,394 
07/04/2025;abr;7;seg;21;NOTURNO;32049;01:25:00;1,42;00:40:00;0,67;00:35:00;0,58; 1,00 ;7,00;6.120;6,12;2;4,320; 6,120 
08/04/2025;abr;8;ter;8;DIURNO;31912;08:34:00;8,57;01:34:00;1,57;00:23:00;0,38; 37,00 ;46,00;18.210;18,21;2;2,126; 0,492 
08/04/2025;abr;8;ter;10;DIURNO;33048;07:40:00;7,67;01:16:00;1,27;00:44:00;0,73; 42,00 ;23,00;21.080;21,08;2;2,750; 0,502 
08/04/2025;abr;8;ter;12;DIURNO;32049;03:11:00;3,18;01:03:00;1,05;00:12:00;0,20; 10,00 ;24,00;8.510;8,51;1;2,673; 0,851 
08/04/2025;abr;8;ter;12;DIURNO;33024;04:50:00;4,83;00:56:00;0,93;00:15:00;0,25; 25,00 ;25,00;12.690;12,69;1;2,626; 0,508 
08/04/2025;abr;8;ter;15;DIURNO;32048;07:25:00;7,42;02:04:00;2,07;00:31:00;0,52; 29,00 ;29,00;22.920;22,92;3;3,090; 0,790 
08/04/2025;abr;8;ter;17;DIURNO;33049;11:00:00;11,00;00:45:00;0,75;00:40:00;0,67; 53,00 ;22,00;26.650;26,65;3;2,423; 0,503 
08/04/2025;abr;8;ter;19;DIURNO;32051;08:40:00;8,67;01:57:00;1,95;00:35:00;0,58; 51,00 ;61,00;16.560;16,56;3;1,911; 0,325 
08/04/2025;abr;8;ter;1;NOTURNO;32048;06:50:00;6,83;01:37:00;1,62;00:27:00;0,45; 36,00 ;48,00;17.590;17,59;3;2,574; 0,489 
08/04/2025;abr;8;ter;2;NOTURNO;33024;05:35:00;5,58;01:15:00;1,25;00:15:00;0,25; 40,00 ;34,00;14.730;14,73;2;2,638; 0,368 
08/04/2025;abr;8;ter;6;NOTURNO;32051;06:04:00;6,07;01:12:00;1,20;00:23:00;0,38; 39,00 ;38,00;15.380;15,38;2;2,535; 0,394 
08/04/2025;abr;8;ter;11;NOTURNO;31912;08:16:00;8,27;00:51:00;0,85;00:24:00;0,40; 29,00 ;31,00;17.600;17,60;2;2,129; 0,607 
08/04/2025;abr;8;ter;21;NOTURNO;33049;05:43:00;5,72;00:23:00;0,38;00:16:00;0,27; 45,00 ;13,00;10.350;10,35;1;1,810; 0,230 
09/04/2025;abr;9;qua;9;DIURNO;33024;06:25:00;6,42;01:01:00;1,02;00:14:00;0,23; 32,00 ;18,00;12.350;12,35;1;1,925; 0,386 
09/04/2025;abr;9;qua;13;DIURNO;32049;05:15:00;5,25;01:27:00;1,45;00:19:00;0,32; 40,00 ;28,00;9.530;9,53;1;1,815; 0,238 
09/04/2025;abr;9;qua;14;DIURNO;32048;04:30:00;4,50;01:35:00;1,58;00:10:00;0,17; 36,00 ;52,00;8.280;8,28;1;1,840; 0,230 
09/04/2025;abr;9;qua;16;DIURNO;31912;06:22:00;6,37;01:33:00;1,55;00:25:00;0,42; 31,00 ;35,00;16.030;16,03;2;2,518; 0,517 
09/04/2025;abr;9;qua;18;DIURNO;32051;05:53:00;5,88;01:46:00;1,77;00:14:00;0,23; 57,00 ;51,00;8.100;8,10;1;1,377; 0,142 
09/04/2025;abr;9;qua;20;DIURNO;33049;05:45:00;5,75;02:00:00;2,00;00:45:00;0,75; 41,00 ;54,00;12.140;12,14;2;2,111; 0,296 
09/04/2025;abr;9;qua;20;DIURNO;33048;01:19:00;1,32;01:28:00;1,47;00:11:00;0,18; 42,00 ;35,00;4.760;4,76;1;3,615; 0,113 
09/04/2025;abr;9;qua;3;NOTURNO;32048;03:21:00;3,35;04:00:00;4,00;00:40:00;0,67; 43,00 ;24,00;14.090;14,09;2;4,206; 0,328 
09/04/2025;abr;9;qua;4;NOTURNO;33024;05:43:00;5,72;00:42:00;0,70;00:10:00;0,17; 46,00 ;17,00;9.360;9,36;1;1,637; 0,203 
09/04/2025;abr;9;qua;5;NOTURNO;33048;05:06:00;5,10;00:44:00;0,73;00:15:00;0,25; 33,00 ;21,00;10.170;10,17;1;1,994; 0,308 
09/04/2025;abr;9;qua;7;NOTURNO;31912;05:22:00;5,37;00:54:00;0,90;00:11:00;0,18; 35,00 ;11,00;11.430;11,43;1;2,130; 0,327 
09/04/2025;abr;9;qua;21;NOTURNO;33049;06:13:00;6,22;00:40:00;0,67;00:13:00;0,22; 48,00 ;14,00;10.140;10,14;1;1,631; 0,211 
10/04/2025;abr;10;qui;8;DIURNO;31912;05:50:00;5,83;01:01:00;1,02;00:10:00;0,17; 34,00 ;24,00;12.160;12,16;1;2,085; 0,358 
10/04/2025;abr;10;qui;10;DIURNO;33048;05:25:00;5,42;00:46:00;0,77;00:09:00;0,15; 37,00 ;17,00;13.020;13,02;1;2,404; 0,352 
10/04/2025;abr;10;qui;12;DIURNO;32049;06:07:00;6,12;01:28:00;1,47;00:31:00;0,52; 38,00 ;50,00;13.060;13,06;2;2,135; 0,344 
10/04/2025;abr;10;qui;22;0;32050;05:53:00;5,88;02:00:00;2,00;00:19:00;0,32; 63,00 ;33,00;6.240;6,24;2;1,061; 0,099 
10/04/2025;abr;10;qui;15;DIURNO;32048;05:45:00;5,75;01:20:00;1,33;00:15:00;0,25; 39,00 ;19,00;12.810;12,81;2;2,228; 0,328 
10/04/2025;abr;10;qui;17;DIURNO;33049;08:00:00;8,00;00:45:00;0,75;00:25:00;0,42; 58,00 ;10,00;15.890;15,89;2;1,986; 0,274 
10/04/2025;abr;10;qui;19;DIURNO;33024;06:39:00;6,65;00:36:00;0,60;00:19:00;0,32; 48,00 ;19,00;9.740;9,74;1;1,465; 0,203 
10/04/2025;abr;10;qui;1;NOTURNO;32048;05:54:00;5,90;00:59:00;0,98;00:17:00;0,28; 36,00 ;30,00;13.270;13,27;2;2,249; 0,369 
10/04/2025;abr;10;qui;2;NOTURNO;33024;05:00:00;5,00;00:30:00;0,50;00:10:00;0,17; 39,00 ;17,00;10.030;10,03;1;2,006; 0,257 
10/04/2025;abr;10;qui;6;NOTURNO;33048;05:56:00;5,93;00:45:00;0,75;00:11:00;0,18; 41,00 ;18,00;10.620;10,62;1;1,790; 0,259 
10/04/2025;abr;10;qui;11;NOTURNO;31912;05:25:00;5,42;00:30:00;0,50;00:07:00;0,12; 38,00 ;12,00;10.280;10,28;1;1,898; 0,271 
10/04/2025;abr;10;qui;21;NOTURNO;33049;06:21:00;6,35;00:35:00;0,58;00:12:00;0,20; 46,00 ;13,00;10.280;10,28;1;1,619; 0,223 
11/04/2025;abr;11;sex;9;DIURNO;33048;05:20:00;5,33;00:37:00;0,62;00:28:00;0,47; 32,00 ;12,00;12.600;12,60;1;2,363; 0,394 
11/04/2025;abr;11;sex;13;DIURNO;32049;05:24:00;5,40;01:56:00;1,93;00:23:00;0,38; 39,00 ;58,00;12.070;12,07;2;2,235; 0,309 
11/04/2025;abr;11;sex;14;DIURNO;32048;04:50:00;4,83;00:52:00;0,87;00:20:00;0,33; 37,00 ;38,00;9.270;9,27;1;1,918; 0,251 
11/04/2025;abr;11;sex;16;DIURNO;31912;05:48:00;5,80;01:54:00;1,90;00:29:00;0,48; 29,00 ;53,00;13.970;13,97;2;2,409; 0,482 
11/04/2025;abr;11;sex;18;DIURNO;33024;07:22:00;7,37;01:08:00;1,13;00:11:00;0,18; 60,00 ;49,00;9.570;9,57;1;1,299; 0,160 
11/04/2025;abr;11;sex;18;DIURNO;32051;02:15:00;2,25;00:35:00;0,58;00:15:00;0,25; 23,00 ;14,00;1.470;1,47;1;0,653; 0,064 
11/04/2025;abr;11;sex;20;DIURNO;33049;05:55:00;5,92;01:58:00;1,97;00:22:00;0,37; 41,00 ;54,00;13.910;13,91;2;2,351; 0,339 
11/04/2025;abr;11;sex;3;NOTURNO;32048;06:24:00;6,40;00:48:00;0,80;00:21:00;0,35; 43,00 ;24,00;14.530;14,53;2;2,270; 0,338 
11/04/2025;abr;11;sex;4;NOTURNO;33024;05:30:00;5,50;00:25:00;0,42;00:05:00;0,08; 46,00 ;13,00;10.080;10,08;1;1,833; 0,219 
11/04/2025;abr;11;sex;5;NOTURNO;33048;05:05:00;5,08;00:50:00;0,83;00:24:00;0,40; 33,00 ;21,00;11.530;11,53;1;2,268; 0,349 
11/04/2025;abr;11;sex;7;NOTURNO;31912;05:46:00;5,77;01:37:00;1,62;00:23:00;0,38; 35,00 ;43,00;13.040;13,04;2;2,261; 0,373 
11/04/2025;abr;11;sex;21;NOTURNO;33049;03:55:00;3,92;04:06:00;4,10;00:19:00;0,32; 45,00 ;30,00;12.220;12,22;2;3,120; 0,272 
12/04/2025;abr;12;sáb;8;DIURNO;31912;07:42:00;7,70;01:29:00;1,48;00:25:00;0,42; 34,00 ;44,00;14.420;14,42;2;1,873; 0,424 
12/04/2025;abr;12;sáb;10;DIURNO;33048;05:03:00;5,05;00:57:00;0,95;00:30:00;0,50; 42,00 ;26,00;13.230;13,23;2;2,620; 0,315 
12/04/2025;abr;12;sáb;12;DIURNO;32049;05:45:00;5,75;01:45:00;1,75;00:25:00;0,42; 35,00 ;51,00;14.170;14,17;2;2,464; 0,405 
12/04/2025;abr;12;sáb;15;DIURNO;32048;06:22:00;6,37;01:21:00;1,35;00:21:00;0,35; 38,00 ;20,00;15.340;15,34;2;2,409; 0,404 
12/04/2025;abr;12;sáb;17;DIURNO;33049;04:55:00;4,92;02:10:00;2,17;00:30:00;0,50; 51,00 ;11,00;17.130;17,13;2;3,484; 0,336 
12/04/2025;abr;12;sáb;19;DIURNO;33024;07:18:00;7,30;00:33:00;0,55;00:12:00;0,20; 50,00 ;19,00;12.350;12,35;1;1,692; 0,247 
12/04/2025;abr;12;sáb;1;NOTURNO;32048;05:53:00;5,88;00:51:00;0,85;00:18:00;0,30; 35,00 ;30,00;13.470;13,47;2;2,290; 0,385 
12/04/2025;abr;12;sáb;2;NOTURNO;33024;05:02:00;5,03;00:35:00;0,58;00:06:00;0,10; 41,00 ;7,00;9.870;9,87;1;1,961; 0,241 
12/04/2025;abr;12;sáb;6;NOTURNO;33048;06:02:00;6,03;00:37:00;0,62;00:13:00;0,22; 44,00 ;17,00;11.520;11,52;1;1,909; 0,262 
12/04/2025;abr;12;sáb;11;NOTURNO;32051;05:34:00;5,57;00:40:00;0,67;00:21:00;0,35; 38,00 ;21,00;11.480;11,48;2;2,062; 0,302 
12/04/2025;abr;12;sáb;21;NOTURNO;33049;05:48:00;5,80;00:36:00;0,60;00:08:00;0,13; 45,00 ;15,00;8.770;8,77;1;1,512; 0,195 
14/04/2025;abr;14;seg;9;DIURNO;33048;07:10:00;7,17;01:36:00;1,60;00:14:00;0,23; 33,00 ;40,00;20.930;20,93;2;2,920; 0,634 
14/04/2025;abr;14;seg;13;DIURNO;3049;06:32:00;6,53;01:47:00;1,78;00:31:00;0,52; 38,00 ;58,00;16.370;16,37;2;2,506; 0,431 
14/04/2025;abr;14;seg;13;DIURNO;32051;05:08:00;5,13;00:32:00;0,53;00:10:00;0,17; 24,00 ;10,00;3.230;3,23;1;0,629; 0,135 
14/04/2025;abr;14;seg;14;DIURNO;32048;06:10:00;6,17;03:45:00;3,75;00:30:00;0,50; 41,00 ;71,00;15.380;15,38;2;2,494; 0,375 
14/04/2025;abr;14;seg;16;DIURNO;31912;08:07:00;8,12;01:57:00;1,95;00:25:00;0,42; 33,00 ;55,00;19.720;19,72;2;2,430; 0,598 
14/04/2025;abr;14;seg;18;DIURNO;33024;06:24:00;6,40;01:03:00;1,05;00:21:00;0,35; 65,00 ;43,00;12.240;12,24;1;1,913; 0,188 
14/04/2025;abr;14;seg;20;DIURNO;33049;06:30:00;6,50;01:50:00;1,83;00:25:00;0,42; 42,00 ;51,00;16.980;16,98;2;2,612; 0,404 
14/04/2025;abr;14;seg;3;NOTURNO;31912;03:29:00;3,48;00:28:00;0,47;00:13:00;0,22; 21,00 ;15,00;10.270;10,27;1;2,948; 0,489 
14/04/2025;abr;14;seg;3;NOTURNO;32048;02:51:00;2,85;00:28:00;0,47;00:11:00;0,18; 12,00 ;21,00;7.970;7,97;1;2,796; 0,664 
14/04/2025;abr;14;seg;4;NOTURNO;33024;05:16:00;5,27;01:13:00;1,22;00:41:00;0,68; 47,00 ;31,00;14.180;14,18;2;2,692; 0,302 
14/04/2025;abr;14;seg;5;NOTURNO;33048;05:48:00;5,80;01:16:00;1,27;00:23:00;0,38; 36,00 ;37,00;15.050;15,05;2;2,595; 0,418 
14/04/2025;abr;14;seg;7;NOTURNO;32051;07:07:00;7,12;01:33:00;1,55;00:23:00;0,38; 35,00 ;43,00;16.640;16,64;2;2,338; 0,475 
14/04/2025;abr;14;seg;21;NOTURNO;33049;07:50:00;7,83;01:10:00;1,17;00:15:00;0,25; 47,00 ;28,00;18.060;18,06;2;2,306; 0,384 
15/04/2025;abr;15;ter;8;DIURNO;31912;08:35:00;8,58;01:24:00;1,40;00:26:00;0,43; 38,00 ;43,00;18.480;18,48;2;2,153; 0,486 
15/04/2025;abr;15;ter;10;DIURNO;33048;07:36:00;7,60;00:49:00;0,82;00:40:00;0,67; 37,00 ;28,00;21.220;21,22;2;2,792; 0,574 
15/04/2025;abr;15;ter;12;DIURNO;32051;07:36:00;7,60;03:02:00;3,03;00:41:00;0,68; 35,00 ;83,00;21.520;21,52;3;2,832; 0,615 
15/04/2025;abr;15;ter;15;DIURNO;32048;06:52:00;6,87;01:48:00;1,80;00:40:00;0,67; 44,00 ;28,00;21.700;21,70;3;3,160; 0,493 
15/04/2025;abr;15;ter;17;DIURNO;33049;10:00:00;10,00;00:45:00;0,75;00:40:00;0,67; 57,00 ;18,00;26.770;26,77;3;2,677; 0,470 
15/04/2025;abr;15;ter;19;DIURNO;33024;07:52:00;7,87;01:06:00;1,10;00:21:00;0,35; 49,00 ;36,00;17.650;17,65;2;2,244; 0,360 
15/04/2025;abr;15;ter;1;NOTURNO;32048;06:33:00;6,55;01:30:00;1,50;00:26:00;0,43; 36,00 ;48,00;18.160;18,16;3;2,773; 0,504 
15/04/2025;abr;15;ter;2;NOTURNO;33024;06:40:00;6,67;01:29:00;1,48;00:16:00;0,27; 40,00 ;32,00;15.820;15,82;2;2,373; 0,396 
15/04/2025;abr;15;ter;6;NOTURNO;33048;06:20:00;6,33;01:12:00;1,20;00:12:00;0,20; 41,00 ;37,00;15.740;15,74;2;2,485; 0,384 
15/04/2025;abr;15;ter;11;NOTURNO;32050;06:42:00;6,70;00:42:00;0,70;00:17:00;0,28; 38,00 ;22,00;17.590;17,59;2;2,625; 0,463 
15/04/2025;abr;15;ter;21;NOTURNO;31912;06:21:00;6,35;00:40:00;0,67;00:13:00;0,22; 43,00 ;16,00;9.880;9,88;1;1,556; 0,230 
16/04/2025;abr;16;qua;9;DIURNO;33048;04:20:00;4,33;00:25:00;0,42;00:10:00;0,17; 32,00 ;18,00;11.330;11,33;1;2,615; 0,354 
16/04/2025;abr;16;qua;13;DIURNO;32051;05:25:00;5,42;01:17:00;1,28;00:13:00;0,22; 40,00 ;15,00;9.880;9,88;1;1,824; 0,247 
16/04/2025;abr;16;qua;14;DIURNO;32048;04:30:00;4,50;01:05:00;1,08;00:15:00;0,25; 37,00 ;40,00;8.500;8,50;1;1,889; 0,230 
16/04/2025;abr;16;qua;16;DIURNO;31912;05:20:00;5,33;00:57:00;0,95;00:19:00;0,32; 32,00 ;25,00;11.130;11,13;1;2,087; 0,348 
16/04/2025;abr;16;qua;18;DIURNO;33024;05:58:00;5,97;01:03:00;1,05;00:29:00;0,48; 63,00 ;43,00;8.920;8,92;1;1,495; 0,142 
16/04/2025;abr;16;qua;18;DIURNO;33048;02:00:00;2,00;01:20:00;1,33;00:10:00;0,17; 14,00 ;34,00;3.710;3,71;1;1,855; 0,265 
16/04/2025;abr;16;qua;20;DIURNO;33049;03:40:00;3,67;01:10:00;1,17;00:10:00;0,17; 24,00 ;35,00;7.650;7,65;1;2,086; 0,319 
16/04/2025;abr;16;qua;20;DIURNO;32051;03:30:00;3,50;01:40:00;1,67;00:15:00;0,25; 15,00 ;29,00;4.650;4,65;1;1,329; 0,310 
16/04/2025;abr;16;qua;3;NOTURNO;32048;06:13:00;6,22;01:05:00;1,08;00:19:00;0,32; 44,00 ;23,00;14.270;14,27;2;2,295; 0,324 
16/04/2025;abr;16;qua;4;NOTURNO;33024;05:59:00;5,98;00:40:00;0,67;00:11:00;0,18; 48,00 ;16,00;9.690;9,69;1;1,619; 0,202 
16/04/2025;abr;16;qua;5;NOTURNO;33048;05:20:00;5,33;00:36:00;0,60;00:11:00;0,18; 32,00 ;23,00;10.490;10,49;1;1,967; 0,328 
16/04/2025;abr;16;qua;7;NOTURNO;31912;06:28:00;6,47;00:44:00;0,73;00:13:00;0,22; 36,00 ;19,00;11.860;11,86;1;1,834; 0,329 
16/04/2025;abr;16;qua;21;NOTURNO;33049;06:06:00;6,10;00:30:00;0,50;00:11:00;0,18; 47,00 ;13,00;9.780;9,78;1;1,603; 0,208 
17/04/2025;abr;17;qui;8;DIURNO;31912;05:45:00;5,75;00:41:00;0,68;00:21:00;0,35; 34,00 ;22,00;11.540;11,54;1;2,007; 0,339 
17/04/2025;abr;17;qui;10;DIURNO;33048;05:00:00;5,00;00:23:00;0,38;00:12:00;0,20; 37,00 ;16,00;11.410;11,41;1;2,282; 0,308 
17/04/2025;abr;17;qui;12;DIURNO;32050;05:04:00;5,07;01:46:00;1,77;00:20:00;0,33; 33,00 ;53,00;12.600;12,60;2;2,487; 0,382 
17/04/2025;abr;17;qui;15;DIURNO;32048;04:45:00;4,75;00:35:00;0,58;00:10:00;0,17; 29,00 ;11,00;8.540;8,54;1;1,798; 0,294 
17/04/2025;abr;17;qui;15;DIURNO;32051;02:25:00;2,42;00:35:00;0,58;00:10:00;0,17; 13,00 ;7,00;4.450;4,45;1;1,841; 0,342 
17/04/2025;abr;17;qui;17;DIURNO;33049;06:55:00;6,92;00:45:00;0,75;00:25:00;0,42; 53,00 ;15,00;8.118;8,12;2;1,174; 0,153 
17/04/2025;abr;17;qui;19;DIURNO;33024;05:16:00;5,27;00:39:00;0,65;00:11:00;0,18; 52,00 ;17,00;9.760;9,76;1;1,853; 0,188 
17/04/2025;abr;17;qui;1;NOTURNO;32048;06:41:00;6,68;01:16:00;1,27;00:20:00;0,33; 36,00 ;30,00;13.770;13,77;2;2,060; 0,383 
17/04/2025;abr;17;qui;2;NOTURNO;33024;05:36:00;5,60;00:37:00;0,62;00:15:00;0,25; 40,00 ;17,00;10.660;10,66;1;1,904; 0,267 
17/04/2025;abr;17;qui;6;NOTURNO;33048;06:12:00;6,20;00:44:00;0,73;00:14:00;0,23; 41,00 ;18,00;11.950;11,95;1;1,927; 0,291 
17/04/2025;abr;17;qui;11;NOTURNO;31912;06:04:00;6,07;00:35:00;0,58;00:11:00;0,18; 38,00 ;12,00;12.160;12,16;1;2,004; 0,320 
17/04/2025;abr;17;qui;21;NOTURNO;33049;04:18:00;4,30;00:32:00;0,53;00:15:00;0,25; 20,00 ;19,00;6.760;6,76;1;1,572; 0,338 
17/04/2025;abr;17;qui;21;NOTURNO;32051;02:55:00;2,92;00:35:00;0,58;00:09:00;0,15; 21,00 ;15,00;5.950;5,95;1;2,040; 0,283 
19/04/2025;abr;19;sáb;8;DIURNO;31912;08:00:00;8,00;01:12:00;1,20;00:25:00;0,42; 36,00 ;42,00;14.950;14,95;2;1,869; 0,415 
19/04/2025;abr;19;sáb;10;DIURNO;33048;05:14:00;5,23;01:06:00;1,10;00:20:00;0,33; 36,00 ;29,00;13.590;13,59;2;2,597; 0,378 
19/04/2025;abr;19;sáb;12;DIURNO;32049;06:29:00;6,48;01:42:00;1,70;00:33:00;0,55; 38,00 ;52,00;15.660;15,66;2;2,415; 0,412 
19/04/2025;abr;19;sáb;15;DIURNO;32048;06:05:00;6,08;01:20:00;1,33;00:20:00;0,33; 41,00 ;18,00;13.550;13,55;2;2,227; 0,330 
19/04/2025;abr;19;sáb;17;DIURNO;33049;06:35:00;6,58;00:35:00;0,58;00:25:00;0,42; 50,00 ;12,00;16.780;16,78;2;2,549; 0,336 
19/04/2025;abr;19;sáb;19;DIURNO;33024;07:21:00;7,35;01:24:00;1,40;00:24:00;0,40; 47,00 ;42,00;13.150;13,15;2;1,789; 0,280 
19/04/2025;abr;19;sáb;1;NOTURNO;32048;05:47:00;5,78;00:47:00;0,78;00:19:00;0,32; 35,00 ;30,00;12.350;12,35;2;2,135; 0,353 
19/04/2025;abr;19;sáb;2;NOTURNO;32050;04:28:00;4,47;00:44:00;0,73;00:03:00;0,05; 27,00 ;26,00;7.700;7,70;1;1,724; 0,285 
19/04/2025;abr;19;sáb;6;NOTURNO;33048;05:31:00;5,52;00:44:00;0,73;00:13:00;0,22; 41,00 ;19,00;11.140;11,14;1;2,019; 0,272 
19/04/2025;abr;19;sáb;11;NOTURNO;32049;04:49:00;4,82;02:28:00;2,47;00:26:00;0,43; 35,00 ;44,00;13.230;13,23;2;2,747; 0,378 
19/04/2025;abr;19;sáb;21;NOTURNO;33049;06:51:00;6,85;00:29:00;0,48;00:20:00;0,33; 42,00 ;18,00;12.240;12,24;1;1,787; 0,291 
21/04/2025;abr;21;seg;9;DIURNO;33048;09:15:00;9,25;01:29:00;1,48;00:41:00;0,68; 34,00 ;62,00;30.100;30,10;3;3,254; 0,885 
21/04/2025;abr;21;seg;13;DIURNO;3049;08:01:00;8,02;02:26:00;2,43;00:38:00;0,63; 30,00 ;91,00;24.080;24,08;3;3,004; 0,803 
21/04/2025;abr;21;seg;14;DIURNO;32048;06:28:00;6,47;01:50:00;1,83;00:21:00;0,35; 28,00 ;66,00;19.550;19,55;2;3,023; 0,698 
21/04/2025;abr;21;seg;16;DIURNO;31912;11:09:00;11,15;02:46:00;2,77;00:40:00;0,67; 40,00 ;80,00;30.480;30,48;3;2,734; 0,762 
21/04/2025;abr;21;seg;18;DIURNO;33024;08:09:00;8,15;02:03:00;2,05;00:21:00;0,35; 57,00 ;108,00;17.800;17,80;2;2,184; 0,312 
21/04/2025;abr;21;seg;20;DIURNO;33049;07:55:00;7,92;02:35:00;2,58;00:30:00;0,50; 41,00 ;92,00;22.730;22,73;3;2,871; 0,554 
21/04/2025;abr;21;seg;3;NOTURNO;32050;07:26:00;7,43;01:10:00;1,17;00:33:00;0,55; 42,00 ;39,00;24.330;24,33;3;3,273; 0,579 
21/04/2025;abr;21;seg;4;NOTURNO;33024;05:12:00;5,20;00:50:00;0,83;00:01:00;0,02; 29,00 ;14,00;11.880;11,88;1;2,285; 0,410 
21/04/2025;abr;21;seg;4;NOTURNO;31912;03:03:00;3,05;00:35:00;0,58;00:02:00;0,03; 17,00 ;16,00;8.370;8,37;1;2,744; 0,492 
21/04/2025;abr;21;seg;5;NOTURNO;33048;11:57:00;11,95;00:30:00;0,50;00:25:00;0,42; 20,00 ;16,00;8.850;8,85;1;0,741; 0,443 
21/04/2025;abr;21;seg;7;NOTURNO;33049;06:50:00;6,83;01:35:00;1,58;00:40:00;0,67; 34,00 ;43,00;23.700;23,70;2;3,468; 0,697 
21/04/2025;abr;21;seg;21;NOTURNO;32049;05:30:00;5,50;00:21:00;1063344,35;00:15:00;0,25; 45,00 ;13,00;10.100;10,10;1;1,836; 0,224 
22/04/2025;abr;22;ter;8;DIURNO;31912;09:44:00;9,73;01:46:00;1,77;00:28:00;0,47; 38,00 ;45,00;19.260;19,26;2;1,979; 0,507 
22/04/2025;abr;22;ter;10;DIURNO;33048;08:25:00;8,42;01:30:00;1,50;00:25:00;0,42; 39,00 ;29,00;21.070;21,07;2;2,503; 0,540 
22/04/2025;abr;22;ter;12;DIURNO;32049;08:33:00;8,55;02:40:00;2,67;00:45:00;0,75; 35,00 ;82,00;22.460;22,46;3;2,627; 0,642 
22/04/2025;abr;22;ter;15;DIURNO;32051;08:00:00;8,00;01:20:00;1,33;01:05:00;1,08; 37,00 ;34,00;24.000;24,00;3;3,000; 0,649 
22/04/2025;abr;22;ter;17;DIURNO;33049;10:30:00;10,50;01:27:00;1,45;00:58:00;0,97; 53,00 ;21,00;27.320;27,32;3;2,602; 0,515 
22/04/2025;abr;22;ter;19;DIURNO;32050;08:59:00;8,98;01:55:00;1,92;00:37:00;0,62; 62,00 ;43,00;17.340;17,34;3;1,930; 0,280 
22/04/2025;abr;22;ter;1;NOTURNO;32051;05:50:00;5,83;01:31:00;1,52;00:31:00;0,52; 35,00 ;49,00;16.890;16,89;3;2,895; 0,483 
22/04/2025;abr;22;ter;2;NOTURNO;31912;07:09:00;7,15;00:54:00;0,90;00:17:00;0,28; 41,00 ;34,00;14.360;14,36;2;2,008; 0,350 
22/04/2025;abr;22;ter;11;NOTURNO;32050;06:09:00;6,15;00:45:00;0,75;00:23:00;0,38; 39,00 ;21,00;16.420;16,42;2;2,670; 0,421 
22/04/2025;abr;22;ter;6;NOTURNO;33048;08:26:00;8,43;01:13:00;1,22;00:20:00;0,33; 72,00 ;38,00;19.600;19,60;2;2,324; 0,272 
22/04/2025;abr;22;ter;21;NOTURNO;32049;03:05:00;3,08;00:25:00;0,42;00:15:00;0,25; 18,00 ;14,00;6.960;6,96;1;2,257; 0,387 
22/04/2025;abr;22;ter;21;NOTURNO;33049;01:14:00;1,23;00:37:00;0,62;00:12:00;0,20; 10,00 ;17,00;3.230;3,23;1;2,619; 0,323 
23/04/2025;abr;23;qua;9;DIURNO;33048;04:55:00;4,92;01:25:00;1,42;00:20:00;0,33; 31,00 ;41,00;16.290;16,29;2;3,313; 0,525 
23/04/2025;abr;23;qua;13;DIURNO;3209;05:28:00;5,47;01:45:00;1,75;00:39:00;0,65; 40,00 ;56,00;13.590;13,59;2;2,486; 0,340 
23/04/2025;abr;23;qua;14;DIURNO;32050;05:25:00;5,42;01:40:00;1,67;00:30:00;0,50; 38,00 ;63,00;11.570;11,57;2;2,136; 0,304 
23/04/2025;abr;23;qua;16;DIURNO;31912;04:58:00;4,97;00:43:00;0,72;00:14:00;0,23; 20,00 ;29,00;8.410;8,41;1;1,693; 0,421 
23/04/2025;abr;23;qua;16;DIURNO;33024;02:50:00;2,83;00:44:00;0,73;00:14:00;0,23; 14,00 ;29,00;6.600;6,60;1;2,329; 0,471 
23/04/2025;abr;23;qua;18;DIURNO;32051;06:24:00;6,40;02:23:00;2,38;00:15:00;0,25; 59,00 ;101,00;11.500;11,50;2;1,797; 0,195 
23/04/2025;abr;23;qua;20;DIURNO;33049;06:02:00;6,03;01:43:00;1,72;00:20:00;0,33; 42,00 ;51,00;16.010;16,01;2;2,654; 0,381 
23/04/2025;abr;23;qua;3;NOTURNO;32050;07:16:00;7,27;01:08:00;1,13;00:36:00;0,60; 45,00 ;37,00;19.510;19,51;3;2,685; 0,434 
23/04/2025;abr;23;qua;4;NOTURNO;33024;06:28:00;6,47;00:37:00;0,62;00:13:00;0,22; 47,00 ;17,00;11.930;11,93;1;1,845; 0,254 
23/04/2025;abr;23;qua;5;NOTURNO;33048;05:28:00;5,47;00:47:00;0,78;00:15:00;0,25; 33,00 ;22,00;11.670;11,67;1;2,135; 0,354 
23/04/2025;abr;23;qua;7;NOTURNO;32051;05:40:00;5,67;01:38:00;1,63;00:15:00;0,25; 37,00 ;43,00;14.570;14,57;2;2,571; 0,394 
23/04/2025;abr;23;qua;21;NOTURNO;33049;06:19:00;6,32;00:27:00;0,45;00:15:00;0,25; 46,00 ;13,00;10.010;10,01;1;1,585; 0,218 
24/04/2025;abr;24;qui;8;DIURNO;31912;05:57:00;5,95;01:08:00;1,13;00:24:00;0,40; 34,00 ;24,00;11.720;11,72;1;1,970; 0,345 
24/04/2025;abr;24;qui;10;DIURNO;33048;05:13:00;5,22;00:37:00;0,62;00:15:00;0,25; 38,00 ;16,00;11.990;11,99;1;2,298; 0,316 
24/04/2025;abr;24;qui;12;DIURNO;32049;05:06:00;5,10;01:48:00;1,80;00:24:00;0,40; 34,00 ;52,00;13.050;13,05;2;2,559; 0,384 
24/04/2025;abr;24;qui;22;0;32050;04:20:00;4,33;01:50:00;1,83;00:25:00;0,42; 25,00 ;29,00;6.720;6,72;2;1,551; 0,269 
24/04/2025;abr;24;qui;15;DIURNO;32051;05:10:00;5,17;01:00:00;1,00;00:20:00;0,33; 35,00 ;20,00;13.160;13,16;2;2,547; 0,376 
24/04/2025;abr;24;qui;17;DIURNO;33049;06:40:00;6,67;01:00:00;1,00;00:20:00;0,33; 53,00 ;13,00;15.620;15,62;2;2,343; 0,295 
24/04/2025;abr;24;qui;19;DIURNO;33024;05:32:00;5,53;00:35:00;0,58;00:17:00;0,28; 53,00 ;17,00;9.590;9,59;1;1,733; 0,181 
24/04/2025;abr;24;qui;1;NOTURNO;32049;06:10:00;6,17;00:59:00;0,98;00:23:00;0,38; 35,00 ;30,00;13.200;13,20;2;2,141; 0,377 
24/04/2025;abr;24;qui;2;NOTURNO;33024;05:12:00;5,20;00:50:00;0,83;00:01:00;0,02; 40,00 ;16,00;10.700;10,70;1;2,058; 0,268 
24/04/2025;abr;24;qui;6;NOTURNO;33048;05:51:00;5,85;00:39:00;0,65;00:30:00;0,50; 41,00 ;18,00;11.180;11,18;1;1,911; 0,273 
24/04/2025;abr;24;qui;11;NOTURNO;32051;06:15:00;6,25;00:48:00;0,80;00:17:00;0,28; 39,00 ;22,00;12.050;12,05;2;1,928; 0,309 
24/04/2025;abr;24;qui;21;NOTURNO;31912;06:20:00;6,33;00:40:00;0,67;00:22:00;0,37; 46,00 ;14,00;9.880;9,88;1;1,560; 0,215 
25/04/2025;abr;25;sex;9;DIURNO;33048;05:17:00;5,28;00:43:00;0,72;00:15:00;0,25; 32,00 ;19,00;13.190;13,19;1;2,497; 0,412 
25/04/2025;abr;25;sex;13;DIURNO;32049;05:10:00;5,17;01:55:00;1,92;00:32:00;0,53; 40,00 ;50,00;10.950;10,95;2;2,119; 0,274 
25/04/2025;abr;25;sex;14;DIURNO;32050;04:25:00;4,42;01:10:00;1,17;00:10:00;0,17; 36,00 ;33,00;9.400;9,40;1;2,128; 0,261 
25/04/2025;abr;25;sex;16;DIURNO;31912;06:09:00;6,15;01:35:00;1,58;00:23:00;0,38; 33,00 ;51,00;12.710;12,71;2;2,067; 0,385 
25/04/2025;abr;25;sex;18;DIURNO;33024;05:42:00;5,70;01:37:00;1,62;00:16:00;0,27; 59,00 ;49,00;9.660;9,66;1;1,695; 0,164 
25/04/2025;abr;25;sex;20;DIURNO;33049;06:10:00;6,17;00:37:00;0,62;00:18:00;0,30; 41,00 ;14,00;10.010;10,01;1;1,623; 0,244 
25/04/2025;abr;25;sex;20;DIURNO;32048;01:30:00;1,50;01:00:00;1,00;00:15:00;0,25; 14,00 ;27,00;4.020;4,02;1;2,680; 0,287 
25/04/2025;abr;25;sex;9;DIURNO;32051;00:15:00;0,25;00:35:00;0,58;00:15:00;0,25; 5,00 ;5,00;7.120;7,12;1;28,480; 1,424 
25/04/2025;abr;25;sex;13;DIURNO;32051;00:10:00;0,17;00:20:00;0,33;00:10:00;0,17; 38,00 ;10,00;8.520;8,52;1;51,120; 0,224 
25/04/2025;abr;25;sex;14;DIURNO;32051;00:15:00;0,25;00:34:00;0,57;00:15:00;0,25; 1,00 ;10,00;8.440;8,44;1;33,760; 8,440 
25/04/2025;abr;25;sex;16;DIURNO;32051;00:15:00;0,25;00:20:00;0,33;00:10:00;0,17; 33,00 ;10,00;8.270;8,27;1;33,080; 0,251 
25/04/2025;abr;25;sex;18;DIURNO;32051;00:20:00;0,33;00:30:00;0,50;00:15:00;0,25; 70,00 ;10,00;6.730;6,73;1;20,190; 0,096 
25/04/2025;abr;25;sex;20;DIURNO;32051;00:15:00;0,25;00:30:00;0,50;00:10:00;0,17; 42,00 ;11,00;10.840;10,84;1;43,360; 0,258 
25/04/2025;abr;25;sex;3;NOTURNO;32048;06:32:00;6,53;00:53:00;0,88;00:29:00;0,48; 44,00 ;24,00;14.770;14,77;2;2,261; 0,336 
25/04/2025;abr;25;sex;4;NOTURNO;33024;05:55:00;5,92;00:37:00;0,62;00:08:00;0,13; 46,00 ;16,00;10.310;10,31;1;1,743; 0,224 
25/04/2025;abr;25;sex;5;NOTURNO;33048;05:35:00;5,58;01:00:00;1,00;00:14:00;0,23; 33,00 ;22,00;11.820;11,82;1;2,117; 0,358 
25/04/2025;abr;25;sex;7;NOTURNO;32050;05:53:00;5,88;01:35:00;1,58;00:20:00;0,33; 35,00 ;47,00;12.620;12,62;2;2,145; 0,361 
25/04/2025;abr;25;sex;21;NOTURNO;32049;06:24:00;6,40;01:02:00;1,03;00:23:00;0,38; 45,00 ;28,00;11.580;11,58;2;1,809; 0,257 
26/04/2025;abr;26;sáb;8;DIURNO;31912;06:34:00;6,57;01:31:00;1,52;00:23:00;0,38; 50,00 ;47,00;13.820;13,82;2;2,105; 0,276 
26/04/2025;abr;26;sáb;10;DIURNO;32050;06:40:00;6,67;00:30:00;0,50;00:20:00;0,33; 47,00 ;13,00;16.750;16,75;2;2,513; 0,356 
26/04/2025;abr;26;sáb;12;DIURNO;32049;05:27:00;5,45;01:29:00;1,48;00:35:00;0,58; 34,00 ;50,00;14.690;14,69;2;2,695; 0,432 
26/04/2025;abr;26;sáb;12;DIURNO;32051;02:40:00;2,67;02:00:00;2,00;00:20:00;0,33; 35,00 ;76,00;9.010;9,01;2;3,379; 0,257 
26/04/2025;abr;26;sáb;15;DIURNO;32048;04:50:00;4,83;00:45:00;0,75;00:20:00;0,33; 38,00 ;19,00;13.410;13,41;2;2,774; 0,353 
26/04/2025;abr;26;sáb;17;DIURNO;33048;04:55:00;4,92;00:21:00;0,35;00:19:00;0,32; 37,00 ;17,00;12.380;12,38;1;2,518; 0,335 
26/04/2025;abr;26;sáb;19;DIURNO;33024;05:39:00;5,65;00:25:00;0,42;00:11:00;0,18; 49,00 ;21,00;11.180;11,18;1;1,979; 0,228 
26/04/2025;abr;26;sáb;1;NOTURNO;31933;05:59:00;5,98;01:08:00;1,13;00:16:00;0,27; 34,00 ;30,00;13.690;13,69;2;2,288; 0,403 
26/04/2025;abr;26;sáb;2;NOTURNO;33024;05:12:00;5,20;01:12:00;1,20;00:12:00;0,20; 39,00 ;14,00;9.950;9,95;1;1,913; 0,255 
26/04/2025;abr;26;sáb;6;NOTURNO;33048;05:47:00;5,78;00:41:00;0,68;00:11:00;0,18; 32,00 ;28,00;11.970;11,97;1;2,070; 0,374 
26/04/2025;abr;26;sáb;11;NOTURNO;31912;06:11:00;6,18;00:39:00;0,65;00:12:00;0,20; 38,00 ;12,00;11.770;11,77;1;1,904; 0,310 
26/04/2025;abr;26;sáb;21;NOTURNO;32049;06:01:00;6,02;00:48:00;0,80;00:10:00;0,17; 45,00 ;14,00;8.340;8,34;1;1,386; 0,185 
28/04/2025;abr;28;seg;9;DIURNO;33048;07:45:00;7,75;01:24:00;1,40;00:21:00;0,35; 31,00 ;41,00;22.870;22,87;2;2,951; 0,738 
28/04/2025;abr;28;seg;13;DIURNO;32049;06:53:00;6,88;01:45:00;1,75;00:27:00;0,45; 42,00 ;58,00;18.310;18,31;2;2,660; 0,436 
28/04/2025;abr;28;seg;14;DIURNO;31933;06:00:00;6,00;01:50:00;1,83;00:25:00;0,42; 35,00 ;66,00;16.390;16,39;2;2,732; 0,468 
28/04/2025;abr;28;seg;16;DIURNO;32048;07:55:00;7,92;02:08:00;2,13;00:30:00;0,50; 34,00 ;53,00;20.320;20,32;2;2,567; 0,598 
28/04/2025;abr;28;seg;18;DIURNO;32050;07:50:00;7,83;02:39:00;2,65;00:21:00;0,35; 59,00 ;102,00;13.150;13,15;2;1,679; 0,223 
28/04/2025;abr;28;seg;20;DIURNO;33049;07:10:00;7,17;01:35:00;1,58;00:35:00;0,58; 43,00 ;51,00;18.410;18,41;2;2,569; 0,428 
28/04/2025;abr;28;seg;20;DIURNO;32051;00:10:00;0,17;00:30:00;0,50;00:10:00;0,17; 42,00 ;3,00;8.240;8,24;1;49,440; 0,196 
28/04/2025;abr;28;seg;9;DIURNO;32051;00:10:00;0,17;00:15:00;0,25;00:20:00;0,33; 29,00 ;3,00;10.420;10,42;1;62,520; 0,359 
28/04/2025;abr;28;seg;16;DIURNO;32051;00:15:00;0,25;00:15:00;0,25;00:15:00;0,25; 33,00 ;4,00;9.460;9,46;1;37,840; 0,287 
28/04/2025;abr;28;seg;13;DIURNO;32051;00:10:00;0,17;00:10:00;0,17;00:15:00;0,25; 38,00 ;3,00;10.230;10,23;1;61,380; 0,269 
28/04/2025;abr;28;seg;14;DIURNO;32051;00:10:00;0,17;00:10:00;0,17;00:10:00;0,17; 35,00 ;3,00;7.600;7,60;1;45,600; 0,217 
28/04/2025;abr;28;seg;18;DIURNO;32051;00:15:00;0,25;00:15:00;0,25;00:10:00;0,17; 70,00 ;3,00;9.770;9,77;1;39,080; 0,140 
28/04/2025;abr;28;seg;3;NOTURNO;31933;06:24:00;6,40;00:55:00;0,92;00:24:00;0,40; 42,00 ;25,00;19.050;19,05;2;2,977; 0,454 
28/04/2025;abr;28;seg;4;NOTURNO;33024;07:19:00;7,32;01:12:00;1,20;00:14:00;0,23; 45,00 ;32,00;15.170;15,17;2;2,073; 0,337 
28/04/2025;abr;28;seg;5;NOTURNO;33048;06:10:00;6,17;01:23:00;1,38;00:13:00;0,22; 31,00 ;43,00;15.900;15,90;2;2,578; 0,513 
28/04/2025;abr;28;seg;7;NOTURNO;31912;06:39:00;6,65;01:38:00;1,63;00:28:00;0,47; 34,00 ;46,00;17.320;17,32;2;2,605; 0,509 
28/04/2025;abr;28;seg;21;NOTURNO;32049;07:52:00;7,87;00:52:00;0,87;00:28:00;0,47; 44,00 ;28,00;18.040;18,04;2;2,293; 0,410 
28/04/2025;abr;28;seg;21;NOTURNO;32051;01:43:00;1,72;00:20:00;0,33;00:15:00;0,25; 10,00 ;9,00;3.820;3,82;1;2,225; 0,382 
28/04/2025;abr;28;seg;7;NOTURNO;32051;01:07:00;1,12;00:20:00;0,33;00:13:00;0,22; 35,00 ;4,00;4.070;4,07;1;3,645; 0,116 
29/04/2025;abr;29;ter;8;DIURNO;31912;07:33:00;7,55;01:32:00;1,53;00:25:00;0,42; 37,00 ;43,00;18.540;18,54;2;2,456; 0,501 
29/04/2025;abr;29;ter;10;DIURNO;33048;07:00:00;7,00;01:45:00;1,75;00:25:00;0,42; 38,00 ;27,00;21.710;21,71;2;3,101; 0,571 
29/04/2025;abr;29;ter;12;DIURNO;32049;07:03:00;7,05;01:40:00;1,67;00:31:00;0,52; 44,00 ;38,00;22.560;22,56;2;3,200; 0,513 
29/04/2025;abr;29;ter;15;DIURNO;31933;07:20:00;7,33;01:25:00;1,42;00:35:00;0,58; 46,00 ;25,00;24.020;24,02;3;3,275; 0,522 
29/04/2025;abr;29;ter;17;DIURNO;33024;11:15:00;11,25;01:00:00;1,00;00:45:00;0,75; 57,00 ;18,00;28.600;28,60;3;2,542; 0,502 
29/04/2025;abr;29;ter;19;DIURNO;32048;08:39:00;8,65;02:04:00;2,07;00:38:00;0,63; 60,00 ;52,00;19.610;19,61;3;2,267; 0,327 
29/04/2025;abr;29;ter;12;DIURNO;32051;00:15:00;0,25;03:23:00;3,38;00:15:00;0,25; 35,00 ;4,00;1.020;1,02;1;4,080; 0,029 
29/04/2025;abr;29;ter;8;DIURNO;32051;00:20:00;0,33;00:10:00;0,17;00:15:00;0,25; 1,00 ;3,00;12.890;12,89;1;38,670; 12,890 
29/04/2025;abr;29;ter;17;DIURNO;32051;00:15:00;0,25;00:20:00;0,33;00:20:00;0,33; 59,00 ;4,00;7.320;7,32;1;29,280; 0,124 
29/04/2025;abr;29;ter;1;NOTURNO;31933;06:40:00;6,67;01:00:00;1,00;00:29:00;0,48; 34,00 ;28,00;17.890;17,89;2;2,684; 0,526 
29/04/2025;abr;29;ter;2;NOTURNO;32050;07:18:00;7,30;01:12:00;1,20;00:23:00;0,38; 45,00 ;26,00;15.330;15,33;2;2,100; 0,341 
29/04/2025;abr;29;ter;6;NOTURNO;33048;06:34:00;6,57;01:18:00;1,30;00:21:00;0,35; 40,00 ;37,00;16.490;16,49;2;2,511; 0,412 
29/04/2025;abr;29;ter;11;NOTURNO;31912;07:22:00;7,37;00:54:00;0,90;00:23:00;0,38; 39,00 ;22,00;18.300;18,30;2;2,484; 0,469 
29/04/2025;abr;29;ter;21;NOTURNO;32049;06:45:00;6,75;00:59:00;0,98;00:23:00;0,38; 44,00 ;29,00;10.520;10,52;2;1,559; 0,239 
30/04/2025;abr;30;qua;9;DIURNO;33048;04:55:00;4,92;00:40:00;0,67;00:10:00;0,17; 33,00 ;18,00;11.080;11,08;1;2,254; 0,336 
30/04/2025;abr;30;qua;13;DIURNO;32049;04:26:00;4,43;01:00:00;1,00;00:12:00;0,20; 39,00 ;25,00;9.360;9,36;1;2,111; 0,240 
30/04/2025;abr;30;qua;14;DIURNO;31933;04:20:00;4,33;01:00:00;1,00;00:10:00;0,17; 34,00 ;37,00;8.850;8,85;1;2,042; 0,260 
30/04/2025;abr;30;qua;16;DIURNO;31912;05:09:00;5,15;00:47:00;0,78;00:14:00;0,23; 32,00 ;25,00;11.330;11,33;1;2,200; 0,354 
30/04/2025;abr;30;qua;18;DIURNO;32048;04:56:00;4,93;01:16:00;1,27;00:10:00;0,17; 56,00 ;48,00;8.270;8,27;1;1,676; 0,148 
30/04/2025;abr;30;qua;20;DIURNO;33024;05:30:00;5,50;01:35:00;1,58;00:30:00;0,50; 42,00 ;51,00;12.310;12,31;2;2,238; 0,293 
30/04/2025;abr;30;qua;3;NOTURNO;31933;06:44:00;6,73;00:41:00;0,68;00:17:00;0,28; 44,00 ;23,00;14.140;14,14;2;2,100; 0,321 
30/04/2025;abr;30;qua;4;NOTURNO;33024;06:08:00;6,13;00:40:00;0,67;00:06:00;0,10; 48,00 ;16,00;9.790;9,79;1;1,596; 0,204 
30/04/2025;abr;30;qua;5;NOTURNO;33048;05:13:00;5,22;00:38:00;0,63;00:13:00;0,22; 31,00 ;23,00;10.310;10,31;1;1,976; 0,333 
30/04/2025;abr;30;qua;7;NOTURNO;31912;05:00:00;5,00;00:48:00;0,80;00:11:00;0,18; 35,00 ;21,00;11.630;11,63;1;2,326; 0,332 
30/04/2025;abr;30;qua;21;NOTURNO;32049;06:35:00;6,58;00:57:00;0,95;00:20:00;0,33; 45,00 ;27,00;11.390;11,39;2;1,730; 0,253 
30/04/2025;abr;30;qua;21;NOTURNO;32051;01:20:00;1,33;00:40:00;0,67;00:00:00;0,00; 10,00 ;13,00;1.020;1,02;1;0,765; 0,102 
01/05/2025;mai;1;qui;8;DIURNO;31912;03:45:00;3,75;00:54:00;0,90;00:09:00;0,15; 34,00 ;22,00;7.180;7,18;1;1,915; 0,211 
01/05/2025;mai;1;qui;10;DIURNO;33048;03:20:00;3,33;00:40:00;0,67;00:05:00;0,08; 28,00 ;22,00;7.950;7,95;1;2,385; 0,284 
01/05/2025;mai;1;qui;12;DIURNO;32049;03:36:00;3,60;00:41:00;0,68;00:11:00;0,18; 32,00 ;25,00;8.670;8,67;1;2,408; 0,271 
01/05/2025;mai;1;qui;15;DIURNO;31933;03:40:00;3,67;00:25:00;0,42;00:05:00;0,08; 38,00 ;10,00;8.040;8,04;1;2,193; 0,212 
01/05/2025;mai;1;qui;17;DIURNO;33024;04:05:00;4,08;00:15:00;0,25;00:15:00;0,25; 44,00 ;6,00;7.930;7,93;1;1,942; 0,180 
01/05/2025;mai;1;qui;19;DIURNO;32048;05:15:00;5,25;00:34:00;0,57;00:11:00;0,18; 52,00 ;16,00;7.210;7,21;1;1,373; 0,139 
01/05/2025;mai;1;qui;1;NOTURNO;31933;05:07:00;5,12;00:21:00;0,35;00:09:00;0,15; 35,00 ;13,00;8.710;8,71;1;1,702; 0,249 
01/05/2025;mai;1;qui;2;NOTURNO;33024;03:52:00;3,87;00:56:00;0,93;00:01:00;0,02; 40,00 ;14,00;7.250;7,25;1;1,875; 0,181 
01/05/2025;mai;1;qui;6;NOTURNO;33048;04:45:00;4,75;00:47:00;0,78;00:09:00;0,15; 41,00 ;19,00;8.170;8,17;1;1,720; 0,199 
01/05/2025;mai;1;qui;11;NOTURNO;31912;04:03:00;4,05;00:27:00;0,45;00:10:00;0,17; 38,00 ;13,00;7.150;7,15;1;1,765; 0,188 
01/05/2025;mai;1;qui;21;NOTURNO;32049;03:57:00;3,95;01:13:00;1,22;00:07:00;0,12; 45,00 ;16,00;3.650;3,65;1;0,924; 0,081 
02/05/2025;mai;2;sex;9;DIURNO;33048;06:00:00;6,00;01:10:00;1,17;00:20:00;0,33; 32,00 ;38,00;14.100;14,10;2;2,350; 0,441 
02/05/2025;mai;2;sex;13;DIURNO;32049;05:20:00;5,33;01:52:00;1,87;00:28:00;0,47; 40,00 ;56,00;11.790;11,79;2;2,211; 0,295 
02/05/2025;mai;2;sex;14;DIURNO;31933;04:50:00;4,83;00:45:00;0,75;00:25:00;0,42; 33,00 ;38,00;9.590;9,59;1;1,984; 0,291 
02/05/2025;mai;2;sex;16;DIURNO;31912;05:41:00;5,68;01:46:00;1,77;00:24:00;0,40; 32,00 ;54,00;13.440;13,44;2;2,365; 0,420 
02/05/2025;mai;2;sex;18;DIURNO;32048;06:29:00;6,48;02:08:00;2,13;00:24:00;0,40; 57,00 ;86,00;9.320;9,32;2;1,438; 0,164 
02/05/2025;mai;2;sex;18;DIURNO;32051;01:00:00;1,00;00:51:00;0,85;00:09:00;0,15; 3,00 ;12,00;2.600;2,60;1;2,600; 0,867 
02/05/2025;mai;2;sex;20;DIURNO;33024;04:05:00;4,08;04:11:00;4,18;00:04:00;0,07; 32,00 ;20,00;9.100;9,10;1;2,229; 0,284 
02/05/2025;mai;2;sex;20;DIURNO;32050;01:41:00;1,68;01:33:00;1,55;00:28:00;0,47; 16,00 ;72,00;6.750;6,75;2;4,010; 0,422 
02/05/2025;mai;2;sex;3;NOTURNO;31933;05:50:00;5,83;00:57:00;0,95;00:18:00;0,30; 34,00 ;32,00;12.560;12,56;2;2,153; 0,369 
02/05/2025;mai;2;sex;4;NOTURNO;33024;04:45:00;4,75;00:32:00;0,53;00:08:00;0,13; 44,00 ;15,00;9.230;9,23;1;1,943; 0,210 
02/05/2025;mai;2;sex;5;NOTURNO;33048;05:05:00;5,08;00:44:00;0,73;00:10:00;0,17; 31,00 ;23,00;10.790;10,79;1;2,123; 0,348 
02/05/2025;mai;2;sex;7;NOTURNO;31912;05:25:00;5,42;00:47:00;0,78;00:16:00;0,27; 35,00 ;22,00;11.890;11,89;1;2,195; 0,340 
02/05/2025;mai;2;sex;21;NOTURNO;33049;06:30:00;6,50;00:58:00;0,97;00:27:00;0,45; 45,00 ;34,00;13.620;13,62;2;2,095; 0,303 
03/05/2025;mai;3;sáb;8;DIURNO;31912;07:21:00;7,35;01:29:00;1,48;00:27:00;0,45; 34,00 ;44,00;18.460;18,46;2;2,512; 0,543 
03/05/2025;mai;3;sáb;10;DIURNO;33048;05:05:00;5,08;01:05:00;1,08;00:20:00;0,33; 36,00 ;26,00;16.110;16,11;2;3,169; 0,448 
03/05/2025;mai;3;sáb;12;DIURNO;32049;06:43:00;6,72;01:27:00;1,45;00:33:00;0,55; 34,00 ;51,00;19.060;19,06;2;2,838; 0,561 
03/05/2025;mai;3;sáb;15;DIURNO;31933;06:10:00;6,17;01:00:00;1,00;00:20:00;0,33; 40,00 ;17,00;20.160;20,16;2;3,269; 0,504 
03/05/2025;mai;3;sáb;17;DIURNO;33049;08:55:00;8,92;01:15:00;1,25;00:35:00;0,58; 54,00 ;20,00;24.790;24,79;3;2,780; 0,459 
03/05/2025;mai;3;sáb;19;DIURNO;33024;08:07:00;8,12;01:06:00;1,10;00:20:00;0,33; 51,00 ;38,00;14.920;14,92;2;1,838; 0,293 
03/05/2025;mai;3;sáb;1;NOTURNO;31933;06:41:00;6,68;00:50:00;0,83;00:19:00;0,32; 34,00 ;31,00;16.410;16,41;2;2,455; 0,483 
03/05/2025;mai;3;sáb;2;NOTURNO;32048;05:48:00;5,80;00:59:00;0,98;00:13:00;0,22; 38,00 ;32,00;11.370;11,37;2;1,960; 0,299 
03/05/2025;mai;3;sáb;6;NOTURNO;33048;06:40:00;6,67;00:40:00;0,67;00:11:00;0,18; 41,00 ;19,00;12.930;12,93;1;1,940; 0,315 
03/05/2025;mai;3;sáb;11;NOTURNO;32050;05:53:00;5,88;00:48:00;0,80;00:19:00;0,32; 38,00 ;25,00;14.470;14,47;2;2,459; 0,381 
03/05/2025;mai;3;sáb;21;NOTURNO;32049;06:11:00;6,18;00:32:00;0,53;00:11:00;0,18; 45,00 ;13,00;8.670;8,67;1;1,402; 0,193 
05/05/2025;mai;5;seg;9;DIURNO;33048;07:40:00;7,67;01:35:00;1,58;00:20:00;0,33; 32,00 ;40,00;20.920;20,92;2;2,729; 0,654 
05/05/2025;mai;5;seg;13;DIURNO;32049;05:57:00;5,95;01:44:00;1,73;00:26:00;0,43; 39,00 ;58,00;16.550;16,55;2;2,782; 0,424 
05/05/2025;mai;5;seg;14;DIURNO;31933;06:20:00;6,33;02:00:00;2,00;00:35:00;0,58; 37,00 ;63,00;15.980;15,98;2;2,523; 0,432 
05/05/2025;mai;5;seg;16;DIURNO;31912;08:49:00;8,82;01:56:00;1,93;00:28:00;0,47; 34,00 ;49,00;20.940;20,94;2;2,375; 0,616 
05/05/2025;mai;5;seg;18;DIURNO;32048;06:54:00;6,90;02:34:00;2,57;00:23:00;0,38; 56,00 ;107,00;13.530;13,53;2;1,961; 0,242 
05/05/2025;mai;5;seg;20;DIURNO;33049;06:05:00;6,08;01:50:00;1,83;00:25:00;0,42; 42,00 ;51,00;17.260;17,26;2;2,837; 0,411 
05/05/2025;mai;5;seg;13;DIURNO;32050;04:00:00;4,00;00:35:00;0,58;00:15:00;0,25; 26,00 ;19,00;2.690;2,69;1;0,673; 0,103 
05/05/2025;mai;5;seg;3;NOTURNO;31933;06:40:00;6,67;01:17:00;1,28;00:19:00;0,32; 41,00 ;24,00;18.810;18,81;2;2,822; 0,459 
05/05/2025;mai;5;seg;4;NOTURNO;32049;06:33:00;6,55;01:00:00;1,00;00:10:00;0,17; 43,00 ;31,00;14.410;14,41;2;2,200; 0,335 
05/05/2025;mai;5;seg;5;NOTURNO;33048;04:20:00;4,33;00:50:00;0,83;00:10:00;0,17; 21,00 ;22,00;11.370;11,37;1;2,624; 0,541 
05/05/2025;mai;5;seg;5;NOTURNO;32048;02:29:00;2,48;00:39:00;0,65;00:12:00;0,20; 13,00 ;22,00;4.750;4,75;1;1,913; 0,365 
05/05/2025;mai;5;seg;7;NOTURNO;32050;06:26:00;6,43;01:25:00;1,42;00:16:00;0,27; 34,00 ;46,00;16.930;16,93;2;2,632; 0,498 
05/05/2025;mai;5;seg;21;NOTURNO;33049;06:36:00;6,60;01:08:00;1,13;00:21:00;0,35; 45,00 ;28,00;17.200;17,20;2;2,606; 0,382 
06/05/2025;mai;6;ter;8;DIURNO;31912;09:06:00;9,10;01:22:00;1,37;00:22:00;0,37; 36,00 ;45,00;19.150;19,15;2;2,104; 0,532 
06/05/2025;mai;6;ter;10;DIURNO;33024;07:45:00;7,75;01:10:00;1,17;00:30:00;0,50; 37,00 ;28,00;20.740;20,74;2;2,676; 0,561 
06/05/2025;mai;6;ter;12;DIURNO;32049;07:08:00;7,13;02:27:00;2,45;00:41:00;0,68; 35,00 ;77,00;21.110;21,11;3;2,959; 0,603 
06/05/2025;mai;6;ter;15;DIURNO;31933;08:10:00;8,17;00:55:00;0,92;00:35:00;0,58; 40,00 ;20,00;22.580;22,58;2;2,765; 0,565 
06/05/2025;mai;6;ter;17;DIURNO;33049;07:25:00;7,42;00:50:00;0,83;00:30:00;0,50; 58,00 ;18,00;23.750;23,75;3;3,202; 0,409 
06/05/2025;mai;6;ter;19;DIURNO;32048;07:40:00;7,67;01:39:00;1,65;00:24:00;0,40; 49,00 ;44,00;16.390;16,39;2;2,138; 0,334 
06/05/2025;mai;6;ter;1;NOTURNO;31933;06:43:00;6,72;00:56:00;0,93;00:21:00;0,35; 34,00 ;30,00;17.630;17,63;2;2,625; 0,519 
06/05/2025;mai;6;ter;2;NOTURNO;33024;07:13:00;7,22;01:23:00;1,38;00:11:00;0,18; 42,00 ;33,00;15.930;15,93;2;2,207; 0,379 
06/05/2025;mai;6;ter;6;NOTURNO;32051;06:25:00;6,42;01:10:00;1,17;00:19:00;0,32; 49,00 ;33,00;15.890;15,89;2;2,476; 0,324 
06/05/2025;mai;6;ter;11;NOTURNO;32050;07:29:00;7,48;01:24:00;1,40;00:32:00;0,53; 38,00 ;36,00;17.920;17,92;3;2,395; 0,472 
06/05/2025;mai;6;ter;21;NOTURNO;33049;06:00:00;6,00;00:32:00;0,53;00:09:00;0,15; 46,00 ;13,00;9.970;9,97;1;1,662; 0,217 
06/05/2025;mai;6;ter;10;DIURNO;32051;00:15:00;0,25;00:55:00;0,92;00:10:00;0,17; 35,00 ;10,00;8.860;8,86;1;35,440; 0,253 
06/05/2025;mai;6;ter;8;DIURNO;32051;00:20:00;0,33;00:30:00;0,50;00:10:00;0,17; 29,00 ;9,00;7.710;7,71;1;23,130; 0,266 
06/05/2025;mai;6;ter;19;DIURNO;32051;00:25:00;0,42;00:25:00;0,42;00:10:00;0,17;-5,00 ;14,00;8.130;8,13;1;19,512;-1,626 
07/05/2025;mai;7;qua;9;DIURNO;33024;05:50:00;5,83;00:50:00;0,83;00:10:00;0,17; 32,00 ;18,00;11.790;11,79;1;2,021; 0,368 
07/05/2025;mai;7;qua;13;DIURNO;32049;05:09:00;5,15;01:01:00;1,02;00:16:00;0,27; 41,00 ;25,00;9.530;9,53;1;1,850; 0,232 
07/05/2025;mai;7;qua;14;DIURNO;31933;05:00:00;5,00;01:05:00;1,08;00:10:00;0,17; 35,00 ;36,00;8.790;8,79;1;1,758; 0,251 
07/05/2025;mai;7;qua;16;DIURNO;31912;06:01:00;6,02;01:00:00;1,00;00:22:00;0,37; 31,00 ;27,00;11.230;11,23;1;1,866; 0,362 
07/05/2025;mai;7;qua;18;DIURNO;32048;06:00:00;6,00;01:27:00;1,45;-00:03:00;-0,05; 59,00 ;49,00;8.080;8,08;1;1,347; 0,137 
07/05/2025;mai;7;qua;20;DIURNO;33049;05:50:00;5,83;01:50:00;1,83;00:20:00;0,33; 43,00 ;51,00;12.360;12,36;2;2,119; 0,287 
07/05/2025;mai;7;qua;3;NOTURNO;31933;06:31:00;6,52;01:10:00;1,17;00:23:00;0,38; 42,00 ;25,00;14.370;14,37;2;2,205; 0,342 
07/05/2025;mai;7;qua;4;NOTURNO;33024;05:47:00;5,78;00:47:00;0,78;00:09:00;0,15; 50,00 ;13,00;9.130;9,13;1;1,579; 0,183 
07/05/2025;mai;7;qua;5;NOTURNO;32049;02:33:00;2,55;00:52:00;0,87;00:15:00;0,25; 10,00 ;25,00;3.790;3,79;1;1,486; 0,379 
07/05/2025;mai;7;qua;5;NOTURNO;32051;04:14:00;4,23;00:44:00;0,73;00:10:00;0,17; 24,00 ;21,00;6.190;6,19;1;1,462; 0,258 
07/05/2025;mai;7;qua;7;NOTURNO;31912;06:04:00;6,07;00:55:00;0,92;00:08:00;0,13; 35,00 ;31,00;11.370;11,37;1;1,874; 0,325 
07/05/2025;mai;7;qua;21;NOTURNO;33049;06:15:00;6,25;00:38:00;0,63;00:07:00;0,12; 47,00 ;13,00;10.070;10,07;1;1,611; 0,214 
08/05/2025;mai;8;qui;8;DIURNO;31912;05:09:00;5,15;00:50:00;0,83;00:11:00;0,18; 33,00 ;23,00;10.900;10,90;1;2,117; 0,330 
08/05/2025;mai;8;qui;10;DIURNO;33024;05:10:00;5,17;00:40:00;0,67;00:15:00;0,25; 37,00 ;16,00;11.240;11,24;1;2,175; 0,304 
08/05/2025;mai;8;qui;12;DIURNO;32049;05:49:00;5,82;01:47:00;1,78;00:21:00;0,35; 34,00 ;49,00;13.400;13,40;2;2,304; 0,394 
08/05/2025;mai;8;qui;15;DIURNO;31933;04:45:00;4,75;00:55:00;0,92;00:15:00;0,25; 35,00 ;19,00;11.890;11,89;2;2,503; 0,340 
08/05/2025;mai;8;qui;17;DIURNO;33049;06:45:00;6,75;00:45:00;0,75;00:35:00;0,58; 54,00 ;15,00;15.580;15,58;2;2,308; 0,289 
08/05/2025;mai;8;qui;19;DIURNO;32048;06:34:00;6,57;01:00:00;1,00;00:34:00;0,57; 47,00 ;14,00;10.130;10,13;2;1,543; 0,216 
08/05/2025;mai;8;qui;1;NOTURNO;31933;06:14:00;6,23;01:03:00;1,05;00:21:00;0,35; 36,00 ;29,00;13.300;13,30;2;2,134; 0,369 
08/05/2025;mai;8;qui;2;NOTURNO;33024;05:41:00;5,68;00:37:00;0,62;00:09:00;0,15; 39,00 ;15,00;10.300;10,30;1;1,812; 0,264 
08/05/2025;mai;8;qui;6;NOTURNO;32049;05:56:00;5,93;01:11:00;1,18;00:24:00;0,40; 41,00 ;36,00;11.250;11,25;2;1,896; 0,274 
08/05/2025;mai;8;qui;11;NOTURNO;31912;05:59:00;5,98;00:23:00;0,38;00:10:00;0,17; 39,00 ;12,00;10.830;10,83;1;1,810; 0,278 
08/05/2025;mai;8;qui;21;NOTURNO;33049;05:58:00;5,97;00:24:00;0,40;00:15:00;0,25; 46,00 ;13,00;9.930;9,93;1;1,664; 0,216 
09/05/2025;mai;9;sex;9;DIURNO;33024;05:50:00;5,83;01:20:00;1,33;00:20:00;0,33; 32,00 ;40,00;13.800;13,80;2;2,366; 0,431 
09/05/2025;mai;9;sex;13;DIURNO;32049;05:43:00;5,72;01:53:00;1,88;00:32:00;0,53; 41,00 ;56,00;12.670;12,67;2;2,216; 0,309 
09/05/2025;mai;9;sex;14;DIURNO;31933;04:30:00;4,50;01:00:00;1,00;00:15:00;0,25; 32,00 ;38,00;9.380;9,38;1;2,084; 0,293 
09/05/2025;mai;9;sex;16;DIURNO;31912;06:14:00;6,23;01:57:00;1,95;00:21:00;0,35; 31,00 ;53,00;14.410;14,41;2;2,312; 0,465 
09/05/2025;mai;9;sex;18;DIURNO;32048;06:55:00;6,92;01:06:00;1,10;00:06:00;0,10; 61,00 ;48,00;9.740;9,74;1;1,408; 0,160 
09/05/2025;mai;9;sex;20;DIURNO;33049;05:45:00;5,75;01:50:00;1,83;00:15:00;0,25; 50,00 ;44,00;13.180;13,18;2;2,292; 0,264 
09/05/2025;mai;9;sex;3;NOTURNO;31933;06:45:00;6,75;01:04:00;1,07;00:18:00;0,30; 42,00 ;25,00;14.290;14,29;2;2,117; 0,340 
09/05/2025;mai;9;sex;4;NOTURNO;33024;06:46:00;6,77;00:25:00;0,42;00:10:00;0,17; 45,00 ;16,00;10.460;10,46;1;1,546; 0,232 
09/05/2025;mai;9;sex;5;NOTURNO;33048;05:30:00;5,50;00:52:00;0,87;00:20:00;0,33; 30,00 ;23,00;11.240;11,24;1;2,044; 0,375 
09/05/2025;mai;9;sex;7;NOTURNO;31912;07:06:00;7,10;01:19:00;1,32;00:33:00;0,55; 35,00 ;46,00;13.010;13,01;2;1,832; 0,372 
09/05/2025;mai;9;sex;21;NOTURNO;33049;06:37:00;6,62;00:59:00;0,98;00:21:00;0,35; 45,00 ;28,00;12.530;12,53;2;1,894; 0,278 
10/05/2025;mai;10;sáb;8;DIURNO;31912;05:20:00;5,33;01:20:00;1,33;00:19:00;0,32; 34,00 ;46,00;13.600;13,60;2;2,550; 0,400 
10/05/2025;mai;10;sáb;10;DIURNO;33048;05:15:00;5,25;00:59:00;0,98;00:21:00;0,35; 36,00 ;30,00;12.940;12,94;2;2,465; 0,359 
10/05/2025;mai;10;sáb;12;DIURNO;32049;05:52:00;5,87;01:36:00;1,60;00:22:00;0,37; 33,00 ;48,00;15.220;15,22;2;2,594; 0,461 
10/05/2025;mai;10;sáb;15;DIURNO;32051;04:45:00;4,75;01:15:00;1,25;00:20:00;0,33; 36,00 ;30,00;10.350;10,35;2;2,179; 0,288 
10/05/2025;mai;10;sáb;17;DIURNO;33049;05:44:00;5,73;01:01:00;1,02;00:25:00;0,42; 48,00 ;14,00;16.820;16,82;2;2,934; 0,350 
10/05/2025;mai;10;sáb;19;DIURNO;33024;06:03:00;6,05;00:36:00;0,60;00:11:00;0,18; 45,00 ;21,00;11.380;11,38;1;1,881; 0,253 
10/05/2025;mai;10;sáb;1;NOTURNO;32049;06:28:00;6,47;01:05:00;1,08;00:19:00;0,32; 35,00 ;31,00;13.820;13,82;2;2,137; 0,395 
10/05/2025;mai;10;sáb;2;NOTURNO;33024;06:30:00;6,50;01:16:00;1,27;00:02:00;0,03; 40,00 ;14,00;9.770;9,77;1;1,503; 0,244 
10/05/2025;mai;10;sáb;6;NOTURNO;33048;05:57:00;5,95;00:43:00;0,72;00:09:00;0,15; 42,00 ;19,00;11.140;11,14;1;1,872; 0,265 
10/05/2025;mai;10;sáb;11;NOTURNO;31912;05:51:00;5,85;00:47:00;0,78;00:29:00;0,48; 38,00 ;22,00;11.330;11,33;2;1,937; 0,298 
10/05/2025;mai;10;sáb;21;NOTURNO;33049;05:55:00;5,92;00:33:00;0,55;00:09:00;0,15; 46,00 ;14,00;9.560;9,56;1;1,616; 0,208 
12/05/2025;mai;12;seg;9;DIURNO;33048;08:55:00;8,92;01:20:00;1,33;00:25:00;0,42; 31,00 ;40,00;21.390;21,39;2;2,399; 0,690 
12/05/2025;mai;12;seg;13;DIURNO;32049;06:03:00;6,05;01:46:00;1,77;00:28:00;0,47; 38,00 ;57,00;16.070;16,07;2;2,656; 0,423 
12/05/2025;mai;12;seg;14;DIURNO;33024;06:20:00;6,33;02:00:00;2,00;00:15:00;0,25; 37,00 ;87,00;15.010;15,01;2;2,370; 0,406 
12/05/2025;mai;12;seg;16;DIURNO;31912;04:55:00;4,92;05:12:00;5,20;00:24:00;0,40; 31,00 ;53,00;19.350;19,35;2;3,936; 0,624 
12/05/2025;mai;12;seg;18;DIURNO;32050;06:46:00;6,77;02:17:00;2,28;00:19:00;0,32; 60,00 ;100,00;12.910;12,91;2;1,908; 0,215 
12/05/2025;mai;12;seg;20;DIURNO;33049;05:48:00;5,80;02:02:00;2,03;00:25:00;0,42; 41,00 ;52,00;16.410;16,41;2;2,829; 0,400 
12/05/2025;mai;12;seg;3;NOTURNO;32049;06:48:00;6,80;01:06:00;1,10;00:30:00;0,50; 49,00 ;31,00;19.550;19,55;3;2,875; 0,399 
12/05/2025;mai;12;seg;4;NOTURNO;33024;07:12:00;7,20;01:08:00;1,13;00:07:00;0,12; 44,00 ;32,00;13.880;13,88;2;1,928; 0,315 
12/05/2025;mai;12;seg;5;NOTURNO;32051;05:52:00;5,87;01:35:00;1,58;00:19:00;0,32; 31,00 ;40,00;16.030;16,03;2;2,732; 0,517 
12/05/2025;mai;12;seg;7;NOTURNO;32050;06:28:00;6,47;01:32:00;1,53;00:17:00;0,28; 34,00 ;46,00;16.940;16,94;2;2,620; 0,498 
12/05/2025;mai;12;seg;21;NOTURNO;33049;06:36:00;6,60;01:06:00;1,10;00:23:00;0,38; 46,00 ;27,00;18.130;18,13;2;2,747; 0,394 
13/05/2025;mai;13;ter;8;DIURNO;33024;08:28:00;8,47;01:39:00;1,65;00:21:00;0,35; 27,00 ;52,00;19.930;19,93;2;2,354; 0,738 
13/05/2025;mai;13;ter;10;DIURNO;33048;07:15:00;7,25;01:20:00;1,33;00:25:00;0,42; 36,00 ;29,00;21.170;21,17;2;2,920; 0,588 
13/05/2025;mai;13;ter;12;DIURNO;32049;07:34:00;7,57;02:47:00;2,78;00:30:00;0,50; 34,00 ;82,00;22.350;22,35;3;2,954; 0,657 
13/05/2025;mai;13;ter;15;DIURNO;32051;07:05:00;7,08;01:40:00;1,67;00:35:00;0,58; 41,00 ;30,00;22.450;22,45;3;3,169; 0,548 
13/05/2025;mai;13;ter;17;DIURNO;33049;10:10:00;10,17;01:00:00;1,00;00:40:00;0,67; 55,00 ;20,00;28.790;28,79;3;2,832; 0,523 
13/05/2025;mai;13;ter;19;DIURNO;32050;08:41:00;8,68;01:30:00;1,50;00:22:00;0,37; 50,00 ;41,00;17.010;17,01;2;1,959; 0,340 
13/05/2025;mai;13;ter;1;NOTURNO;31933;06:19:00;6,32;01:12:00;1,20;00:18:00;0,30; 34,00 ;30,00;18.180;18,18;2;2,878; 0,535 
13/05/2025;mai;13;ter;2;NOTURNO;32051;03:45:00;3,75;00:35:00;0,58;00:08:00;0,13; 19,00 ;15,00;7.520;7,52;1;2,005; 0,396 
13/05/2025;mai;13;ter;2;NOTURNO;32049;03:40:00;3,67;00:17:00;0,28;00:05:00;0,08; 21,00 ;18,00;8.080;8,08;1;2,204; 0,385 
13/05/2025;mai;13;ter;6;NOTURNO;33048;04:04:00;4,07;00:41:00;0,68;00:16:00;0,27; 27,00 ;18,00;9.380;9,38;1;2,307; 0,347 
13/05/2025;mai;13;ter;6;NOTURNO;33049;02:34:00;2,57;00:21:00;0,35;00:08:00;0,13; 16,00 ;21,00;7.380;7,38;1;2,875; 0,461 
13/05/2025;mai;13;ter;11;NOTURNO;31912;08:22:00;8,37;00:59:00;0,98;00:21:00;0,35; 39,00 ;23,00;18.490;18,49;2;2,210; 0,474 
13/05/2025;mai;13;ter;21;NOTURNO;33024;06:01:00;6,02;00:29:00;0,48;00:12:00;0,20; 46,00 ;13,00;10.840;10,84;1;1,802; 0,236 
14/05/2025;mai;14;qua;9;DIURNO;33048;05:35:00;5,58;01:00:00;1,00;00:15:00;0,25; 30,00 ;19,00;11.940;11,94;1;2,139; 0,398 
14/05/2025;mai;14;qua;13;DIURNO;32049;04:52:00;4,87;01:59:00;1,98;00:28:00;0,47; 40,00 ;64,00;10.120;10,12;2;2,079; 0,253 
14/05/2025;mai;14;qua;14;DIURNO;31933;04:30:00;4,50;01:01:00;1,02;00:14:00;0,23; 33,00 ;37,00;9.030;9,03;1;2,007; 0,274 
14/05/2025;mai;14;qua;16;DIURNO;31912;05:38:00;5,63;01:38:00;1,63;00:26:00;0,43; 29,00 ;53,00;11.300;11,30;2;2,006; 0,390 
14/05/2025;mai;14;qua;18;DIURNO;32050;05:50:00;5,83;01:07:00;1,12;00:08:00;0,13; 57,00 ;49,00;8.740;8,74;1;1,498; 0,153 
14/05/2025;mai;14;qua;20;DIURNO;33049;02:10:00;2,17;00:48:00;0,80;00:57:00;0,95; 14,00 ;26,00;5.160;5,16;1;2,382; 0,369 
14/05/2025;mai;14;qua;20;DIURNO;32051;04:05:00;4,08;00:35:00;0,58;00:10:00;0,17; 33,00 ;27,00;7.170;7,17;1;1,756; 0,217 
14/05/2025;mai;14;qua;3;NOTURNO;31933;06:02:00;6,03;00:56:00;0,93;00:18:00;0,30; 42,00 ;25,00;13.500;13,50;2;2,238; 0,321 
14/05/2025;mai;14;qua;5;NOTURNO;33048;05:13:00;5,22;00:50:00;0,83;00:04:00;0,07; 32,00 ;21,00;9.790;9,79;1;1,877; 0,306 
14/05/2025;mai;14;qua;4;NOTURNO;32050;05:05:00;5,08;01:21:00;1,35;00:18:00;0,30; 46,00 ;35,00;9.630;9,63;2;1,894; 0,209 
14/05/2025;mai;14;qua;7;NOTURNO;31912;05:18:00;5,30;01:40:00;1,67;00:18:00;0,30; 35,00 ;46,00;12.080;12,08;2;2,279; 0,345 
14/05/2025;mai;14;qua;21;NOTURNO;32049;05:45:00;5,75;01:11:00;1,18;00:16:00;0,27; 45,00 ;28,00;10.310;10,31;2;1,793; 0,229 
15/05/2025;mai;15;qui;8;DIURNO;31912;06:35:00;6,58;00:49:00;0,82;00:22:00;0,37; 35,00 ;23,00;11.850;11,85;1;1,800; 0,339 
15/05/2025;mai;15;qui;10;DIURNO;33048;06:20:00;6,33;01:00:00;1,00;00:30:00;0,50; 37,00 ;30,00;12.850;12,85;2;2,029; 0,347 
15/05/2025;mai;15;qui;12;DIURNO;32049;05:32:00;5,53;01:39:00;1,65;00:22:00;0,37; 33,00 ;48,00;12.770;12,77;2;2,308; 0,387 
16/05/2025;mai;16;sex;20;DIURNO;32051;05:40:00;5,67;01:40:00;1,67;00:20:00;0,33; 39,00 ;50,00;13.790;13,79;2;2,434; 0,354 
15/05/2025;mai;15;qui;15;DIURNO;31933;05:50:00;5,83;00:45:00;0,75;00:30:00;0,50; 39,00 ;18,00;12.980;12,98;2;2,225; 0,333 
15/05/2025;mai;15;qui;17;DIURNO;32050;07:05:00;7,08;00:40:00;0,67;00:30:00;0,50; 45,00 ;15,00;15.040;15,04;2;2,123; 0,334 
15/05/2025;mai;15;qui;19;DIURNO;32051;06:38:00;6,63;01:16:00;1,27;00:18:00;0,30; 49,00 ;40,00;9.830;9,83;2;1,482; 0,201 
15/05/2025;mai;15;qui;1;NOTURNO;31933;05:46:00;5,77;01:05:00;1,08;00:17:00;0,28; 34,00 ;30,00;12.900;12,90;2;2,237; 0,379 
15/05/2025;mai;15;qui;2;NOTURNO;32049;05:19:00;5,32;00:44:00;0,73;00:18:00;0,30; 37,00 ;37,00;10.370;10,37;2;1,950; 0,280 
15/05/2025;mai;15;qui;6;NOTURNO;33048;05:50:00;5,83;00:41:00;0,68;00:14:00;0,23; 41,00 ;18,00;11.670;11,67;1;2,001; 0,285 
15/05/2025;mai;15;qui;11;NOTURNO;31912;04:50:00;4,83;00:40:00;0,67;00:10:00;0,17; 37,00 ;12,00;10.500;10,50;1;2,172; 0,284 
15/05/2025;mai;15;qui;21;NOTURNO;32050;06:04:00;6,07;00:51:00;0,85;00:21:00;0,35; 45,00 ;26,00;10.440;10,44;2;1,721; 0,232 
16/05/2025;mai;16;sex;9;DIURNO;33048;07:05:00;7,08;00:40:00;0,67;00:20:00;0,33; 29,00 ;19,00;13.630;13,63;1;1,924; 0,470 
16/05/2025;mai;16;sex;13;DIURNO;32049;05:14:00;5,23;02:06:00;2,10;00:22:00;0,37; 41,00 ;56,00;12.910;12,91;2;2,467; 0,315 
16/05/2025;mai;16;sex;14;DIURNO;31933;04:45:00;4,75;00:55:00;0,92;00:15:00;0,25; 33,00 ;38,00;9.720;9,72;1;2,046; 0,295 
16/05/2025;mai;16;sex;16;DIURNO;31912;05:26:00;5,43;01:05:00;1,08;00:20:00;0,33; 32,00 ;21,00;12.170;12,17;1;2,240; 0,380 
16/05/2025;mai;16;sex;18;DIURNO;32048;06:18:00;6,30;01:13:00;1,22;00:10:00;0,17; 60,00 ;50,00;9.530;9,53;1;1,513; 0,159 
16/05/2025;mai;16;sex;3;NOTURNO;31933;06:28:00;6,47;01:03:00;1,05;00:17:00;0,28; 44,00 ;25,00;15.300;15,30;2;2,366; 0,348 
16/05/2025;mai;16;sex;4;NOTURNO;32049;06:14:00;6,23;01:08:00;1,13;00:19:00;0,32; 49,00 ;32,00;18.060;18,06;2;2,897; 0,369 
16/05/2025;mai;16;sex;5;NOTURNO;33048;05:24:00;5,40;00:40:00;0,67;00:29:00;0,48; 32,00 ;22,00;11.740;11,74;1;2,174; 0,367 
16/05/2025;mai;16;sex;7;NOTURNO;31912;05:10:00;5,17;01:24:00;1,40;00:21:00;0,35; 35,00 ;39,00;12.300;12,30;2;2,381; 0,351 
16/05/2025;mai;16;sex;21;NOTURNO;32050;06:26:00;6,43;01:04:00;1,07;00:09:00;0,15; 45,00 ;27,00;10.910;10,91;2;1,696; 0,242 
17/05/2025;mai;17;sáb;8;DIURNO;31912;07:41:00;7,68;-01:54:00;-1,90;00:13:00;0,22; 32,00 ;18,00;14.630;14,63;2;1,904; 0,457 
17/05/2025;mai;17;sáb;10;DIURNO;33048;07:35:00;7,58;00:37:00;0,62;00:18:00;0,30; 34,00 ;15,00;13.090;13,09;1;1,726; 0,385 
17/05/2025;mai;17;sáb;12;DIURNO;32049;07:20:00;7,33;01:43:00;1,72;00:32:00;0,53; 37,00 ;49,00;14.690;14,69;2;2,003; 0,397 
17/05/2025;mai;17;sáb;15;DIURNO;31933;05:10:00;5,17;00:47:00;0,78;00:18:00;0,30; 36,00 ;18,00;13.790;13,79;2;2,669; 0,383 
17/05/2025;mai;17;sáb;17;DIURNO;32050;08:50:00;8,83;01:06:00;1,10;00:29:00;0,48; 51,00 ;20,00;18.220;18,22;3;2,063; 0,357 
17/05/2025;mai;17;sáb;19;DIURNO;32048;06:56:00;6,93;02:25:00;2,42;00:29:00;0,48; 57,00 ;60,00;15.620;15,62;3;2,253; 0,274 
17/05/2025;mai;17;sáb;1;NOTURNO;31933;06:01:00;6,02;01:02:00;1,03;00:18:00;0,30; 35,00 ;29,00;12.990;12,99;2;2,159; 0,371 
17/05/2025;mai;17;sáb;2;NOTURNO;32049;06:02:00;6,03;00:15:00;0,25;00:12:00;0,20; 42,00 ;16,00;9.470;9,47;1;1,570; 0,225 
17/05/2025;mai;17;sáb;6;NOTURNO;33048;05:50:00;5,83;00:42:00;0,70;00:10:00;0,17; 38,00 ;21,00;11.210;11,21;1;1,922; 0,295 
17/05/2025;mai;17;sáb;11;NOTURNO;31912;04:00:00;4,00;00:21:00;0,35;00:13:00;0,22; 28,00 ;12,00;8.570;8,57;1;2,143; 0,306 
17/05/2025;mai;17;sáb;11;NOTURNO;32048;01:10:00;1,17;00:30:00;0,50;00:10:00;0,17; 8,00 ;13,00;2.800;2,80;1;2,400; 0,350 
17/05/2025;mai;17;sáb;21;NOTURNO;32051;05:45:00;5,75;00:24:00;0,40;00:11:00;0,18; 45,00 ;13,00;8.740;8,74;1;1,520; 0,194 
19/05/2025;mai;19;seg;9;DIURNO;33048;08:35:00;8,58;01:55:00;1,92;00:20:00;0,33; 31,00 ;40,00;20.910;20,91;2;2,436; 0,675 
19/05/2025;mai;19;seg;13;DIURNO;32049;05:53:00;5,88;01:37:00;1,62;00:30:00;0,50; 40,00 ;56,00;16.030;16,03;2;2,725; 0,401 
19/05/2025;mai;19;seg;14;DIURNO;31933;06:40:00;6,67;02:20:00;2,33;00:25:00;0,42; 36,00 ;65,00;15.050;15,05;2;2,258; 0,418 
19/05/2025;mai;19;seg;16;DIURNO;31912;07:59:00;7,98;01:52:00;1,87;00:25:00;0,42; 31,00 ;52,00;19.840;19,84;2;2,485; 0,640 
19/05/2025;mai;19;seg;18;DIURNO;32048;08:20:00;8,33;02:25:00;2,42;00:21:00;0,35; 59,00 ;102,00;13.600;13,60;2;1,632; 0,231 
19/05/2025;mai;19;seg;20;DIURNO;32051;03:05:00;3,08;00:55:00;0,92;00:15:00;0,25; 19,00 ;22,00;8.230;8,23;1;2,669; 0,433 
19/05/2025;mai;19;seg;20;DIURNO;33049;03:00:00;3,00;00:56:00;0,93;00:09:00;0,15; 24,00 ;26,00;6.920;6,92;1;2,307; 0,288 
19/05/2025;mai;19;seg;3;NOTURNO;31933;06:19:00;6,32;00:54:00;0,90;00:20:00;0,33; 41,00 ;24,00;17.940;17,94;2;2,840; 0,438 
19/05/2025;mai;19;seg;4;NOTURNO;32051;06:49:00;6,82;01:18:00;1,30;00:19:00;0,32; 46,00 ;33,00;15.370;15,37;2;2,255; 0,334 
19/05/2025;mai;19;seg;5;NOTURNO;32050;06:17:00;6,28;01:23:00;1,38;00:29:00;0,48; 31,00 ;42,00;15.160;15,16;2;2,413; 0,489 
19/05/2025;mai;19;seg;7;NOTURNO;32049;05:55:00;5,92;01:36:00;1,60;00:25:00;0,42; 34,00 ;42,00;17.190;17,19;2;2,905; 0,506 
19/05/2025;mai;19;seg;21;NOTURNO;33049;06:54:00;6,90;01:01:00;1,02;00:24:00;0,40; 46,00 ;27,00;17.720;17,72;2;2,568; 0,385 
20/05/2025;mai;20;ter;8;DIURNO;31912;09:10:00;9,17;01:21:00;1,35;00:29:00;0,48; 39,00 ;42,00;18.600;18,60;2;2,029; 0,477 
20/05/2025;mai;20;ter;10;DIURNO;33048;07:45:00;7,75;01:45:00;1,75;00:20:00;0,33; 37,00 ;28,00;21.680;21,68;2;2,797; 0,586 
20/05/2025;mai;20;ter;12;DIURNO;32049;08:03:00;8,05;01:20:00;1,33;00:25:00;0,42; 47,00 ;38,00;20.150;20,15;2;2,503; 0,429 
20/05/2025;mai;20;ter;15;DIURNO;31933;07:32:00;7,53;02:02:00;2,03;00:41:00;0,68; 42,00 ;28,00;23.000;23,00;3;3,053; 0,548 
20/05/2025;mai;20;ter;17;DIURNO;33049;09:30:00;9,50;01:00:00;1,00;01:00:00;1,00; 57,00 ;18,00;25.450;25,45;3;2,679; 0,446 
20/05/2025;mai;20;ter;19;DIURNO;32051;09:15:00;9,25;01:56:00;1,93;00:29:00;0,48; 48,00 ;61,00;21.800;21,80;3;2,357; 0,454 
20/05/2025;mai;20;ter;1;NOTURNO;31933;06:11:00;6,18;00:59:00;0,98;00:17:00;0,28; 35,00 ;30,00;17.600;17,60;2;2,846; 0,503 
20/05/2025;mai;20;ter;2;NOTURNO;32049;06:30:00;6,50;00:44:00;0,73;00:21:00;0,35; 42,00 ;33,00;15.480;15,48;2;2,382; 0,369 
20/05/2025;mai;20;ter;6;NOTURNO;33048;04:18:00;4,30;00:35:00;0,58;00:16:00;0,27; 30,00 ;15,00;9.700;9,70;1;2,256; 0,323 
20/05/2025;mai;20;ter;6;NOTURNO;32051;03:15:00;3,25;00:37:00;0,62;00:13:00;0,22; 8,00 ;26,00;6.850;6,85;1;2,108; 0,856 
20/05/2025;mai;20;ter;11;NOTURNO;32050;06:25:00;6,42;01:15:00;1,25;00:20:00;0,33; 37,00 ;24,00;17.170;17,17;2;2,676; 0,464 
20/05/2025;mai;20;ter;21;NOTURNO;32048;06:12:00;6,20;00:50:00;0,83;00:19:00;0,32; 45,00 ;28,00;10.210;10,21;2;1,647; 0,227 
21/05/2025;mai;21;qua;9;DIURNO;33048;05:25:00;5,42;00:40:00;0,67;00:10:00;0,17; 33,00 ;17,00;11.580;11,58;1;2,138; 0,351 
21/05/2025;mai;21;qua;13;DIURNO;32050;05:41:00;5,68;01:06:00;1,10;00:21:00;0,35; 40,00 ;34,00;9.970;9,97;1;1,754; 0,249 
21/05/2025;mai;21;qua;14;DIURNO;31933;04:30:00;4,50;00:55:00;0,92;00:10:00;0,17; 33,00 ;37,00;8.230;8,23;1;1,829; 0,249 
21/05/2025;mai;21;qua;16;DIURNO;31912;05:30:00;5,50;00:48:00;0,80;00:42:00;0,70; 31,00 ;24,00;10.600;10,60;1;1,927; 0,342 
21/05/2025;mai;21;qua;18;DIURNO;32051;05:35:00;5,58;00:58:00;0,97;00:12:00;0,20; 62,00 ;45,00;7.880;7,88;1;1,411; 0,127 
21/05/2025;mai;21;qua;20;DIURNO;33049;06:25:00;6,42;02:00:00;2,00;00:20:00;0,33; 41,00 ;52,00;12.300;12,30;2;1,917; 0,300 
21/05/2025;mai;21;qua;3;NOTURNO;31933;06:08:00;6,13;00:51:00;0,85;00:18:00;0,30; 43,00 ;24,00;13.650;13,65;2;2,226; 0,317 
21/05/2025;mai;21;qua;4;NOTURNO;32049;05:51:00;5,85;00:39:00;0,65;00:01:00;0,02; 47,00 ;15,00;9.760;9,76;1;1,668; 0,208 
21/05/2025;mai;21;qua;5;NOTURNO;33048;05:13:00;5,22;00:51:00;0,85;00:12:00;0,20; 33,00 ;22,00;9.940;9,94;1;1,905; 0,301 
21/05/2025;mai;21;qua;7;NOTURNO;31912;05:10:00;5,17;00:55:00;0,92;00:15:00;0,25; 35,00 ;22,00;10.930;10,93;1;2,115; 0,312 
21/05/2025;mai;21;qua;21;NOTURNO;33049;06:18:00;6,30;00:29:00;0,48;00:14:00;0,23; 46,00 ;14,00;10.500;10,50;1;1,667; 0,228 
22/05/2025;mai;22;qui;8;DIURNO;31912;05:42:00;5,70;00:56:00;0,93;00:17:00;0,28; 32,00 ;22,00;11.080;11,08;1;1,944; 0,346 
22/05/2025;mai;22;qui;10;DIURNO;33048;05:15:00;5,25;00:39:00;0,65;00:10:00;0,17; 37,00 ;16,00;11.380;11,38;1;2,168; 0,308 
22/05/2025;mai;22;qui;12;DIURNO;32049;06:12:00;6,20;01:50:00;1,83;00:45:00;0,75; 38,00 ;49,00;13.970;13,97;2;2,253; 0,368 
22/05/2025;mai;22;qui;15;DIURNO;31933;04:50:00;4,83;01:05:00;1,08;00:15:00;0,25; 36,00 ;20,00;12.550;12,55;2;2,597; 0,349 
22/05/2025;mai;22;qui;17;DIURNO;33049;07:10:00;7,17;00:35:00;0,58;00:25:00;0,42; 54,00 ;13,00;18.480;18,48;2;2,579; 0,342 
22/05/2025;mai;22;qui;19;DIURNO;32048;04:58:00;4,97;00:34:00;0,57;00:10:00;0,17; 43,00 ;17,00;8.250;8,25;1;1,661; 0,192 
22/05/2025;mai;22;qui;1;NOTURNO;31933;01:55:00;1,92;00:32:00;0,53;00:11:00;0,18; 7,00 ;18,00;3.630;3,63;1;1,894; 0,519 
22/05/2025;mai;22;qui;1;NOTURNO;32051;04:20:00;4,33;00:50:00;0,83;00:20:00;0,33; 27,00 ;30,00;9.410;9,41;2;2,172; 0,349 
22/05/2025;mai;22;qui;2;NOTURNO;32049;05:58:00;5,97;00:39:00;0,65;00:22:00;0,37; 49,00 ;22,00;18.020;18,02;2;3,020; 0,368 
22/05/2025;mai;22;qui;6;NOTURNO;33048;06:05:00;6,08;00:55:00;0,92;00:09:00;0,15; 41,00 ;18,00;13.130;13,13;1;2,158; 0,320 
22/05/2025;mai;22;qui;11;NOTURNO;31912;05:55:00;5,92;00:45:00;0,75;00:20:00;0,33; 37,00 ;21,00;11.470;11,47;2;1,939; 0,310 
22/05/2025;mai;22;qui;21;NOTURNO;33049;06:17:00;6,28;00:38:00;0,63;00:13:00;0,22; 46,00 ;14,00;10.570;10,57;1;1,682; 0,230 
23/05/2025;mai;23;sex;9;DIURNO;33048;05:40:00;5,67;00:55:00;0,92;00:10:00;0,17; 33,00 ;17,00;13.160;13,16;1;2,322; 0,399 
23/05/2025;mai;23;sex;13;DIURNO;32049;05:30:00;5,50;02:03:00;2,05;00:27:00;0,45; 40,00 ;56,00;12.190;12,19;2;2,216; 0,305 
23/05/2025;mai;23;sex;14;DIURNO;32051;05:55:00;5,92;02:15:00;2,25;00:15:00;0,25; 37,00 ;64,00;10.540;10,54;2;1,781; 0,285 
23/05/2025;mai;23;sex;16;DIURNO;32050;06:01:00;6,02;01:38:00;1,63;00:29:00;0,48; 31,00 ;56,00;13.840;13,84;2;2,300; 0,446 
23/05/2025;mai;23;sex;18;DIURNO;32048;05:18:00;5,30;01:17:00;1,28;00:14:00;0,23; 59,00 ;49,00;9.440;9,44;1;1,781; 0,160 
23/05/2025;mai;23;sex;20;DIURNO;33049;05:15:00;5,25;01:50:00;1,83;00:25:00;0,42; 41,00 ;52,00;12.560;12,56;2;2,392; 0,306 
23/05/2025;mai;23;sex;3;NOTURNO;31933;06:08:00;6,13;00:51:00;0,85;00:16:00;0,27; 43,00 ;23,00;14.770;14,77;2;2,408; 0,343 
23/05/2025;mai;23;sex;4;NOTURNO;32049;05:46:00;5,77;01:11:00;1,18;00:16:00;0,27; 45,00 ;32,00;10.840;10,84;2;1,880; 0,241 
23/05/2025;mai;23;sex;5;NOTURNO;3348;05:38:00;5,63;00:47:00;0,78;00:09:00;0,15; 34,00 ;21,00;11.740;11,74;1;2,084; 0,345 
23/05/2025;mai;23;sex;7;NOTURNO;31912;05:10:00;5,17;01:48:00;25,80;00:21:00;0,35; 33,00 ;44,00;13.540;13,54;2;2,621; 0,410 
23/05/2025;mai;23;sex;21;NOTURNO;32050;06:14:00;6,23;00:47:00;24,78;00:22:00;0,37; 45,00 ;27,00;11.500;11,50;2;1,845; 0,256 
24/05/2025;mai;24;sáb;8;DIURNO;31912;06:10:00;6,17;01:33:00;1,55;00:20:00;0,33; 31,00 ;43,00;9.405;9,41;2;1,525; 0,303 
24/05/2025;mai;24;sáb;10;DIURNO;33048;05:55:00;5,92;01:00:00;1,00;00:20:00;0,33; 36,00 ;28,00;12.890;12,89;2;2,179; 0,358 
24/05/2025;mai;24;sáb;12;DIURNO;32049;06:22:00;6,37;01:40:00;1,67;00:21:00;0,35; 34,00 ;53,00;15.000;15,00;2;2,356; 0,441 
24/05/2025;mai;24;sáb;15;DIURNO;31933;06:20:00;6,33;00:55:00;0,92;00:15:00;0,25; 39,00 ;17,00;15.380;15,38;2;2,428; 0,394 
24/05/2025;mai;24;sáb;17;DIURNO;32051;02:55:00;2,92;00:36:00;0,60;00:05:00;0,08; 15,00 ;5,00;7.560;7,56;1;2,592; 0,504 
24/05/2025;mai;24;sáb;17;DIURNO;32050;03:25:00;3,42;00:20:00;0,33;00:10:00;0,17; 29,00 ;7,00;8.490;8,49;1;2,485; 0,293 
24/05/2025;mai;24;sáb;19;DIURNO;32048;05:49:00;5,82;01:02:00;1,03;00:19:00;0,32; 46,00 ;41,00;12.760;12,76;2;2,194; 0,277 
24/05/2025;mai;24;sáb;1;NOTURNO;31933;06:19:00;6,32;01:22:00;1,37;00:15:00;0,25; 36,00 ;28,00;13.370;13,37;2;2,117; 0,371 
24/05/2025;mai;24;sáb;2;NOTURNO;32049;06:50:00;6,83;00:30:00;0,50;00:11:00;0,18; 42,00 ;16,00;10.120;10,12;1;1,481; 0,241 
24/05/2025;mai;24;sáb;6;NOTURNO;33048;05:59:00;5,98;00:37:00;0,62;00:11:00;0,18; 39,00 ;18,00;11.220;11,22;1;1,875; 0,288 
24/05/2025;mai;24;sáb;11;NOTURNO;31912;05:50:00;5,83;00:55:00;0,92;00:25:00;0,42; 38,00 ;21,00;11.680;11,68;2;2,002; 0,307 
24/05/2025;mai;24;sáb;21;NOTURNO;32051;06:45:00;6,75;00:24:00;0,40;00:10:00;0,17; 46,00 ;13,00;8.790;8,79;1;1,302; 0,191 
26/05/2025;mai;26;seg;9;DIURNO;33048;08:10:00;8,17;01:25:00;1,42;00:20:00;0,33; 29,00 ;42,00;21.160;21,16;2;2,591; 0,730 
26/05/2025;mai;26;seg;13;DIURNO;32049;07:38:00;7,63;02:03:00;2,05;00:19:00;0,32; 39,00 ;56,00;17.180;17,18;2;2,251; 0,441 
26/05/2025;mai;26;seg;14;DIURNO;31933;06:35:00;6,58;01:55:00;1,92;00:30:00;0,50; 39,00 ;64,00;14.370;14,37;2;2,183; 0,368 
26/05/2025;mai;26;seg;16;DIURNO;31912;07:19:00;7,32;02:15:00;2,25;00:27:00;0,45; 30,00 ;52,00;19.070;19,07;2;2,606; 0,636 
26/05/2025;mai;26;seg;18;DIURNO;32048;05:17:00;5,28;02:02:00;2,03;00:19:00;0,32; 55,00 ;85,00;12.400;12,40;2;2,347; 0,225 
26/05/2025;mai;26;seg;20;DIURNO;32050;08:40:00;8,67;01:55:00;1,92;00:20:00;0,33; 40,00 ;50,00;15.250;15,25;2;1,760; 0,381 
26/05/2025;mai;26;seg;3;NOTURNO;31933;06:26:00;6,43;00:59:00;0,98;00:17:00;0,28; 42,00 ;23,00;18.600;18,60;2;2,891; 0,443 
26/05/2025;mai;26;seg;4;NOTURNO;32048;06:20:00;6,33;01:10:00;1,17;00:18:00;0,30; 48,00 ;33,00;14.200;14,20;2;2,242; 0,296 
26/05/2025;mai;26;seg;5;NOTURNO;33049;06:09:00;6,15;01:17:00;1,28;00:25:00;0,42; 32,00 ;42,00;15.780;15,78;2;2,566; 0,493 
26/05/2025;mai;26;seg;7;NOTURNO;31912;06:20:00;6,33;01:30:00;1,50;00:25:00;0,42; 34,00 ;43,00;16.900;16,90;2;2,668; 0,497 
26/05/2025;mai;26;seg;21;NOTURNO;33049;06:31:00;6,52;01:00:00;1,00;00:19:00;0,32; 46,00 ;27,00;17.200;17,20;2;2,639; 0,374 
27/05/2025;mai;27;ter;10;DIURNO;33048;07:50:00;7,83;01:20:00;1,33;00:25:00;0,42; 39,00 ;27,00;21.990;21,99;2;2,807; 0,564 
27/05/2025;mai;27;ter;8;DIURNO;31912;07:53:00;7,88;01:26:00;1,43;00:33:00;0,55; 33,00 ;43,00;18.860;18,86;2;2,392; 0,572 
27/05/2025;mai;27;ter;12;DIURNO;32049;06:54:00;6,90;02:38:00;2,63;00:42:00;0,70; 32,00 ;75,00;20.360;20,36;3;2,951; 0,636 
27/05/2025;mai;27;ter;15;DIURNO;31933;08:45:00;8,75;01:19:00;1,32;00:31:00;0,52; 40,00 ;28,00;23.110;23,11;3;2,641; 0,578 
27/05/2025;mai;27;ter;17;DIURNO;33049;09:15:00;9,25;00:45:00;0,75;00:30:00;0,50; 55,00 ;15,00;25.240;25,24;3;2,729; 0,459 
27/05/2025;mai;27;ter;19;DIURNO;32048;05:54:00;5,90;01:04:00;1,07;00:18:00;0,30; 52,00 ;36,00;15.740;15,74;2;2,668; 0,303 
27/05/2025;mai;27;ter;1;NOTURNO;32048;02:40:00;2,67;00:41:00;0,68;00:07:00;0,12; 11,00 ;17,00;8.250;8,25;1;3,094; 0,750 
27/05/2025;mai;27;ter;1;NOTURNO;31933;03:38:00;3,63;00:35:00;0,58;00:08:00;0,13; 23,00 ;16,00;9.140;9,14;1;2,516; 0,397 
27/05/2025;mai;27;ter;2;NOTURNO;32049;06:12:00;6,20;01:19:00;1,32;00:32:00;0,53; 41,00 ;31,00;15.240;15,24;2;2,458; 0,372 
27/05/2025;mai;27;ter;6;NOTURNO;33048;06:52:00;6,87;01:15:00;1,25;00:28:00;0,47; 41,00 ;37,00;16.040;16,04;2;2,336; 0,391 
27/05/2025;mai;27;ter;11;NOTURNO;31912;06:50:00;6,83;01:05:00;1,08;00:25:00;0,42; 37,00 ;23,00;17.400;17,40;2;2,546; 0,470 
27/05/2025;mai;27;ter;21;NOTURNO;32050;05:56:00;5,93;00:55:00;0,92;00:20:00;0,33; 44,00 ;28,00;10.200;10,20;2;1,719; 0,232 
28/05/2025;mai;28;qua;9;DIURNO;33048;05:40:00;5,67;00:50:00;0,83;00:10:00;0,17; 32,00 ;18,00;11.420;11,42;1;2,015; 0,357 
28/05/2025;mai;28;qua;13;DIURNO;32049;04:20:00;4,33;01:13:00;1,22;00:12:00;0,20; 38,00 ;39,00;8.580;8,58;1;1,980; 0,226 
28/05/2025;mai;28;qua;14;DIURNO;31933;04:45:00;4,75;01:00:00;1,00;00:20:00;0,33; 34,00 ;39,00;8.580;8,58;1;1,806; 0,252 
28/05/2025;mai;28;qua;16;DIURNO;31912;05:38:00;5,63;01:01:00;1,02;00:16:00;0,27; 31,00 ;27,00;10.960;10,96;1;1,946; 0,354 
28/05/2025;mai;28;qua;18;DIURNO;32048;04:12:00;4,20;01:07:00;1,12;00:41:00;0,68; 56,00 ;49,00;7.600;7,60;1;1,810; 0,136 
28/05/2025;mai;28;qua;20;DIURNO;33049;05:10:00;5,17;01:40:00;1,67;00:25:00;0,42; 41,00 ;52,00;11.030;11,03;2;2,135; 0,269 
28/05/2025;mai;28;qua;3;NOTURNO;31933;06:19:00;6,32;01:02:00;1,03;00:18:00;0,30; 48,00 ;19,00;13.460;13,46;2;2,131; 0,280 
28/05/2025;mai;28;qua;4;NOTURNO;32049;04:52:00;4,87;01:58:00;1,97;00:01:00;0,02; 47,00 ;15,00;9.620;9,62;1;1,977; 0,205 
28/05/2025;mai;28;qua;5;NOTURNO;33048;05:00:00;5,00;00:49:00;0,82;00:10:00;0,17; 32,00 ;23,00;9.320;9,32;1;1,864; 0,291 
28/05/2025;mai;28;qua;7;NOTURNO;31912;05:15:00;5,25;00:30:00;0,50;00:35:00;0,58; 35,00 ;25,00;10.930;10,93;1;2,082; 0,312 
28/05/2025;mai;28;qua;21;NOTURNO;33049;06:02:00;6,03;00:35:00;0,58;00:09:00;0,15; 46,00 ;14,00;9.980;9,98;1;1,654; 0,217 
29/05/2025;mai;29;qui;8;DIURNO;31912;05:01:00;5,02;00:51:00;0,85;00:13:00;0,22; 30,00 ;23,00;10.840;10,84;1;2,161; 0,361 
29/05/2025;mai;29;qui;10;DIURNO;33048;05:50:00;5,83;01:00:00;1,00;00:10:00;0,17; 37,00 ;16,00;11.260;11,26;1;1,930; 0,304 
29/05/2025;mai;29;qui;12;DIURNO;32049;05:22:00;5,37;01:34:00;1,57;00:51:00;0,85; 33,00 ;57,00;12.670;12,67;2;2,361; 0,384 
29/05/2025;mai;29;qui;15;DIURNO;31933;05:32:00;5,53;00:50:00;0,83;00:24:00;0,40; 37,00 ;18,00;11.820;11,82;2;2,136; 0,319 
29/05/2025;mai;29;qui;17;DIURNO;33049;06:25:00;6,42;00:35:00;0,58;00:25:00;0,42; 54,00 ;14,00;14.920;14,92;2;2,325; 0,276 
29/05/2025;mai;29;qui;19;DIURNO;32048;04:32:00;4,53;00:42:00;0,70;00:10:00;0,17; 47,00 ;127,00;8.680;8,68;1;1,915; 0,185 
29/05/2025;mai;29;qui;1;NOTURNO;31933;05:29:00;5,48;00:58:00;0,97;00:18:00;0,30; 35,00 ;30,00;12.260;12,26;2;2,236; 0,350 
29/05/2025;mai;29;qui;2;NOTURNO;32049;05:40:00;5,67;01:22:00;1,37;00:19:00;0,32; 39,00 ;31,00;10.330;10,33;2;1,823; 0,265 
29/05/2025;mai;29;qui;6;NOTURNO;33048;06:03:00;6,05;00:43:00;0,72;00:16:00;0,27; 40,00 ;18,00;9.830;9,83;1;1,625; 0,246 
29/05/2025;mai;29;qui;11;NOTURNO;32050;04:20:00;4,33;01:00:00;1,00;00:30:00;0,50; 37,00 ;21,00;10.770;10,77;2;2,485; 0,291 
29/05/2025;mai;29;qui;21;NOTURNO;33049;06:12:00;6,20;00:31:00;0,52;00:11:00;0,18; 46,00 ;14,00;11.000;11,00;1;1,774; 0,239 
30/05/2025;mai;30;sex;9;DIURNO;33048;05:20:00;5,33;00:50:00;0,83;00:10:00;0,17; 32,00 ;18,00;12.170;12,17;1;2,282; 0,380 
30/05/2025;mai;30;sex;13;DIURNO;32049;04:55:00;4,92;01:45:00;1,75;00:26:00;0,43; 41,00 ;55,00;12.190;12,19;2;2,479; 0,297 
30/05/2025;mai;30;sex;14;DIURNO;31933;05:00:00;5,00;01:00:00;1,00;00:10:00;0,17; 35,00 ;38,00;9.380;9,38;1;1,876; 0,268 
30/05/2025;mai;30;sex;16;DIURNO;31912;05:46:00;5,77;01:59:00;1,98;00:18:00;0,30; 29,00 ;60,00;12.910;12,91;2;2,239; 0,445 
30/05/2025;mai;30;sex;18;DIURNO;32048;04:42:00;4,70;02:27:00;2,45;00:25:00;0,42; 57,00 ;105,00;10.000;10,00;2;2,128; 0,175 
30/05/2025;mai;30;sex;20;DIURNO;33049;05:50:00;5,83;01:47:00;1,78;00:18:00;0,30; 41,00 ;52,00;13.070;13,07;2;2,241; 0,319 
30/05/2025;mai;30;sex;3;NOTURNO;31933;05:54:00;5,90;00:58:00;0,97;00:16:00;0,27; 46,00 ;20,00;14.150;14,15;2;2,398; 0,308 
30/05/2025;mai;30;sex;4;NOTURNO;32049;06:29:00;6,48;01:10:00;1,17;00:15:00;0,25; 45,00 ;33,00;10.840;10,84;2;1,672; 0,241 
30/05/2025;mai;30;sex;5;NOTURNO;33048;05:52:00;5,87;00:57:00;0,95;00:10:00;0,17; 33,00 ;22,00;11.830;11,83;1;2,016; 0,358 
30/05/2025;mai;30;sex;7;NOTURNO;32048;04:55:00;4,92;01:22:00;1,37;00:23:00;0,38; 36,00 ;43,00;12.580;12,58;2;2,559; 0,349 
30/05/2025;mai;30;sex;21;NOTURNO;33049;06:25:00;6,42;00:42:00;0,70;00:21:00;0,35; 46,00 ;14,00;10.690;10,69;1;1,666; 0,232 
31/05/2025;mai;31;sáb;8;DIURNO;31912;06:12:00;6,20;01:19:00;1,32;00:27:00;0,45; 31,00 ;42,00;12.940;12,94;2;2,087; 0,417 
31/05/2025;mai;31;sáb;10;DIURNO;33048;06:10:00;6,17;00:40:00;0,67;00:15:00;0,25; 36,00 ;16,00;12.510;12,51;1;2,029; 0,348 
31/05/2025;mai;31;sáb;12;DIURNO;32049;05:57:00;5,95;01:46:00;1,77;00:29:00;0,48; 34,00 ;49,00;14.840;14,84;2;2,494; 0,436 
31/05/2025;mai;31;sáb;15;DIURNO;31933;05:47:00;5,78;00:49:00;0,82;00:19:00;0,32; 37,00 ;18,00;13.800;13,80;2;2,386; 0,373 
31/05/2025;mai;31;sáb;17;DIURNO;33049;05:20:00;5,33;00:40:00;0,67;00:20:00;0,33; 50,00 ;12,00;14.870;14,87;2;2,788; 0,297 
31/05/2025;mai;31;sáb;19;DIURNO;32048;05:17:00;5,28;01:00:00;1,00;00:19:00;0,32; 42,00 ;41,00;11.810;11,81;2;2,235; 0,281 
31/05/2025;mai;31;sáb;1;NOTURNO;31933;05:58:00;5,97;01:19:00;1,32;00:17:00;0,28; 35,00 ;29,00;12.880;12,88;2;2,159; 0,368 
31/05/2025;mai;31;sáb;2;NOTURNO;32049;06:24:00;6,40;01:02:00;1,03;00:15:00;0,25; 38,00 ;31,00;10.780;10,78;2;1,684; 0,284 
31/05/2025;mai;31;sáb;6;NOTURNO;33048;05:17:00;5,28;00:31:00;0,52;00:12:00;0,20; 40,00 ;18,00;11.020;11,02;1;2,086; 0,276 
31/05/2025;mai;31;sáb;11;NOTURNO;32050;06:15:00;6,25;00:50:00;0,83;00:20:00;0,33; 39,00 ;22,00;11.450;11,45;2;1,832; 0,294 
31/05/2025;mai;31;sáb;21;NOTURNO;33049;05:51:00;5,85;00:41:00;0,68;00:10:00;0,17; 46,00 ;17,00;8.390;8,39;1;1,434; 0,182 
02/06/2025;jun;2;seg;9;DIURNO;33048;08:50:00;8,83;01:45:00;1,75;00:20:00;0,33; 31,00 ;42,00;21.500;21,50;2;2,434; 0,694 
02/06/2025;jun;2;seg;13;DIURNO;32049;06:01:00;6,02;01:48:00;1,80;00:31:00;0,52; 37,00 ;59,00;15.870;15,87;2;2,638; 0,429 
02/06/2025;jun;2;seg;14;DIURNO;31933;07:25:00;7,42;02:20:00;2,33;00:30:00;0,50; 39,00 ;64,00;14.850;14,85;2;2,002; 0,381 
02/06/2025;jun;2;seg;16;DIURNO;31912;08:30:00;8,50;01:55:00;1,92;00:25:00;0,42; 32,00 ;52,00;19.130;19,13;2;2,251; 0,598 
02/06/2025;jun;2;seg;18;DIURNO;32048;05:07:00;5,12;01:50:00;1,83;00:27:00;0,45; 55,00 ;85,00;11.640;11,64;2;2,275; 0,212 
02/06/2025;jun;2;seg;20;DIURNO;33049;06:15:00;6,25;01:40:00;1,67;00:25:00;0,42; 43,00 ;50,00;16.270;16,27;2;2,603; 0,378 
02/06/2025;jun;2;seg;3;NOTURNO;31933;05:53:00;5,88;00:49:00;0,82;00:17:00;0,28; 42,00 ;24,00;17.830;17,83;2;3,031; 0,425 
02/06/2025;jun;2;seg;4;NOTURNO;32049;05:48:00;5,80;02:05:00;2,08;00:23:00;0,38; 48,00 ;33,00;14.230;14,23;2;2,453; 0,296 
02/06/2025;jun;2;seg;5;NOTURNO;32051;05:53:00;5,88;01:16:00;1,27;00:26:00;0,43; 33,00 ;42,00;15.480;15,48;2;2,631; 0,469 
02/06/2025;jun;2;seg;7;NOTURNO;32048;05:25:00;5,42;01:45:00;1,75;00:20:00;0,33; 34,00 ;43,00;16.490;16,49;2;3,044; 0,485 
02/06/2025;jun;2;seg;21;NOTURNO;33049;06:53:00;6,88;01:10:00;1,17;00:20:00;0,33; 46,00 ;27,00;17.240;17,24;2;2,505; 0,375 
03/06/2025;jun;3;ter;8;DIURNO;32050;03:50:00;3,83;00:50:00;0,83;00:10:00;0,17; 21,00 ;22,00;9.490;9,49;1;2,476; 0,452 
03/06/2025;jun;3;ter;8;DIURNO;31912;03:43:00;3,72;01:15:00;1,25;00:11:00;0,18; 12,00 ;25,00;8.280;8,28;1;2,228; 0,690 
03/06/2025;jun;3;ter;10;DIURNO;33048;07:00:00;7,00;01:20:00;1,33;00:20:00;0,33; 36,00 ;28,00;19.450;19,45;2;2,779; 0,540 
03/06/2025;jun;3;ter;12;DIURNO;32049;07:38:00;7,63;01:56:00;1,93;00:30:00;0,50; 33,00 ;48,00;21.010;21,01;2;2,752; 0,637 
03/06/2025;jun;3;ter;15;DIURNO;31933;03:24:00;3,40;00:51:00;0,85;00:12:00;0,20; 17,00 ;12,00;10.430;10,43;1;3,068; 0,614 
03/06/2025;jun;3;ter;15;DIURNO;32051;03:45:00;3,75;00:36:00;0,60;00:10:00;0,17; 22,00 ;10,00;9.190;9,19;1;2,451; 0,418 
03/06/2025;jun;3;ter;17;DIURNO;33049;09:15:00;9,25;00:50:00;0,83;00:30:00;0,50; 55,00 ;17,00;26.390;26,39;3;2,853; 0,480 
03/06/2025;jun;3;ter;19;DIURNO;32048;06:22:00;6,37;01:01:00;1,02;00:19:00;0,32; 51,00 ;38,00;16.090;16,09;2;2,527; 0,315 
03/06/2025;jun;3;ter;1;NOTURNO;31933;05:55:00;5,92;01:21:00;1,35;00:21:00;0,35; 34,00 ;30,00;16.730;16,73;2;2,828; 0,492 
03/06/2025;jun;3;ter;2;NOTURNO;32049;06:37:00;6,62;00:59:00;0,98;00:32:00;0,53; 40,00 ;33,00;14.700;14,70;2;2,222; 0,368 
03/06/2025;jun;3;ter;6;NOTURNO;33048;06:15:00;6,25;01:14:00;1,23;00:24:00;0,40; 39,00 ;38,00;15.060;15,06;2;2,410; 0,386 
03/06/2025;jun;3;ter;11;NOTURNO;32048;05:22:00;5,37;01:35:00;1,58;00:23:00;0,38; 39,00 ;20,00;16.020;16,02;2;2,985; 0,411 
03/06/2025;jun;3;ter;21;NOTURNO;32051;06:22:00;6,37;00:36:00;0,60;00:24:00;0,40; 45,00 ;14,00;8.950;8,95;1;1,406; 0,199 
04/06/2025;jun;4;qua;9;DIURNO;33048;06:00:00;6,00;00:50:00;0,83;00:15:00;0,25; 32,00 ;18,00;11.540;11,54;1;1,923; 0,361 
04/06/2025;jun;4;qua;13;DIURNO;32049;05:07:00;5,12;01:00:00;1,00;00:18:00;0,30; 43,00 ;34,00;9.390;9,39;1;1,835; 0,218 
04/06/2025;jun;4;qua;14;DIURNO;31933;05:00:00;5,00;01:10:00;1,17;00:20:00;0,33; 34,00 ;39,00;8.220;8,22;1;1,644; 0,242 
04/06/2025;jun;4;qua;16;DIURNO;31912;05:33:00;5,55;01:00:00;1,00;00:11:00;0,18; 33,00 ;24,00;11.260;11,26;1;2,029; 0,341 
04/06/2025;jun;4;qua;18;DIURNO;32048;04:30:00;4,50;01:19:00;1,32;00:12:00;0,20; 57,00 ;50,00;8.460;8,46;1;1,880; 0,148 
04/06/2025;jun;4;qua;20;DIURNO;33049;05:30:00;5,50;01:45:00;1,75;00:20:00;0,33; 41,00 ;53,00;12.050;12,05;2;2,191; 0,294 
04/06/2025;jun;4;qua;3;NOTURNO;1933;05:37:00;5,62;01:00:00;1,00;00:35:00;0,58; 43,00 ;24,00;13.210;13,21;2;2,352; 0,307 
04/06/2025;jun;4;qua;4;NOTURNO;32049;05:47:00;5,78;00:45:00;0,75;00:08:00;0,13; 47,00 ;18,00;9.800;9,80;1;1,695; 0,209 
04/06/2025;jun;4;qua;5;NOTURNO;33048;05:12:00;5,20;00:48:00;0,80;00:24:00;0,40; 34,00 ;22,00;9.540;9,54;1;1,835; 0,281 
04/06/2025;jun;4;qua;7;NOTURNO;31912;05:25:00;5,42;00:55:00;0,92;00:15:00;0,25; 34,00 ;20,00;11.610;11,61;1;2,143; 0,341 
04/06/2025;jun;4;qua;21;NOTURNO;33049;06:49:00;6,82;00:41:00;0,68;00:19:00;0,32; 47,00 ;13,00;11.640;11,64;1;1,708; 0,248 
05/06/2025;jun;5;qui;8;DIURNO;31912;06:10:00;6,17;01:13:00;1,22;00:27:00;0,45; 32,00 ;44,00;13.540;13,54;2;2,196; 0,423 
05/06/2025;jun;5;qui;10;DIURNO;33048;05:50:00;5,83;00:45:00;0,75;00:15:00;0,25; 38,00 ;15,00;13.250;13,25;1;2,271; 0,349 
05/06/2025;jun;5;qui;12;DIURNO;32049;05:58:00;5,97;01:50:00;1,83;00:29:00;0,48; 34,00 ;48,00;15.270;15,27;2;2,559; 0,449 
05/06/2025;jun;5;qui;15;DIURNO;32050;07:05:00;7,08;00:57:00;0,95;00:28:00;0,47; 40,00 ;18,00;15.630;15,63;2;2,207; 0,391 
05/06/2025;jun;5;qui;17;DIURNO;33049;07:00:00;7,00;00:30:00;0,50;00:30:00;0,50; 57,00 ;11,00;17.120;17,12;2;2,446; 0,300 
05/06/2025;jun;5;qui;19;DIURNO;32048;05:04:00;5,07;01:18:00;1,30;00:34:00;0,57; 46,00 ;43,00;12.700;12,70;2;2,507; 0,276 
05/06/2025;jun;5;qui;22;0;32051;04:30:00;4,50;01:18:00;1,30;00:17:00;0,28; 25,00 ;38,00;6.040;6,04;2;1,342; 0,242 
05/06/2025;jun;5;qui;1;NOTURNO;32048;05:43:00;5,72;01:14:00;1,23;00:17:00;0,28; 35,00 ;30,00;13.870;13,87;2;2,426; 0,396 
05/06/2025;jun;5;qui;2;NOTURNO;32049;06:01:00;6,02;00:53:00;0,88;00:20:00;0,33; 41,00 ;30,00;11.120;11,12;2;1,848; 0,271 
05/06/2025;jun;5;qui;6;NOTURNO;33048;06:45:00;6,75;00:44:00;0,73;00:14:00;0,23; 40,00 ;19,00;13.090;13,09;1;1,939; 0,327 
05/06/2025;jun;5;qui;11;NOTURNO;32051;05:00:00;5,00;00:50:00;0,83;00:25:00;0,42; 38,00 ;22,00;11.890;11,89;2;2,378; 0,313 
05/06/2025;jun;5;qui;21;NOTURNO;33049;06:05:00;6,08;00:29:00;0,48;00:13:00;0,22; 46,00 ;14,00;10.850;10,85;1;1,784; 0,236 
06/06/2025;jun;6;sex;9;DIURNO;33048;02:55:00;2,92;01:10:00;1,17;00:10:00;0,17; 15,00 ;20,00;7.190;7,19;1;2,465; 0,479 
06/06/2025;jun;6;sex;9;DIURNO;32050;03:27:00;3,45;01:13:00;1,22;00:10:00;0,17; 15,00 ;22,00;7.410;7,41;1;2,148; 0,494 
06/06/2025;jun;6;sex;13;DIURNO;32049;05:42:00;5,70;01:43:00;1,72;00:35:00;0,58; 38,00 ;56,00;13.210;13,21;2;2,318; 0,348 
06/06/2025;jun;6;sex;14;DIURNO;32051;05:30:00;5,50;02:00:00;2,00;00:25:00;0,42; 36,00 ;64,00;10.990;10,99;2;1,998; 0,305 
06/06/2025;jun;6;sex;16;DIURNO;31912;04:19:00;4,32;00:57:00;0,95;00:14:00;0,23; 19,00 ;30,00;8.910;8,91;1;2,064; 0,469 
06/06/2025;jun;6;sex;16;DIURNO;33048;02:30:00;2,50;01:09:00;1,15;00:11:00;0,18; 11,00 ;29,00;5.990;5,99;1;2,396; 0,545 
06/06/2025;jun;6;sex;18;DIURNO;32048;04:53:00;4,88;02:03:00;2,05;01:02:00;1,03; 56,00 ;103,00;10.760;10,76;2;2,203; 0,192 
06/06/2025;jun;6;sex;20;DIURNO;33049;05:20:00;5,33;02:00:00;2,00;00:25:00;0,42; 42,00 ;52,00;13.430;13,43;2;2,518; 0,320 
06/06/2025;jun;6;sex;3;NOTURNO;32048;05:55:00;5,92;00:58:00;0,97;00:20:00;0,33; 42,00 ;25,00;15.080;15,08;2;2,549; 0,359 
06/06/2025;jun;6;sex;4;NOTURNO;32049;05:55:00;5,92;00:53:00;0,88;00:23:00;0,38; 52,00 ;26,00;10.770;10,77;2;1,820; 0,207 
06/06/2025;jun;6;sex;5;NOTURNO;33048;05:49:00;5,82;00:42:00;0,70;00:11:00;0,18; 32,00 ;23,00;12.100;12,10;1;2,080; 0,378 
06/06/2025;jun;6;sex;7;NOTURNO;32051;05:15:00;5,25;01:35:00;1,58;00:20:00;0,33; 36,00 ;45,00;13.100;13,10;2;2,495; 0,364 
06/06/2025;jun;6;sex;21;NOTURNO;33049;06:24:00;6,40;01:01:00;1,02;00:22:00;0,37; 46,00 ;27,00;12.670;12,67;2;1,980; 0,275 
07/06/2025;jun;7;sáb;8;DIURNO;32051;05:57:00;5,95;01:20:00;1,33;00:43:00;0,72; 31,00 ;47,00;14.240;14,24;2;2,393; 0,459 
07/06/2025;jun;7;sáb;10;DIURNO;33048;05:35:00;5,58;01:10:00;1,17;00:20:00;0,33; 36,00 ;26,00;13.860;13,86;2;2,482; 0,385 
07/06/2025;jun;7;sáb;12;DIURNO;32049;05:37:00;5,62;01:32:00;1,53;00:31:00;0,52; 35,00 ;50,00;14.900;14,90;2;2,653; 0,426 
07/06/2025;jun;7;sáb;15;DIURNO;32050;05:55:00;5,92;00:45:00;0,75;00:50:00;0,83; 39,00 ;20,00;14.740;14,74;2;2,491; 0,378 
07/06/2025;jun;7;sáb;17;DIURNO;33049;07:44:00;7,73;00:29:00;0,48;00:52:00;0,87; 55,00 ;13,00;18.510;18,51;2;2,394; 0,337 
07/06/2025;jun;7;sáb;19;DIURNO;3208;04:47:00;4,78;01:15:00;1,25;00:17:00;0,28; 45,00 ;43,00;11.710;11,71;2;2,448; 0,260 
07/06/2025;jun;7;sáb;1;NOTURNO;32048;05:55:00;5,92;00:59:00;0,98;00:16:00;0,27; 35,00 ;31,00;13.320;13,32;2;2,251; 0,381 
07/06/2025;jun;7;sáb;2;NOTURNO;32049;06:15:00;6,25;01:10:00;1,17;00:25:00;0,42; 39,00 ;29,00;10.150;10,15;2;1,624; 0,260 
07/06/2025;jun;7;sáb;6;NOTURNO;33048;06:22:00;6,37;00:32:00;0,53;00:27:00;0,45; 38,00 ;19,00;11.600;11,60;1;1,822; 0,305 
07/06/2025;jun;7;sáb;11;NOTURNO;31912;03:00:00;3,00;00:30:00;0,50;00:10:00;0,17; 24,00 ;10,00;7.210;7,21;1;2,403; 0,300 
07/06/2025;jun;7;sáb;11;NOTURNO;32051;01:35:00;1,58;00:35:00;0,58;00:15:00;0,25; 15,00 ;11,00;3.540;3,54;1;2,236; 0,236 
07/06/2025;jun;7;sáb;21;NOTURNO;33049;06:14:00;6,23;00:44:00;0,73;00:12:00;0,20; 47,00 ;14,00;9.050;9,05;1;1,452; 0,193 
09/06/2025;jun;9;seg;9;DIURNO;33048;08:55:00;8,92;01:50:00;1,83;00:25:00;0,42; 31,00 ;43,00;21.280;21,28;2;2,387; 0,686 
09/06/2025;jun;9;seg;13;DIURNO;32049;05:24:00;5,40;01:52:00;1,87;00:29:00;0,48; 37,00 ;59,00;15.720;15,72;2;2,911; 0,425 
09/06/2025;jun;9;seg;14;DIURNO;32051;07:20:00;7,33;02:13:00;2,22;00:27:00;0,45; 40,00 ;66,00;15.090;15,09;2;2,058; 0,377 
09/06/2025;jun;9;seg;16;DIURNO;31912;08:22:00;8,37;01:42:00;1,70;00:31:00;0,52; 33,00 ;52,00;19.820;19,82;2;2,369; 0,601 
09/06/2025;jun;9;seg;18;DIURNO;32048;05:29:00;5,48;01:40:00;1,67;00:29:00;0,48; 53,00 ;87,00;12.660;12,66;2;2,309; 0,239 
09/06/2025;jun;9;seg;20;DIURNO;33049;06:05:00;6,08;01:35:00;1,58;00:25:00;0,42; 42,00 ;52,00;16.850;16,85;2;2,770; 0,401 
09/06/2025;jun;9;seg;22;0;32050;04:40:00;4,67;00:40:00;0,67;00:20:00;0,33; 25,00 ;12,00;4.160;4,16;1;0,891; 0,166 
09/06/2025;jun;9;seg;3;NOTURNO;32048;05:37:00;5,62;00:49:00;0,82;00:18:00;0,30; 40,00 ;26,00;17.590;17,59;2;3,132; 0,440 
09/06/2025;jun;9;seg;4;NOTURNO;32049;06:20:00;6,33;01:18:00;1,30;00:14:00;0,23; 49,00 ;29,00;14.800;14,80;2;2,337; 0,302 
09/06/2025;jun;9;seg;5;NOTURNO;32051;06:21:00;6,35;01:46:00;1,77;00:21:00;0,35; 32,00 ;42,00;15.870;15,87;2;2,499; 0,496 
09/06/2025;jun;9;seg;7;NOTURNO;31912;06:05:00;6,08;01:51:00;1,85;00:24:00;0,40; 33,00 ;44,00;17.130;17,13;2;2,816; 0,519 
09/06/2025;jun;9;seg;21;NOTURNO;33049;06:28:00;6,47;00:58:00;0,97;00:23:00;0,38; 44,00 ;29,00;16.740;16,74;2;2,589; 0,380 
10/06/2025;jun;10;ter;8;DIURNO;31912;09:57:00;9,95;02:28:00;2,47;00:35:00;0,58; 26,00 ;53,00;20.470;20,47;2;2,057; 0,787 
10/06/2025;jun;10;ter;10;DIURNO;33048;07:05:00;7,08;01:35:00;1,58;00:25:00;0,42; 37,00 ;27,00;20.230;20,23;2;2,856; 0,547 
10/06/2025;jun;10;ter;12;DIURNO;32049;07:21:00;7,35;03:00:00;3,00;00:45:00;0,75; 34,00 ;77,00;22.520;22,52;3;3,064; 0,662 
10/06/2025;jun;10;ter;15;DIURNO;32051;07:25:00;7,42;01:20:00;1,33;00:50:00;0,83; 41,00 ;30,00;22.890;22,89;3;3,086; 0,558 
10/06/2025;jun;10;ter;17;DIURNO;33049;08:05:00;8,08;00:40:00;0,67;00:55:00;0,92; 60,00 ;20,00;26.380;26,38;3;3,264; 0,440 
10/06/2025;jun;10;ter;19;DIURNO;32048;06:59:00;6,98;00:51:00;0,85;00:10:00;0,17; 47,00 ;39,00;18.120;18,12;2;2,595; 0,386 
10/06/2025;jun;10;ter;1;NOTURNO;32048;05:59:00;5,98;01:33:00;1,55;00:26:00;0,43; 36,00 ;47,00;18.960;18,96;3;3,169; 0,527 
10/06/2025;jun;10;ter;2;NOTURNO;32050;06:43:00;6,72;01:19:00;1,32;00:13:00;0,22; 40,00 ;33,00;15.830;15,83;2;2,357; 0,396 
10/06/2025;jun;10;ter;6;NOTURNO;33048;06:21:00;6,35;01:14:00;1,23;00:26:00;0,43; 40,00 ;37,00;15.500;15,50;2;2,441; 0,388 
10/06/2025;jun;10;ter;11;NOTURNO;32051;06:20:00;6,33;01:35:00;1,58;00:25:00;0,42; 37,00 ;37,00;18.380;18,38;3;2,902; 0,497 
10/06/2025;jun;10;ter;21;NOTURNO;33049;06:03:00;6,05;00:36:00;0,60;00:09:00;0,15; 46,00 ;14,00;10.450;10,45;1;1,727; 0,227 
11/06/2025;jun;11;qua;9;DIURNO;33048;04:30:00;4,50;00:35:00;0,58;00:15:00;0,25; 32,00 ;17,00;11.110;11,11;1;2,469; 0,347 
11/06/2025;jun;11;qua;13;DIURNO;32049;05:13:00;5,22;01:06:00;1,10;00:18:00;0,30; 38,00 ;35,00;10.090;10,09;1;1,934; 0,266 
11/06/2025;jun;11;qua;14;DIURNO;32050;03:55:00;3,92;00:55:00;0,92;00:10:00;0,17; 35,00 ;39,00;7.760;7,76;1;1,981; 0,222 
11/06/2025;jun;11;qua;16;DIURNO;31912;06:06:00;6,10;01:10:00;1,17;00:15:00;0,25; 30,00 ;25,00;11.610;11,61;1;1,903; 0,387 
11/06/2025;jun;11;qua;18;DIURNO;32048;04:38:00;4,63;01:06:00;1,10;00:09:00;0,15; 56,00 ;51,00;8.390;8,39;1;1,811; 0,150 
11/06/2025;jun;11;qua;20;DIURNO;33049;05:30:00;5,50;01:50:00;1,83;00:25:00;0,42; 46,00 ;52,00;11.820;11,82;2;2,149; 0,257 
11/06/2025;jun;11;qua;22;0;32051;04:23:00;4,38;00:42:00;0,70;00:10:00;0,17; 29,00 ;13,00;2.660;2,66;1;0,607; 0,092 
11/06/2025;jun;11;qua;3;NOTURNO;32048;05:38:00;5,63;00:54:00;0,90;00:16:00;0,27; 43,00 ;24,00;14.310;14,31;2;2,540; 0,333 
11/06/2025;jun;11;qua;4;NOTURNO;32049;05:48:00;5,80;01:09:00;1,15;00:17:00;0,28; 47,00 ;33,00;9.450;9,45;2;1,629; 0,201 
11/06/2025;jun;11;qua;5;NOTURNO;33048;05:06:00;5,10;00:48:00;0,80;00:10:00;0,17; 33,00 ;21,00;9.420;9,42;1;1,847; 0,285 
11/06/2025;jun;11;qua;7;NOTURNO;31912;05:40:00;5,67;01:00:00;1,00;00:15:00;0,25; 34,00 ;20,00;11.050;11,05;1;1,950; 0,325 
11/06/2025;jun;11;qua;21;NOTURNO;33049;06:34:00;6,57;00:41:00;0,68;00:15:00;0,25; 46,00 ;14,00;10.910;10,91;1;1,661; 0,237 
12/06/2025;jun;12;qui;8;DIURNO;31912;05:44:00;5,73;00:54:00;0,90;00:14:00;0,23; 31,00 ;23,00;10.880;10,88;1;1,898; 0,351 
12/06/2025;jun;12;qui;10;DIURNO;33048;05:55:00;5,92;02:20:00;2,33;00:15:00;0,25; 37,00 ;15,00;11.550;11,55;1;1,952; 0,312 
12/06/2025;jun;12;qui;12;DIURNO;32049;05:17:00;5,28;01:43:00;1,72;00:40:00;0,67; 36,00 ;49,00;12.050;12,05;2;2,281; 0,335 
12/06/2025;jun;12;qui;15;DIURNO;32050;06:25:00;6,42;00:40:00;0,67;00:30:00;0,50; 39,00 ;19,00;12.440;12,44;2;1,939; 0,319 
12/06/2025;jun;12;qui;17;DIURNO;33049;06:40:00;6,67;00:50:00;0,83;00:25:00;0,42; 56,00 ;13,00;16.020;16,02;2;2,403; 0,286 
12/06/2025;jun;12;qui;19;DIURNO;32048;04:32:00;4,53;00:34:00;0,57;00:18:00;0,30; 50,00 ;18,00;8.730;8,73;1;1,926; 0,175 
12/06/2025;jun;12;qui;1;NOTURNO;31933;05:50:00;5,83;01:10:00;1,17;00:21:00;0,35; 34,00 ;32,00;13.660;13,66;2;2,342; 0,402 
12/06/2025;jun;12;qui;2;NOTURNO;32048;05:40:00;5,67;00:59:00;0,98;00:22:00;0,37; 37,00 ;30,00;10.000;10,00;2;1,765; 0,270 
12/06/2025;jun;12;qui;6;NOTURNO;33048;06:19:00;6,32;00:47:00;0,78;00:12:00;0,20; 42,00 ;20,00;10.790;10,79;1;1,708; 0,257 
12/06/2025;jun;12;qui;11;NOTURNO;31912;05:10:00;5,17;00:50:00;0,83;00:15:00;0,25; 37,00 ;13,00;10.610;10,61;1;2,054; 0,287 
12/06/2025;jun;12;qui;21;NOTURNO;33049;06:08:00;6,13;00:36:00;0,60;00:16:00;0,27; 46,00 ;14,00;9.900;9,90;1;1,614; 0,215 
13/06/2025;jun;13;sex;9;DIURNO;33048;06:45:00;6,75;00:40:00;0,67;00:20:00;0,33; 29,00 ;22,00;13.580;13,58;1;2,012; 0,468 
13/06/2025;jun;13;sex;13;DIURNO;32049;05:13:00;5,22;02:04:00;2,07;00:41:00;0,68; 39,00 ;57,00;12.990;12,99;2;2,490; 0,333 
13/06/2025;jun;13;sex;14;DIURNO;31933;04:45:00;4,75;01:10:00;1,17;00:25:00;0,42; 36,00 ;38,00;10.270;10,27;1;2,162; 0,285 
13/06/2025;jun;13;sex;16;DIURNO;32050;06:42:00;6,70;02:04:00;2,07;00:38:00;0,63; 33,00 ;57,00;15.110;15,11;2;2,255; 0,458 
13/06/2025;jun;13;sex;18;DIURNO;32048;04:58:00;4,97;02:08:00;2,13;00:26:00;0,43; 50,00 ;89,00;10.210;10,21;2;2,056; 0,204 
13/06/2025;jun;13;sex;20;DIURNO;33049;04:55:00;4,92;02:05:00;2,08;00:40:00;0,67; 41,00 ;55,00;12.730;12,73;2;2,589; 0,310 
13/06/2025;jun;13;sex;22;0;32051;04:38:00;4,63;00:42:00;0,70;00:10:00;0,17; 61,00 ;16,00;1.010;1,01;1;0,218; 0,017 
13/06/2025;jun;13;sex;3;NOTURNO;31933;06:04:00;6,07;01:06:00;1,10;00:24:00;0,40; 44,00 ;25,00;14.560;14,56;2;2,400; 0,331 
13/06/2025;jun;13;sex;4;NOTURNO;32049;05:58:00;5,97;01:29:00;1,48;00:22:00;0,37; 44,00 ;36,00;10.400;10,40;2;1,743; 0,236 
13/06/2025;jun;13;sex;5;NOTURNO;33048;05:58:00;5,97;00:44:00;0,73;00:16:00;0,27; 33,00 ;22,00;11.290;11,29;1;1,892; 0,342 
13/06/2025;jun;13;sex;7;NOTURNO;32048;05:46:00;5,77;01:29:00;1,48;00:27:00;0,45; 40,00 ;41,00;13.190;13,19;2;2,287; 0,330 
13/06/2025;jun;13;sex;21;NOTURNO;33049;06:46:00;6,77;00:53:00;0,88;00:20:00;0,33; 47,00 ;14,00;11.070;11,07;1;1,636; 0,236 
14/06/2025;jun;14;sáb;8;DIURNO;31912;06:32:00;6,53;01:24:00;1,40;00:30:00;0,50; 29,00 ;44,00;13.760;13,76;2;2,106; 0,474 
14/06/2025;jun;14;sáb;10;DIURNO;33048;06:10:00;6,17;00:49:00;0,82;00:21:00;0,35; 37,00 ;27,00;14.040;14,04;2;2,277; 0,379 
14/06/2025;jun;14;sáb;12;DIURNO;32049;05:33:00;5,55;01:42:00;1,70;00:22:00;0,37; 34,00 ;49,00;14.010;14,01;2;2,524; 0,412 
14/06/2025;jun;14;sáb;15;DIURNO;31933;06:55:00;6,92;01:00:00;1,00;00:15:00;0,25; 41,00 ;19,00;14.370;14,37;2;2,078; 0,350 
14/06/2025;jun;14;sáb;17;DIURNO;32050;05:00:00;5,00;00:45:00;0,75;00:35:00;0,58; 40,00 ;22,00;14.940;14,94;3;2,988; 0,374 
14/06/2025;jun;14;sáb;19;DIURNO;32048;05:35:00;5,58;00:59:00;0,98;00:21:00;0,35; 44,00 ;33,00;12.080;12,08;2;2,164; 0,275 
14/06/2025;jun;14;sáb;1;NOTURNO;32048;05:19:00;5,32;01:08:00;1,13;00:22:00;0,37; 36,00 ;31,00;12.890;12,89;2;2,424; 0,358 
14/06/2025;jun;14;sáb;2;NOTURNO;32049;06:27:00;6,45;00:46:00;0,77;00:33:00;0,55; 51,00 ;24,00;11.010;11,01;2;1,707; 0,216 
14/06/2025;jun;14;sáb;6;NOTURNO;33048;06:17:00;6,28;00:49:00;0,82;00:17:00;0,28; 39,00 ;19,00;11.210;11,21;1;1,784; 0,287 
14/06/2025;jun;14;sáb;11;NOTURNO;31912;04:40:00;4,67;00:35:00;0,58;00:15:00;0,25; 28,00 ;15,00;8.600;8,60;1;1,843; 0,307 
14/06/2025;jun;14;sáb;21;NOTURNO;32050;05:59:00;5,98;00:50:00;0,83;00:26:00;0,43; 44,00 ;28,00;8.790;8,79;2;1,469; 0,200 
14/06/2025;jun;14;sáb;23;0;31912;00:50:00;0,83;00:30:00;0,50;00:20:00;0,33; 1,00 ;16,00;270;0,27;1;0,324; 0,270 
16/06/2025;jun;16;seg;9;DIURNO;33048;07:30:00;7,50;01:10:00;1,17;00:30:00;0,50; 32,00 ;40,00;20.620;20,62;2;2,749; 0,644 
16/06/2025;jun;16;seg;13;DIURNO;32049;06:10:00;6,17;01:40:00;1,67;00:29:00;0,48; 48,00 ;47,00;15.350;15,35;2;2,489; 0,320 
16/06/2025;jun;16;seg;14;DIURNO;31933;06:50:00;6,83;02:17:00;2,28;00:18:00;0,30; 38,00 ;65,00;14.740;14,74;2;2,157; 0,388 
16/06/2025;jun;16;seg;16;DIURNO;31912;09:26:00;9,43;02:59:00;2,98;00:38:00;0,63; 32,00 ;56,00;19.020;19,02;2;2,016; 0,594 
16/06/2025;jun;16;seg;18;DIURNO;32048;07:08:00;7,13;01:46:00;1,77;00:28:00;0,47; 55,00 ;87,00;12.050;12,05;2;1,689; 0,219 
16/06/2025;jun;16;seg;20;DIURNO;32050;07:15:00;7,25;02:59:00;2,98;01:05:00;1,08; 42,00 ;75,00;16.550;16,55;3;2,283; 0,394 
16/06/2025;jun;16;seg;3;NOTURNO;31933;06:11:00;6,18;01:01:00;1,02;00:23:00;0,38; 42,00 ;26,00;17.960;17,96;2;2,905; 0,428 
16/06/2025;jun;16;seg;4;NOTURNO;32049;06:47:00;6,78;01:05:00;1,08;00:22:00;0,37; 55,00 ;26,00;14.430;14,43;2;2,127; 0,262 
16/06/2025;jun;16;seg;5;NOTURNO;33048;05:50:00;5,83;01:22:00;1,37;00:25:00;0,42; 31,00 ;44,00;15.500;15,50;2;2,657; 0,500 
16/06/2025;jun;16;seg;7;NOTURNO;32048;05:50:00;5,83;01:20:00;1,33;00:35:00;0,58; 35,00 ;42,00;16.990;16,99;2;2,913; 0,485 
16/06/2025;jun;16;seg;21;NOTURNO;33049;06:56:00;6,93;01:43:00;1,72;00:27:00;0,45; 45,00 ;31,00;18.930;18,93;2;2,730; 0,421 
16/06/2025;jun;16;seg;23;0;32050;01:05:00;1,08;00:24:00;0,40;00:14:00;0,23; 2,00 ;17,00;980;0,98;1;0,905; 0,490 
17/06/2025;jun;17;ter;8;DIURNO;32050;09:05:00;9,08;02:11:00;2,18;00:48:00;0,80; 30,00 ;70,00;19.030;19,03;3;2,095; 0,634 
17/06/2025;jun;17;ter;10;DIURNO;33048;06:20:00;6,33;01:10:00;1,17;00:20:00;0,33; 36,00 ;28,00;19.690;19,69;2;3,109; 0,547 
17/06/2025;jun;17;ter;12;DIURNO;32049;07:34:00;7,57;03:11:00;3,18;00:49:00;0,82; 34,00 ;75,00;22.640;22,64;3;2,992; 0,666 
17/06/2025;jun;17;ter;15;DIURNO;31933;07:00:00;7,00;00:50:00;0,83;00:40:00;0,67; 42,00 ;20,00;21.710;21,71;2;3,101; 0,517 
17/06/2025;jun;17;ter;17;DIURNO;33049;08:05:00;8,08;00:40:00;0,67;00:50:00;0,83; 58,00 ;20,00;26.990;26,99;3;3,339; 0,465 
17/06/2025;jun;17;ter;19;DIURNO;32048;06:47:00;6,78;01:43:00;1,72;00:36:00;0,60; 49,00 ;60,00;18.300;18,30;3;2,698; 0,373 
17/06/2025;jun;17;ter;1;NOTURNO;31933;06:17:00;6,28;01:10:00;1,17;00:23:00;0,38; 35,00 ;32,00;17.610;17,61;2;2,803; 0,503 
17/06/2025;jun;17;ter;2;NOTURNO;32049;06:34:00;6,57;00:51:00;0,85;00:25:00;0,42; 39,00 ;35,00;15.740;15,74;2;2,397; 0,404 
17/06/2025;jun;17;ter;6;NOTURNO;33048;06:45:00;6,75;01:17:00;1,28;00:27:00;0,45; 38,00 ;40,00;15.140;15,14;2;2,243; 0,398 
17/06/2025;jun;17;ter;11;NOTURNO;32048;06:20:00;6,33;01:15:00;1,25;00:35:00;0,58; 38,00 ;23,00;17.000;17,00;2;2,684; 0,447 
17/06/2025;jun;17;ter;21;NOTURNO;32050;04:26:00;4,43;00:43:00;0,72;00:22:00;0,37; 38,00 ;29,00;7.550;7,55;2;1,703; 0,199 
18/06/2025;jun;18;qua;9;DIURNO;33048;05:10:00;5,17;00:32:00;0,53;00:20:00;0,33; 31,00 ;19,00;11.750;11,75;1;2,274; 0,379 
18/06/2025;jun;18;qua;13;DIURNO;32049;05:05:00;5,08;01:20:00;1,33;00:19:00;0,32; 38,00 ;35,00;9.780;9,78;1;1,924; 0,257 
18/06/2025;jun;18;qua;14;DIURNO;31933;04:25:00;4,42;00:59:00;0,98;00:21:00;0,35; 36,00 ;39,00;8.710;8,71;1;1,972; 0,242 
18/06/2025;jun;18;qua;16;DIURNO;32050;05:33:00;5,55;01:59:00;1,98;00:37:00;0,62; 32,00 ;54,00;11.360;11,36;2;2,047; 0,355 
18/06/2025;jun;18;qua;18;DIURNO;32048;04:28:00;4,47;01:11:00;1,18;00:12:00;0,20; 47,00 ;45,00;8.210;8,21;1;1,838; 0,175 
18/06/2025;jun;18;qua;20;DIURNO;33049;05:20:00;5,33;02:04:00;2,07;00:34:00;0,57; 40,00 ;75,00;12.180;12,18;2;2,284; 0,305 
18/06/2025;jun;18;qua;3;NOTURNO;32048;06:07:00;6,12;00:50:00;0,83;00:20:00;0,33; 42,00 ;26,00;14.180;14,18;2;2,318; 0,338 
18/06/2025;jun;18;qua;4;NOTURNO;32049;05:40:00;5,67;01:21:00;1,35;00:25:00;0,42; 46,00 ;44,00;9.860;9,86;2;1,740; 0,214 
18/06/2025;jun;18;qua;5;NOTURNO;33048;05:43:00;5,72;00:48:00;0,80;00:14:00;0,23; 32,00 ;23,00;9.960;9,96;1;1,742; 0,311 
18/06/2025;jun;18;qua;7;NOTURNO;32050;06:00:00;6,00;01:40:00;1,67;00:20:00;0,33; 34,00 ;44,00;14.740;14,74;2;2,457; 0,434 
18/06/2025;jun;18;qua;21;NOTURNO;33049;06:34:00;6,57;00:35:00;0,58;00:18:00;0,30; 47,00 ;14,00;10.890;10,89;1;1,658; 0,232 
19/06/2025;jun;19;qui;8;DIURNO;32050;04:50:00;4,83;00:55:00;0,92;00:17:00;0,28; 31,00 ;23,00;8.860;8,86;1;1,833; 0,286 
19/06/2025;jun;19;qui;10;DIURNO;33048;03:40:00;3,67;00:50:00;0,83;00:10:00;0,17; 35,00 ;16,00;8.590;8,59;1;2,343; 0,245 
19/06/2025;jun;19;qui;12;DIURNO;32049;03:31:00;3,52;01:23:00;1,38;00:17:00;0,28; 42,00 ;15,00;9.460;9,46;1;2,690; 0,225 
19/06/2025;jun;19;qui;15;DIURNO;31933;03:35:00;3,58;00:30:00;0,50;00:15:00;0,25; 36,00 ;10,00;8.790;8,79;1;2,453; 0,244 
19/06/2025;jun;19;qui;17;DIURNO;33049;03:15:00;3,25;01:43:00;1,72;00:17:00;0,28; 42,00 ;23,00;10.950;10,95;2;3,369; 0,261 
19/06/2025;jun;19;qui;19;DIURNO;32048;03:59:00;3,98;00:49:00;0,82;00:22:00;0,37; 49,00 ;23,00;8.130;8,13;2;2,041; 0,166 
19/06/2025;jun;19;qui;1;NOTURNO;31933;05:34:00;5,57;00:33:00;0,55;00:11:00;0,18; 36,00 ;13,00;9.490;9,49;1;1,705; 0,264 
19/06/2025;jun;19;qui;2;NOTURNO;32049;04:41:00;4,68;00:34:00;0,57;00:14:00;0,23; 39,00 ;16,00;7.760;7,76;1;1,657; 0,199 
19/06/2025;jun;19;qui;6;NOTURNO;33048;05:38:00;5,63;00:42:00;0,70;00:15:00;0,25; 41,00 ;20,00;9.590;9,59;1;1,702; 0,234 
19/06/2025;jun;19;qui;11;NOTURNO;32048;04:30:00;4,50;00:25:00;0,42;00:10:00;0,17; 37,00 ;13,00;8.860;8,86;1;1,969; 0,239 
19/06/2025;jun;19;qui;21;NOTURNO;33049;04:21:00;4,35;00:36:00;0,60;00:11:00;0,18; 48,00 ;14,00;4.550;4,55;1;1,046; 0,095 
19/06/2025;jun;19;qui;23;0;32050;00:24:00;0,40;00:36:00;0,60;00:15:00;0,25; 4,00 ;24,00;950;0,95;1;2,375; 0,238 
20/06/2025;jun;20;sex;9;DIURNO;33048;05:55:00;5,92;00:47:00;0,78;00:18:00;0,30; 29,00 ;21,00;12.660;12,66;1;2,140; 0,437 
20/06/2025;jun;20;sex;13;DIURNO;32049;05:41:00;5,68;01:44:00;1,73;00:53:00;0,88; 40,00 ;57,00;12.070;12,07;2;2,124; 0,302 
20/06/2025;jun;20;sex;14;DIURNO;31933;05:05:00;5,08;01:00:00;1,00;00:45:00;0,75; 36,00 ;39,00;9.760;9,76;1;1,920; 0,271 
20/06/2025;jun;20;sex;16;DIURNO;32050;05:15:00;5,25;01:39:00;1,65;00:26:00;0,43; 30,00 ;61,00;13.120;13,12;2;2,499; 0,437 
20/06/2025;jun;20;sex;18;DIURNO;32048;04:35:00;4,58;02:07:00;2,12;00:33:00;0,55; 52,00 ;83,00;10.320;10,32;2;2,252; 0,198 
20/06/2025;jun;20;sex;20;DIURNO;33049;05:10:00;5,17;01:50:00;1,83;00:30:00;0,50; 40,00 ;55,00;11.420;11,42;2;2,210; 0,286 
20/06/2025;jun;20;sex;22;0;31912;00:21:00;0,35;00:29:00;0,48;00:12:00;0,20; 11,00 ;20,00;1.400;1,40;1;4,000; 0,127 
20/06/2025;jun;20;sex;3;NOTURNO;32048;05:44:00;5,73;00:44:00;0,73;00:23:00;0,38; 42,00 ;27,00;12.790;12,79;2;2,231; 0,305 
20/06/2025;jun;20;sex;4;NOTURNO;32049;05:31:00;5,52;01:22:00;1,37;00:32:00;0,53; 47,00 ;32,00;10.170;10,17;2;1,844; 0,216 
20/06/2025;jun;20;sex;5;NOTURNO;33048;05:34:00;5,57;00:55:00;0,92;00:14:00;0,23; 33,00 ;22,00;11.560;11,56;1;2,077; 0,350 
20/06/2025;jun;20;sex;7;NOTURNO;31912;05:45:00;5,75;01:40:00;1,67;00:30:00;0,50; 34,00 ;44,00;12.500;12,50;2;2,174; 0,368 
20/06/2025;jun;20;sex;21;NOTURNO;32050;06:30:00;6,50;01:01:00;1,02;00:26:00;0,43; 44,00 ;29,00;13.020;13,02;2;2,003; 0,296 
20/06/2025;jun;20;sex;23;0;33049;01:20:00;1,33;00:23:00;0,38;00:15:00;0,25; 10,00 ;13,00;860;0,86;1;0,645; 0,086 
21/06/2025;jun;21;sáb;8;DIURNO;31912;07:37:00;7,62;01:34:00;1,57;00:34:00;0,57; 32,00 ;44,00;16.760;16,76;2;2,200; 0,524 
21/06/2025;jun;21;sáb;10;DIURNO;33048;05:10:00;5,17;00:55:00;0,92;00:20:00;0,33; 36,00 ;26,00;17.230;17,23;2;3,335; 0,479 
21/06/2025;jun;21;sáb;12;DIURNO;32049;06:03:00;6,05;01:30:00;1,50;00:43:00;0,72; 32,00 ;38,00;18.480;18,48;2;3,055; 0,578 
21/06/2025;jun;21;sáb;15;DIURNO;31933;07:45:00;7,75;00:45:00;0,75;00:30:00;0,50; 40,00 ;21,00;20.880;20,88;2;2,694; 0,522 
21/06/2025;jun;21;sáb;17;DIURNO;33049;05:10:00;5,17;01:00:00;1,00;00:30:00;0,50; 46,00 ;24,00;18.690;18,69;3;3,617; 0,406 
21/06/2025;jun;21;sáb;19;DIURNO;32048;04:30:00;4,50;00:57:00;0,95;00:33:00;0,55; 43,00 ;37,00;13.710;13,71;2;3,047; 0,319 
21/06/2025;jun;21;sáb;1;NOTURNO;32048;05:59:00;5,98;01:08:00;1,13;00:38:00;0,63; 35,00 ;33,00;15.440;15,44;2;2,581; 0,441 
21/06/2025;jun;21;sáb;2;NOTURNO;32049;05:43:00;5,72;01:15:00;1,25;00:41:00;0,68; 41,00 ;34,00;12.050;12,05;2;2,108; 0,294 
21/06/2025;jun;21;sáb;6;NOTURNO;33048;05:43:00;5,72;00:39:00;0,65;00:18:00;0,30; 38,00 ;21,00;11.910;11,91;1;2,083; 0,313 
21/06/2025;jun;21;sáb;11;NOTURNO;32050;05:40:00;5,67;01:15:00;1,25;00:25:00;0,42; 38,00 ;24,00;13.660;13,66;2;2,411; 0,359 
21/06/2025;jun;21;sáb;21;NOTURNO;33049;06:14:00;6,23;00:35:00;0,58;00:15:00;0,25; 46,00 ;15,00;8.730;8,73;1;1,401; 0,190 
21/06/2025;jun;21;sáb;23;0;32049;01:22:00;1,37;00:26:00;0,43;00:16:00;0,27; 9,00 ;15,00;1.400;1,40;1;1,024; 0,156 
23/06/2025;jun;23;seg;9;DIURNO;33048;08:55:00;8,92;01:21:00;1,35;00:29:00;0,48; 32,00 ;40,00;22.380;22,38;2;2,510; 0,699 
23/06/2025;jun;23;seg;13;DIURNO;32049;05:28:00;5,47;01:58:00;1,97;00:38:00;0,63; 38,00 ;57,00;15.510;15,51;2;2,837; 0,408 
23/06/2025;jun;23;seg;14;DIURNO;31933;05:55:00;5,92;01:50:00;1,83;00:35:00;0,58; 38,00 ;65,00;15.340;15,34;2;2,593; 0,404 
23/06/2025;jun;23;seg;16;DIURNO;32050;08:01:00;8,02;02:53:00;2,88;00:41:00;0,68; 31,00 ;87,00;20.540;20,54;3;2,562; 0,663 
23/06/2025;jun;23;seg;18;DIURNO;32048;05:40:00;5,67;01:39:00;1,65;00:29:00;0,48; 55,00 ;87,00;12.560;12,56;2;2,216; 0,228 
23/06/2025;jun;23;seg;20;DIURNO;33049;05:55:00;5,92;01:50:00;1,83;00:30:00;0,50; 43,00 ;52,00;16.510;16,51;2;2,790; 0,384 
23/06/2025;jun;23;seg;22;0;31912;03:30:00;3,50;01:24:00;1,40;00:18:00;0,30; 30,00 ;7,00;2.920;2,92;1;0,834; 0,097 
23/06/2025;jun;23;seg;3;NOTURNO;31933;05:45:00;5,75;00:55:00;0,92;00:20:00;0,33; 41,00 ;26,00;16.720;16,72;2;2,908; 0,408 
23/06/2025;jun;23;seg;4;NOTURNO;32049;06:54:00;6,90;01:23:00;1,38;00:11:00;0,18; 42,00 ;38,00;14.270;14,27;2;2,068; 0,340 
23/06/2025;jun;23;seg;5;NOTURNO;32051;03:17:00;3,28;00:47:00;0,78;00:14:00;0,23; 17,00 ;22,00;8.110;8,11;1;2,470; 0,477 
23/06/2025;jun;23;seg;5;NOTURNO;32048;02:16:00;2,27;00:42:00;0,70;00:13:00;0,22; 15,00 ;21,00;6.790;6,79;1;2,996; 0,453 
23/06/2025;jun;23;seg;7;NOTURNO;32048;05:35:00;5,58;01:40:00;1,67;00:30:00;0,50; 39,00 ;39,00;15.440;15,44;2;2,765; 0,396 
23/06/2025;jun;23;seg;21;NOTURNO;33049;06:32:00;6,53;00:55:00;0,92;00:30:00;0,50; 47,00 ;28,00;16.230;16,23;2;2,484; 0,345 
23/06/2025;jun;23;seg;22;0;32051;01:10:00;1,17;04:30:00;4,50;00:50:00;0,83; -   ;81,00;44.790;44,79;4;38,391;#DIV/0!
23/06/2025;jun;23;seg;22;0;32051;00:25:00;0,42;00:30:00;0,50;00:30:00;0,50; -   ;22,00;10.890;10,89;1;26,136;#DIV/0!
23/06/2025;jun;23;seg;23;0;32051;01:18:00;1,30;00:20:00;0,33;00:12:00;0,20; 10,00 ;11,00;430;0,43;1;0,331; 0,043 
24/06/2025;jun;24;ter;8;DIURNO;31912;05:44:00;5,73;01:12:00;1,20;00:29:00;0,48; 30,00 ;44,00;15.030;15,03;2;2,622; 0,501 
24/06/2025;jun;24;ter;10;DIURNO;33048;05:30:00;5,50;01:05:00;1,08;00:25:00;0,42; 37,00 ;28,00;16.450;16,45;2;2,991; 0,445 
24/06/2025;jun;24;ter;12;DIURNO;32049;06:43:00;6,72;01:41:00;1,68;00:36:00;0,60; 34,00 ;49,00;19.220;19,22;2;2,862; 0,565 
24/06/2025;jun;24;ter;15;DIURNO;31933;05:25:00;5,42;00:47:00;0,78;00:18:00;0,30; 40,00 ;19,00;16.880;16,88;2;3,116; 0,422 
24/06/2025;jun;24;ter;17;DIURNO;33049;06:25:00;6,42;00:35:00;0,58;00:20:00;0,33; 43,00 ;18,00;21.430;21,43;2;3,340; 0,498 
24/06/2025;jun;24;ter;19;DIURNO;32048;05:30:00;5,50;01:04:00;1,07;00:22:00;0,37; 50,00 ;40,00;15.170;15,17;2;2,758; 0,303 
24/06/2025;jun;24;ter;1;NOTURNO;31933;05:29:00;5,48;02:28:00;2,47;00:24:00;0,40; 35,00 ;32,00;13.470;13,47;2;2,457; 0,385 
24/06/2025;jun;24;ter;2;NOTURNO;32049;06:15:00;6,25;00:51:00;0,85;00:23:00;0,38; 40,00 ;31,00;11.220;11,22;2;1,795; 0,281 
24/06/2025;jun;24;ter;6;NOTURNO;33048;05:30:00;5,50;01:54:00;1,90;00:15:00;0,25; 38,00 ;19,00;12.800;12,80;1;2,327; 0,337 
24/06/2025;jun;24;ter;11;NOTURNO;32048;05:25:00;5,42;02:39:00;2,65;00:30:00;0,50; 37,00 ;24,00;13.190;13,19;2;2,435; 0,356 
24/06/2025;jun;24;ter;21;NOTURNO;33049;04:00:00;4,00;00:37:00;0,62;00:12:00;0,20; 46,00 ;15,00;3.820;3,82;1;0,955; 0,083 
24/06/2025;jun;24;ter;23;0;32051;01:00:00;1,00;00:22:00;0,37;00:18:00;0,30; 9,00 ;14,00;900;0,90;1;0,900; 0,100 
25/06/2025;jun;25;qua;9;DIURNO;32050;06:45:00;6,75;01:26:00;1,43;00:25:00;0,42; 32,00 ;39,00;12.470;12,47;2;1,847; 0,390 
25/06/2025;jun;25;qua;13;DIURNO;32049;05:43:00;5,72;01:08:00;1,13;00:21:00;0,35; 43,00 ;36,00;9.590;9,59;1;1,678; 0,223 
25/06/2025;jun;25;qua;14;DIURNO;31933;04:40:00;4,67;01:05:00;1,08;00:10:00;0,17; 36,00 ;38,00;8.350;8,35;1;1,789; 0,232 
25/06/2025;jun;25;qua;16;DIURNO;31912;06:57:00;6,95;01:41:00;1,68;00:32:00;0,53; 33,00 ;52,00;11.690;11,69;2;1,682; 0,354 
25/06/2025;jun;25;qua;18;DIURNO;32048;04:35:00;4,58;01:04:00;1,07;00:20:00;0,33; 56,00 ;50,00;7.420;7,42;1;1,619; 0,133 
25/06/2025;jun;25;qua;20;DIURNO;33049;05:30:00;5,50;02:05:00;2,08;00:25:00;0,42; 40,00 ;56,00;11.260;11,26;2;2,047; 0,282 
25/06/2025;jun;25;qua;22;0;32051;04:42:00;4,70;01:28:00;1,47;00:15:00;0,25; 30,00 ;45,00;4.460;4,46;2;0,949; 0,149 
25/06/2025;jun;25;qua;3;NOTURNO;32048;05:33:00;5,55;00:53:00;0,88;00:22:00;0,37; 43,00 ;26,00;12.120;12,12;2;2,184; 0,282 
25/06/2025;jun;25;qua;4;NOTURNO;32049;05:58:00;5,97;01:07:00;1,12;00:31:00;0,52; 49,00 ;32,00;10.270;10,27;2;1,721; 0,210 
25/06/2025;jun;25;qua;5;NOTURNO;33048;05:18:00;5,30;00:46:00;0,77;00:16:00;0,27; 33,00 ;22,00;10.170;10,17;1;1,919; 0,308 
25/06/2025;jun;25;qua;7;NOTURNO;32050;05:10:00;5,17;01:35:00;1,58;00:30:00;0,50; 34,00 ;40,00;11.170;11,17;2;2,162; 0,329 
25/06/2025;jun;25;qua;21;NOTURNO;33049;06:16:00;6,27;00:53:00;0,88;00:27:00;0,45; 45,00 ;30,00;13.450;13,45;2;2,146; 0,299 
26/06/2025;jun;26;qui;8;DIURNO;31912;07:01:00;7,02;01:38:00;1,63;00:37:00;0,62; 32,00 ;44,00;15.400;15,40;2;2,195; 0,481 
26/06/2025;jun;26;qui;10;DIURNO;33048;06:35:00;6,58;01:45:00;1,75;00:25:00;0,42; 36,00 ;27,00;15.580;15,58;2;2,367; 0,433 
26/06/2025;jun;26;qui;12;DIURNO;32050;06:02:00;6,03;01:59:00;1,98;00:33:00;0,55; 33,00 ;52,00;15.740;15,74;2;2,609; 0,477 
26/06/2025;jun;26;qui;15;DIURNO;31933;05:40:00;5,67;01:05:00;1,08;00:40:00;0,67; 38,00 ;22,00;16.460;16,46;2;2,905; 0,433 
26/06/2025;jun;26;qui;17;DIURNO;33049;08:20:00;8,33;00:40:00;0,67;00:25:00;0,42; 57,00 ;13,00;21.730;21,73;2;2,608; 0,381 
26/06/2025;jun;26;qui;19;DIURNO;32048;04:42:00;4,70;01:16:00;1,27;00:29:00;0,48; 44,00 ;38,00;11.920;11,92;2;2,536; 0,271 
26/06/2025;jun;26;qui;22;0;32051;01:10:00;1,17;03:00:00;3,00;00:50:00;0,83; -   ;67,00;31.810;31,81;3;27,266;#DIV/0!
26/06/2025;jun;26;qui;22;0;32051;00:45:00;0,75;01:30:00;1,50;00:35:00;0,58; -   ;42,00;23.880;23,88;2;31,840;#DIV/0!
26/06/2025;jun;26;qui;1;NOTURNO;32048;06:07:00;6,12;01:07:00;1,12;00:26:00;0,43; 36,00 ;32,00;15.040;15,04;2;2,459; 0,418 
26/06/2025;jun;26;qui;2;NOTURNO;32049;05:34:00;5,57;02:18:00;2,30;00:40:00;0,67; 33,00 ;42,00;13.580;13,58;2;2,440; 0,412 
26/06/2025;jun;26;qui;6;NOTURNO;33048;05:42:00;5,70;00:39:00;0,65;00:16:00;0,27; 40,00 ;19,00;12.810;12,81;1;2,247; 0,320 
26/06/2025;jun;26;qui;11;NOTURNO;31912;03:45:00;3,75;00:25:00;0,42;00:15:00;0,25; 23,00 ;6,00;8.210;8,21;1;2,189; 0,357 
26/06/2025;jun;26;qui;11;NOTURNO;32051;02:35:00;2,58;00:30:00;0,50;00:15:00;0,25; 19,00 ;13,00;5.870;5,87;1;2,272; 0,309 
26/06/2025;jun;26;qui;21;NOTURNO;33049;06:11:00;6,18;00:38:00;0,63;00:15:00;0,25; 46,00 ;15,00;9.970;9,97;1;1,612; 0,217 
27/06/2025;jun;27;sex;9;DIURNO;33048;07:05:00;7,08;00:55:00;0,92;00:20:00;0,33; 32,00 ;18,00;13.470;13,47;1;1,902; 0,421 
27/06/2025;jun;27;sex;13;DIURNO;32049;05:02:00;5,03;01:44:00;1,73;01:02:00;1,03; 36,00 ;58,00;12.760;12,76;2;2,535; 0,354 
27/06/2025;jun;27;sex;14;DIURNO;31933;04:55:00;4,92;00:55:00;0,92;00:25:00;0,42; 36,00 ;39,00;10.850;10,85;1;2,207; 0,301 
27/06/2025;jun;27;sex;16;DIURNO;31912;07:12:00;7,20;01:44:00;1,73;00:40:00;0,67; 34,00 ;58,00;15.800;15,80;2;2,194; 0,465 
27/06/2025;jun;27;sex;18;DIURNO;32048;06:51:00;6,85;01:37:00;1,62;00:33:00;0,55; 74,00 ;59,00;11.460;11,46;2;1,673; 0,155 
27/06/2025;jun;27;sex;20;DIURNO;33049;05:25:00;5,42;02:10:00;2,17;00:25:00;0,42; 48,00 ;46,00;13.500;13,50;2;2,492; 0,281 
27/06/2025;jun;27;sex;22;0;32050;04:35:00;4,58;01:05:00;1,08;00:55:00;0,92; 36,00 ;29,00;6.520;6,52;2;1,423; 0,181 
27/06/2025;jun;27;sex;22;0;32051;01:00:00;1,00;00:45:00;0,75;00:35:00;0,58; -   ;24,00;19.340;19,34;2;19,340;#DIV/0!
27/06/2025;jun;27;sex;3;NOTURNO;32048;06:16:00;6,27;00:49:00;0,82;00:22:00;0,37; 37,00 ;31,00;14.730;14,73;2;2,351; 0,398 
27/06/2025;jun;27;sex;4;NOTURNO;32049;06:01:00;6,02;01:26:00;1,43;00:18:00;0,30; 44,00 ;36,00;10.320;10,32;2;1,715; 0,235 
27/06/2025;jun;27;sex;5;NOTURNO;33048;05:14:00;5,23;00:52:00;0,87;00:13:00;0,22; 33,00 ;22,00;11.530;11,53;1;2,203; 0,349 
27/06/2025;jun;27;sex;7;NOTURNO;32051;05:25:00;5,42;01:35:00;1,58;00:30:00;0,50; 35,00 ;40,00;13.160;13,16;2;2,430; 0,376 
27/06/2025;jun;27;sex;21;NOTURNO;33049;06:22:00;6,37;01:09:00;1,15;00:13:00;0,22; 45,00 ;29,00;11.280;11,28;2;1,772; 0,251 
28/06/2025;jun;28;sáb;8;DIURNO;32050;05:30:00;5,50;01:20:00;1,33;00:25:00;0,42; 30,00 ;43,00;13.300;13,30;2;2,418; 0,443 
28/06/2025;jun;28;sáb;10;DIURNO;33048;05:15:00;5,25;01:05:00;1,08;00:15:00;0,25; 35,00 ;18,00;12.890;12,89;1;2,455; 0,368 
28/06/2025;jun;28;sáb;12;DIURNO;32049;05:33:00;5,55;01:33:00;1,55;00:32:00;0,53; 32,00 ;53,00;14.330;14,33;2;2,582; 0,448 
28/06/2025;jun;28;sáb;15;DIURNO;31933;05:10:00;5,17;00:50:00;0,83;00:20:00;0,33; 39,00 ;19,00;13.430;13,43;2;2,599; 0,344 
28/06/2025;jun;28;sáb;17;DIURNO;33049;06:00:00;6,00;00:35:00;0,58;00:30:00;0,50; 52,00 ;13,00;15.820;15,82;2;2,637; 0,304 
28/06/2025;jun;28;sáb;19;DIURNO;32048;04:46:00;4,77;00:53:00;0,88;00:26:00;0,43; 43,00 ;42,00;11.560;11,56;2;2,425; 0,269 
28/06/2025;jun;28;sáb;1;NOTURNO;32048;06:26:00;6,43;00:57:00;0,95;00:21:00;0,35; 35,00 ;32,00;13.010;13,01;2;2,022; 0,372 
28/06/2025;jun;28;sáb;2;NOTURNO;32049;05:48:00;5,80;01:13:00;1,22;00:20:00;0,33; 40,00 ;35,00;10.450;10,45;2;1,802; 0,261 
28/06/2025;jun;28;sáb;6;NOTURNO;33048;06:02:00;6,03;00:38:00;0,63;00:14:00;0,23; 40,00 ;20,00;11.210;11,21;1;1,858; 0,280 
28/06/2025;jun;28;sáb;11;NOTURNO;32050;05:40:00;5,67;00:45:00;0,75;00:25:00;0,42; 38,00 ;23,00;11.300;11,30;2;1,994; 0,297 
28/06/2025;jun;28;sáb;21;NOTURNO;33049;06:00:00;6,00;00:48:00;0,80;00:17:00;0,28; 47,00 ;17,00;8.840;8,84;1;1,473; 0,188 
30/06/2025;jun;30;seg;9;DIURNO;33048;08:15:00;8,25;01:35:00;1,58;00:25:00;0,42; 32,00 ;42,00;21.390;21,39;2;2,593; 0,668 
30/06/2025;jun;30;seg;13;DIURNO;32049;06:25:00;6,42;02:06:00;2,10;00:34:00;0,57; 41,00 ;57,00;16.630;16,63;2;2,592; 0,406 
30/06/2025;jun;30;seg;14;DIURNO;31933;06:20:00;6,33;02:10:00;2,17;00:20:00;0,33; 38,00 ;66,00;15.470;15,47;2;2,443; 0,407 
30/06/2025;jun;30;seg;16;DIURNO;32050;03:19:00;3,32;01:19:00;1,32;00:17:00;0,28; 13,00 ;28,00;8.070;8,07;1;2,433; 0,621 
30/06/2025;jun;30;seg;16;DIURNO;31912;05:10:00;5,17;01:44:00;1,73;00:46:00;0,77; 17,00 ;55,00;12.580;12,58;2;2,435; 0,740 
30/06/2025;jun;30;seg;18;DIURNO;32048;05:54:00;5,90;01:52:00;1,87;00:24:00;0,40; 55,00 ;86,00;13.130;13,13;2;2,225; 0,239 
30/06/2025;jun;30;seg;20;DIURNO;33049;05:55:00;5,92;01:35:00;1,58;00:45:00;0,75; 40,00 ;52,00;16.540;16,54;2;2,795; 0,414 
30/06/2025;jun;30;seg;3;NOTURNO;31933;06:47:00;6,78;01:08:00;1,13;00:25:00;0,42; 43,00 ;27,00;18.710;18,71;2;2,758; 0,435 
30/06/2025;jun;30;seg;4;NOTURNO;32049;08:45:00;8,75;01:14:00;1,23;00:29:00;0,48; 47,00 ;33,00;15.420;15,42;2;1,762; 0,328 
30/06/2025;jun;30;seg;5;NOTURNO;33048;05:54:00;5,90;01:24:00;1,40;00:27:00;0,45; 33,00 ;43,00;16.210;16,21;2;2,747; 0,491 
30/06/2025;jun;30;seg;7;NOTURNO;32051;06:30:00;6,50;01:40:00;1,67;00:30:00;0,50; 34,00 ;44,00;17.780;17,78;2;2,735; 0,523 
30/06/2025;jun;30;seg;21;NOTURNO;33049;06:42:00;6,70;00:58:00;0,97;00:27:00;0,45; 46,00 ;28,00;17.190;17,19;2;2,566; 0,374 
01/07/2025;jul;1;ter;8;DIURNO;32050;08:35:00;8,58;02:38:00;2,63;00:47:00;0,78; 32,00 ;75,00;20.690;20,69;3;2,410; 0,647 
01/07/2025;jul;1;ter;10;DIURNO;33048;07:55:00;7,92;01:10:00;1,17;00:20:00;0,33; 37,00 ;27,00;20.790;20,79;2;2,626; 0,562 
01/07/2025;jul;1;ter;12;DIURNO;32049;08:06:00;8,10;02:54:00;2,90;00:42:00;0,70; 35,00 ;78,00;22.360;22,36;3;2,760; 0,639 
01/07/2025;jul;1;ter;15;DIURNO;31933;08:45:00;8,75;01:30:00;1,50;00:50:00;0,83; 47,00 ;28,00;24.920;24,92;3;2,848; 0,530 
01/07/2025;jul;1;ter;17;DIURNO;33049;09:10:00;9,17;00:40:00;0,67;00:50:00;0,83; 58,00 ;20,00;27.430;27,43;3;2,992; 0,473 
01/07/2025;jul;1;ter;19;DIURNO;32048;06:54:00;6,90;01:08:00;1,13;00:28:00;0,47; 47,00 ;38,00;18.370;18,37;2;2,662; 0,391 
01/07/2025;jul;1;ter;1;NOTURNO;32048;02:50:00;2,83;00:41:00;0,68;00:19:00;0,32; 12,00 ;19,00;8.210;8,21;1;2,898; 0,684 
01/07/2025;jul;1;ter;1;NOTURNO;31933;04:15:00;4,25;00:33:00;0,55;00:13:00;0,22; 23,00 ;18,00;9.060;9,06;1;2,132; 0,394 
01/07/2025;jul;1;ter;2;NOTURNO;32049;07:30:00;7,50;01:16:00;1,27;00:20:00;0,33; 50,00 ;26,00;15.610;15,61;2;2,081; 0,312 
01/07/2025;jul;1;ter;6;NOTURNO;33048;06:20:00;6,33;01:15:00;1,25;00:28:00;0,47; 39,00 ;41,00;16.010;16,01;2;2,528; 0,411 
01/07/2025;jul;1;ter;11;NOTURNO;32051;06:40:00;6,67;01:25:00;1,42;00:25:00;0,42; 38,00 ;24,00;17.370;17,37;2;2,606; 0,457 
01/07/2025;jul;1;ter;21;NOTURNO;33049;05:56:00;5,93;00:39:00;0,65;00:10:00;0,17; 46,00 ;14,00;9.990;9,99;1;1,684; 0,217 
02/07/2025;jul;2;qua;9;DIURNO;33048;05:20:00;5,33;00:55:00;0,92;00:10:00;0,17; 32,00 ;18,00;11.650;11,65;1;2,184; 0,364 
02/07/2025;jul;2;qua;13;DIURNO;32049;05:09:00;5,15;01:20:00;1,33;00:15:00;0,25; 38,00 ;35,00;9.350;9,35;1;1,816; 0,246 
02/07/2025;jul;2;qua;14;DIURNO;31933;04:38:00;4,63;01:02:00;1,03;00:12:00;0,20; 36,00 ;38,00;8.830;8,83;1;1,906; 0,245 
02/07/2025;jul;2;qua;16;DIURNO;32050;04:50:00;4,83;01:43:00;1,72;00:32:00;0,53; 33,00 ;60,00;10.360;10,36;2;2,143; 0,314 
02/07/2025;jul;2;qua;18;DIURNO;32048;04:31:00;4,52;01:05:00;1,08;00:07:00;0,12; 55,00 ;51,00;8.410;8,41;1;1,862; 0,153 
02/07/2025;jul;2;qua;20;DIURNO;33049;05:30:00;5,50;01:49:00;1,82;00:35:00;0,58; 41,00 ;54,00;11.960;11,96;2;2,175; 0,292 
02/07/2025;jul;2;qua;3;NOTURNO;32048;05:48:00;5,80;00:58:00;0,97;00:24:00;0,40; 43,00 ;28,00;13.310;13,31;2;2,295; 0,310 
02/07/2025;jul;2;qua;4;NOTURNO;32049;06:27:00;6,45;01:11:00;1,18;00:20:00;0,33; 50,00 ;33,00;9.530;9,53;2;1,478; 0,191 
02/07/2025;jul;2;qua;5;NOTURNO;33048;05:13:00;5,22;00:35:00;0,58;00:07:00;0,12; 43,00 ;13,00;9.910;9,91;1;1,900; 0,230 
02/07/2025;jul;2;qua;7;NOTURNO;32051;04:20:00;4,33;01:40:00;1,67;00:30:00;0,50; 34,00 ;41,00;11.490;11,49;2;2,652; 0,338 
02/07/2025;jul;2;qua;21;NOTURNO;33049;06:05:00;6,08;00:39:00;0,65;00:08:00;0,13; 45,00 ;16,00;9.980;9,98;1;1,641; 0,222 
03/07/2025;jul;3;qui;8;DIURNO;32050;04:49:00;4,82;01:34:00;1,57;00:29:00;0,48; 30,00 ;46,00;10.170;10,17;2;2,111; 0,339 
03/07/2025;jul;3;qui;10;DIURNO;32051;06:10:00;6,17;01:35:00;1,58;00:25:00;0,42; 37,00 ;28,00;12.070;12,07;2;1,957; 0,326 
03/07/2025;jul;3;qui;12;DIURNO;32049;05:12:00;5,20;01:28:00;1,47;00:36:00;0,60; 36,00 ;49,00;12.430;12,43;2;2,390; 0,345 
03/07/2025;jul;3;qui;15;DIURNO;31933;05:15:00;5,25;01:00:00;1,00;00:30:00;0,50; 38,00 ;20,00;11.930;11,93;2;2,272; 0,314 
03/07/2025;jul;3;qui;17;DIURNO;33049;06:35:00;6,58;00:40:00;0,67;00:45:00;0,75; 51,00 ;17,00;15.120;15,12;2;2,297; 0,296 
03/07/2025;jul;3;qui;19;DIURNO;32048;05:13:00;5,22;00:50:00;0,83;00:21:00;0,35; 52,00 ;35,00;10.940;10,94;2;2,097; 0,210 
03/07/2025;jul;3;qui;22;0;33048;04:25:00;4,42;00:20:00;0,33;00:10:00;0,17; 40,00 ;14,00;700;0,70;1;0,158; 0,018 
03/07/2025;jul;3;qui;1;NOTURNO;32048;05:43:00;5,72;00:59:00;0,98;00:22:00;0,37; 35,00 ;32,00;13.200;13,20;2;2,309; 0,377 
03/07/2025;jul;3;qui;2;NOTURNO;32049;05:10:00;5,17;01:26:00;1,43;00:18:00;0,30; 40,00 ;33,00;10.010;10,01;2;1,937; 0,250 
03/07/2025;jul;3;qui;6;NOTURNO;33048;05:58:00;5,97;00:42:00;0,70;00:12:00;0,20; 40,00 ;19,00;10.970;10,97;1;1,839; 0,274 
03/07/2025;jul;3;qui;11;NOTURNO;32051;05:10:00;5,17;01:10:00;1,17;00:25:00;0,42; 38,00 ;23,00;10.720;10,72;2;2,075; 0,282 
03/07/2025;jul;3;qui;21;NOTURNO;33049;05:51:00;5,85;00:40:00;0,67;00:13:00;0,22; 46,00 ;14,00;9.580;9,58;1;1,638; 0,208 
04/07/2025;jul;4;sex;9;DIURNO;33048;05:10:00;5,17;01:00:00;1,00;00:15:00;0,25; 29,00 ;21,00;12.180;12,18;1;2,357; 0,420 
04/07/2025;jul;4;sex;13;DIURNO;32049;04:49:00;4,82;02:04:00;2,07;00:35:00;0,58; 37,00 ;58,00;11.840;11,84;2;2,458; 0,320 
04/07/2025;jul;4;sex;14;DIURNO;31933;04:20:00;4,33;01:25:00;1,42;00:20:00;0,33; 36,00 ;40,00;9.350;9,35;1;2,158; 0,260 
04/07/2025;jul;4;sex;16;DIURNO;32050;05:31:00;5,52;01:29:00;1,48;00:27:00;0,45; 26,00 ;54,00;14.160;14,16;2;2,567; 0,545 
04/07/2025;jul;4;sex;18;DIURNO;32048;05:25:00;5,42;01:00:00;1,00;00:14:00;0,23; 58,00 ;50,00;9.250;9,25;1;1,708; 0,159 
04/07/2025;jul;4;sex;20;DIURNO;33049;05:55:00;5,92;01:45:00;1,75;00:25:00;0,42; 44,00 ;51,00;13.550;13,55;2;2,290; 0,308 
04/07/2025;jul;4;sex;22;0;32051;05:05:00;5,08;01:13:00;1,22;00:52:00;0,87; 35,00 ;36,00;7.040;7,04;2;1,385; 0,201 
04/07/2025;jul;4;sex;3;NOTURNO;32048;06:21:00;6,35;00:53:00;0,88;00:25:00;0,42; 44,00 ;26,00;14.740;14,74;2;2,321; 0,335 
04/07/2025;jul;4;sex;4;NOTURNO;32049;05:59:00;5,98;01:10:00;1,17;00:22:00;0,37; 45,00 ;34,00;10.160;10,16;2;1,698; 0,226 
04/07/2025;jul;4;sex;5;NOTURNO;33048;05:31:00;5,52;00:46:00;0,77;00:14:00;0,23; 33,00 ;22,00;11.890;11,89;1;2,155; 0,360 
04/07/2025;jul;4;sex;7;NOTURNO;32051;04:50:00;4,83;01:35:00;1,58;00:30:00;0,50; 39,00 ;42,00;12.340;12,34;2;2,553; 0,316 
04/07/2025;jul;4;sex;21;NOTURNO;33049;06:43:00;6,72;00:43:00;0,72;00:28:00;0,47; 46,00 ;29,00;11.640;11,64;2;1,733; 0,253 
05/07/2025;jul;5;sáb;8;DIURNO;32050;05:13:00;5,22;01:13:00;1,22;00:29:00;0,48; 29,00 ;46,00;13.030;13,03;2;2,498; 0,449 
05/07/2025;jul;5;sáb;10;DIURNO;33048;06:20:00;6,33;01:00:00;1,00;00:20:00;0,33; 41,00 ;23,00;13.740;13,74;2;2,169; 0,335 
05/07/2025;jul;5;sáb;12;DIURNO;32049;05:29:00;5,48;01:36:00;1,60;00:28:00;0,47; 31,00 ;51,00;14.420;14,42;2;2,630; 0,465 
05/07/2025;jul;5;sáb;15;DIURNO;31933;06:01:00;6,02;00:57:00;0,95;00:27:00;0,45; 39,00 ;20,00;15.130;15,13;2;2,515; 0,388 
05/07/2025;jul;5;sáb;17;DIURNO;33049;05:40:00;5,67;00:25:00;0,42;00:30:00;0,50; 51,00 ;15,00;15.050;15,05;2;2,656; 0,295 
05/07/2025;jul;5;sáb;19;DIURNO;32048;05:23:00;5,38;01:01:00;1,02;00:25:00;0,42; 43,00 ;42,00;12.120;12,12;2;2,251; 0,282 
05/07/2025;jul;5;sáb;1;NOTURNO;32048;06:23:00;6,38;00:59:00;0,98;00:22:00;0,37; 36,00 ;31,00;13.470;13,47;2;2,110; 0,374 
05/07/2025;jul;5;sáb;2;NOTURNO;32049;06:13:00;6,22;00:59:00;0,98;00:22:00;0,37; 42,00 ;34,00;10.620;10,62;2;1,708; 0,253 
05/07/2025;jul;5;sáb;6;NOTURNO;33048;06:13:00;6,22;00:47:00;0,78;00:15:00;0,25; 39,00 ;20,00;11.340;11,34;1;1,824; 0,291 
05/07/2025;jul;5;sáb;11;NOTURNO;32051;05:15:00;5,25;00:50:00;0,83;00:33:00;0,55; 41,00 ;29,00;11.090;11,09;2;2,112; 0,270 
05/07/2025;jul;5;sáb;21;NOTURNO;33049;06:02:00;6,03;00:28:00;0,47;00:13:00;0,22; 46,00 ;14,00;8.620;8,62;1;1,429; 0,187 
07/07/2025;jul;7;seg;9;DIURNO;33048;07:02:00;7,03;01:18:00;1,30;00:30:00;0,50; 30,00 ;43,00;20.590;20,59;2;2,927; 0,686 
07/07/2025;jul;7;seg;13;DIURNO;32049;06:35:00;6,58;02:02:00;2,03;00:40:00;0,67; 40,00 ;57,00;16.070;16,07;2;2,441; 0,402 
07/07/2025;jul;7;seg;14;DIURNO;31933;06:45:00;6,75;04:05:00;4,08;00:25:00;0,42; 38,00 ;68,00;15.650;15,65;2;2,319; 0,412 
07/07/2025;jul;7;seg;16;DIURNO;32051;06:28:00;6,47;03:02:00;3,03;00:40:00;0,67; 23,00 ;95,00;18.960;18,96;3;2,932; 0,824 
07/07/2025;jul;7;seg;18;DIURNO;32048;07:00:00;7,00;02:05:00;2,08;00:23:00;0,38; 60,00 ;153,00;12.980;12,98;2;1,854; 0,216 
07/07/2025;jul;7;seg;20;DIURNO;33049;05:50:00;5,83;01:50:00;1,83;00:25:00;0,42; 42,00 ;52,00;16.240;16,24;2;2,784; 0,387 
07/07/2025;jul;7;seg;3;NOTURNO;32048;06:13:00;6,22;00:57:00;0,95;00:21:00;0,35; 43,00 ;26,00;17.640;17,64;2;2,838; 0,410 
07/07/2025;jul;7;seg;4;NOTURNO;32049;06:57:00;6,95;01:12:00;1,20;00:22:00;0,37; 44,00 ;32,00;14.290;14,29;2;2,056; 0,325 
07/07/2025;jul;7;seg;5;NOTURNO;33048;06:18:00;6,30;01:11:00;1,18;00:28:00;0,47; 40,00 ;36,00;15.990;15,99;2;2,538; 0,400 
07/07/2025;jul;7;seg;7;NOTURNO;32051;05:40:00;5,67;01:55:00;1,92;00:30:00;0,50; 34,00 ;40,00;16.520;16,52;2;2,915; 0,486 
07/07/2025;jul;7;seg;21;NOTURNO;33049;03:03:00;3,05;00:33:00;0,55;00:10:00;0,17; 18,00 ;14,00;6.550;6,55;1;2,148; 0,364 
07/07/2025;jul;7;seg;21;NOTURNO;31933;03:51:00;3,85;00:52:00;0,87;00:06:00;0,10; 27,00 ;14,00;9.920;9,92;1;2,577; 0,367 
08/07/2025;jul;8;ter;8;DIURNO;32050;06:27:00;6,45;01:59:00;1,98;00:39:00;0,65; 37,00 ;63,00;19.460;19,46;3;3,017; 0,526 
08/07/2025;jul;8;ter;10;DIURNO;33048;06:29:00;6,48;00:56:00;0,93;00:35:00;0,58; 37,00 ;27,00;18.730;18,73;2;2,889; 0,506 
08/07/2025;jul;8;ter;12;DIURNO;32049;07:22:00;7,37;02:56:00;2,93;00:58:00;0,97; 35,00 ;76,00;22.430;22,43;3;3,045; 0,641 
08/07/2025;jul;8;ter;15;DIURNO;31933;07:35:00;7,58;01:29:00;1,48;00:40:00;0,67; 40,00 ;30,00;22.250;22,25;3;2,934; 0,556 
08/07/2025;jul;8;ter;17;DIURNO;33049;08:40:00;8,67;01:05:00;1,08;00:45:00;0,75; 59,00 ;22,00;26.780;26,78;3;3,090; 0,454 
08/07/2025;jul;8;ter;19;DIURNO;32048;07:04:00;7,07;01:28:00;1,47;00:30:00;0,50; 53,00 ;41,00;17.290;17,29;2;2,447; 0,326 
08/07/2025;jul;8;ter;1;NOTURNO;31933;06:41:00;6,68;01:25:00;1,42;00:30:00;0,50; 35,00 ;37,00;17.280;17,28;2;2,586; 0,494 
08/07/2025;jul;8;ter;2;NOTURNO;32048;06:43:00;6,72;01:07:00;1,12;00:27:00;0,45; 41,00 ;45,00;15.250;15,25;2;2,270; 0,372 
08/07/2025;jul;8;ter;6;NOTURNO;33048;06:27:00;6,45;01:38:00;1,63;00:27:00;0,45; 40,00 ;40,00;15.120;15,12;2;2,344; 0,378 
08/07/2025;jul;8;ter;11;NOTURNO;32051;05:46:00;5,77;01:14:00;1,23;00:30:00;0,50; 38,00 ;24,00;16.420;16,42;2;2,847; 0,432 
08/07/2025;jul;8;ter;21;NOTURNO;32050;05:44:00;5,73;00:57:00;0,95;00:21:00;0,35; 43,00 ;28,00;10.000;10,00;2;1,744; 0,233 
09/07/2025;jul;9;qua;9;DIURNO;33048;03:41:00;3,68;00:49:00;0,82;00:10:00;0,17; 29,00 ;20,00;7.640;7,64;1;2,074; 0,263 
09/07/2025;jul;9;qua;13;DIURNO;32051;03:30:00;3,50;01:05:00;1,08;00:22:00;0,37; 39,00 ;35,00;6.310;6,31;1;1,803; 0,162 
09/07/2025;jul;9;qua;14;DIURNO;31933;03:25:00;3,42;01:05:00;1,08;00:10:00;0,17; 36,00 ;38,00;5.180;5,18;1;1,516; 0,144 
09/07/2025;jul;9;qua;16;DIURNO;32050;03:28:00;3,47;00:53:00;0,88;00:13:00;0,22; 30,00 ;33,00;6.410;6,41;1;1,849; 0,214 
09/07/2025;jul;9;qua;18;DIURNO;32048;03:28:00;3,47;01:06:00;1,10;00:11:00;0,18; 52,00 ;51,00;4.300;4,30;1;1,240; 0,083 
09/07/2025;jul;9;qua;20;DIURNO;33049;03:55:00;3,92;00:45:00;0,75;00:15:00;0,25; 40,00 ;27,00;7.930;7,93;1;2,025; 0,198 
09/07/2025;jul;9;qua;3;NOTURNO;32048;06:10:00;6,17;00:33:00;0,55;00:15:00;0,25; 43,00 ;15,00;9.300;9,30;1;1,508; 0,216 
09/07/2025;jul;9;qua;4;NOTURNO;33024;05:18:00;5,30;00:30:00;0,50;00:07:00;0,12; 48,00 ;18,00;6.610;6,61;1;1,247; 0,138 
09/07/2025;jul;9;qua;5;NOTURNO;33048;03:50:00;3,83;00:45:00;0,75;00:11:00;0,18; 33,00 ;22,00;5.680;5,68;1;1,482; 0,172 
09/07/2025;jul;9;qua;7;NOTURNO;32051;03:05:00;3,08;00:40:00;0,67;00:10:00;0,17; 32,00 ;21,00;5.480;5,48;1;1,777; 0,171 
09/07/2025;jul;9;qua;21;NOTURNO;33049;03:58:00;3,97;00:48:00;0,80;00:07:00;0,12; 45,00 ;20,00;4.210;4,21;1;1,061; 0,094 
10/07/2025;jul;10;qui;8;DIURNO;32050;05:16:00;5,27;01:16:00;1,27;00:28:00;0,47; 29,00 ;45,00;12.240;12,24;2;2,324; 0,422 
10/07/2025;jul;10;qui;10;DIURNO;33048;06:05:00;6,08;01:00:00;1,00;00:30:00;0,50; 38,00 ;28,00;12.580;12,58;2;2,068; 0,331 
10/07/2025;jul;10;qui;12;DIURNO;32051;04:43:00;4,72;01:44:00;1,73;00:31:00;0,52; 34,00 ;52,00;12.030;12,03;2;2,551; 0,354 
10/07/2025;jul;10;qui;15;DIURNO;32048;05:45:00;5,75;01:00:00;1,00;00:25:00;0,42; 38,00 ;20,00;13.850;13,85;2;2,409; 0,364 
10/07/2025;jul;10;qui;17;DIURNO;33049;06:50:00;6,83;00:45:00;0,75;00:30:00;0,50; 54,00 ;14,00;15.710;15,71;2;2,299; 0,291 
10/07/2025;jul;10;qui;19;DIURNO;33024;05:09:00;5,15;00:21:00;0,35;00:12:00;0,20; 46,00 ;18,00;9.470;9,47;1;1,839; 0,206 
10/07/2025;jul;10;qui;22;0;31933;04:38:00;4,63;01:13:00;1,22;00:34:00;0,57; -   ;51,00;2.570;2,57;1;0,555;#DIV/0!
10/07/2025;jul;10;qui;1;NOTURNO;32048;06:24:00;6,40;00:52:00;0,87;00:26:00;0,43; 36,00 ;31,00;12.180;12,18;2;1,903; 0,338 
10/07/2025;jul;10;qui;2;NOTURNO;33024;05:54:00;5,90;00:43:00;0,72;00:10:00;0,17; 42,00 ;15,00;9.600;9,60;1;1,627; 0,229 
10/07/2025;jul;10;qui;6;NOTURNO;33048;05:00:00;5,00;00:42:00;0,70;00:18:00;0,30; 40,00 ;19,00;10.330;10,33;1;2,066; 0,258 
10/07/2025;jul;10;qui;11;NOTURNO;32051;04:45:00;4,75;00:40:00;0,67;00:30:00;0,50; 38,00 ;24,00;10.930;10,93;2;2,301; 0,288 
10/07/2025;jul;10;qui;21;NOTURNO;33049;06:08:00;6,13;01:04:00;1,07;00:19:00;0,32; 46,00 ;28,00;12.940;12,94;2;2,110; 0,281 
11/07/2025;jul;11;sex;9;DIURNO;33048;05:20:00;5,33;01:26:00;1,43;00:24:00;0,40; 31,00 ;42,00;18.660;18,66;2;3,499; 0,602 
11/07/2025;jul;11;sex;13;DIURNO;32051;06:20:00;6,33;01:58:00;1,97;00:39:00;0,65; 40,00 ;59,00;15.350;15,35;2;2,424; 0,384 
11/07/2025;jul;11;sex;14;DIURNO;32048;05:55:00;5,92;01:50:00;1,83;00:20:00;0,33; 28,00 ;64,00;14.080;14,08;2;2,380; 0,503 
11/07/2025;jul;11;sex;16;DIURNO;32050;06:27:00;6,45;02:27:00;2,45;00:42:00;0,70; 33,00 ;94,00;19.990;19,99;3;3,099; 0,606 
11/07/2025;jul;11;sex;18;DIURNO;33024;06:16:00;6,27;02:19:00;2,32;00:25:00;0,42; 57,00 ;102,00;13.570;13,57;2;2,165; 0,238 
11/07/2025;jul;11;sex;20;DIURNO;33049;03:15:00;3,25;01:00:00;1,00;00:10:00;0,17; 21,00 ;26,00;9.770;9,77;1;3,006; 0,465 
11/07/2025;jul;11;sex;20;DIURNO;31933;02:45:00;2,75;00:55:00;0,92;00:15:00;0,25; 20,00 ;26,00;7.340;7,34;1;2,669; 0,367 
11/07/2025;jul;11;sex;3;NOTURNO;31933;07:17:00;7,28;00:57:00;0,95;00:20:00;0,33; 41,00 ;26,00;18.100;18,10;2;2,485; 0,441 
11/07/2025;jul;11;sex;4;NOTURNO;33024;06:22:00;6,37;01:15:00;1,25;00:20:00;0,33; 45,00 ;36,00;13.220;13,22;2;2,076; 0,294 
11/07/2025;jul;11;sex;5;NOTURNO;33048;05:51:00;5,85;01:30:00;1,50;00:29:00;0,48; 32,00 ;44,00;16.170;16,17;2;2,764; 0,505 
11/07/2025;jul;11;sex;7;NOTURNO;32049;06:29:00;6,48;01:41:00;1,68;00:40:00;0,67; 35,00 ;43,00;18.180;18,18;2;2,804; 0,519 
11/07/2025;jul;11;sex;21;NOTURNO;33049;06:11:00;6,18;00:58:00;0,97;00:25:00;0,42; 47,00 ;28,00;11.360;11,36;2;1,837; 0,242 
12/07/2025;jul;12;sáb;8;DIURNO;32050;06:37:00;6,62;01:07:00;1,12;00:28:00;0,47; 30,00 ;44,00;14.330;14,33;2;2,166; 0,478 
12/07/2025;jul;12;sáb;10;DIURNO;33048;05:08:00;5,13;01:05:00;1,08;00:20:00;0,33; 37,00 ;29,00;14.140;14,14;2;2,755; 0,382 
12/07/2025;jul;12;sáb;12;DIURNO;32049;07:18:00;7,30;01:45:00;1,75;00:32:00;0,53; 31,00 ;52,00;17.630;17,63;2;2,415; 0,569 
12/07/2025;jul;12;sáb;15;DIURNO;31933;06:30:00;6,50;01:00:00;1,00;00:20:00;0,33; 39,00 ;19,00;16.100;16,10;2;2,477; 0,413 
12/07/2025;jul;12;sáb;17;DIURNO;33049;06:40:00;6,67;00:40:00;0,67;00:25:00;0,42; 49,00 ;18,00;17.890;17,89;2;2,684; 0,365 
12/07/2025;jul;12;sáb;19;DIURNO;33024;05:41:00;5,68;01:03:00;1,05;00:25:00;0,42; 45,00 ;37,00;13.150;13,15;2;2,314; 0,292 
12/07/2025;jul;12;sáb;1;NOTURNO;32051;06:49:00;6,82;00:59:00;0,98;00:26:00;0,43; 36,00 ;31,00;13.570;13,57;2;1,991; 0,377 
12/07/2025;jul;12;sáb;2;NOTURNO;33024;06:09:00;6,15;00:44:00;0,73;00:13:00;0,22; 43,00 ;15,00;10.000;10,00;1;1,626; 0,233 
12/07/2025;jul;12;sáb;6;NOTURNO;33048;05:26:00;5,43;00:40:00;0,67;00:11:00;0,18; 37,00 ;20,00;10.790;10,79;1;1,986; 0,292 
12/07/2025;jul;12;sáb;11;NOTURNO;32050;05:05:00;5,08;00:50:00;0,83;00:30:00;0,50; 33,00 ;28,00;11.860;11,86;2;2,333; 0,359 
12/07/2025;jul;12;sáb;21;NOTURNO;33049;06:10:00;6,17;00:43:00;0,72;00:06:00;0,10; 46,00 ;14,00;8.870;8,87;1;1,438; 0,193 
14/07/2025;jul;14;seg;9;DIURNO;33048;06:30:00;6,50;01:25:00;1,42;00:40:00;0,67; 30,00 ;43,00;20.440;20,44;2;3,145; 0,681 
14/07/2025;jul;14;seg;13;DIURNO;32049;06:54:00;6,90;01:50:00;1,83;00:24:00;0,40; 39,00 ;57,00;16.380;16,38;2;2,374; 0,420 
14/07/2025;jul;14;seg;14;DIURNO;31933;05:45:00;5,75;02:20:00;2,33;00:30:00;0,50; 38,00 ;55,00;15.070;15,07;2;2,621; 0,397 
14/07/2025;jul;14;seg;16;DIURNO;32051;07:42:00;7,70;02:48:00;2,80;00:33:00;0,55; 34,00 ;98,00;19.700;19,70;3;2,558; 0,579 
14/07/2025;jul;14;seg;18;DIURNO;33024;04:25:00;4,42;01:12:00;1,20;00:10:00;0,17; 39,00 ;43,00;7.930;7,93;1;1,795; 0,203 
14/07/2025;jul;14;seg;18;DIURNO;32050;01:50:00;1,83;01:39:00;1,65;00:35:00;0,58; 17,00 ;64,00;4.510;4,51;1;2,460; 0,265 
14/07/2025;jul;14;seg;20;DIURNO;33049;06:00:00;6,00;01:45:00;1,75;00:30:00;0,50; 41,00 ;53,00;15.960;15,96;2;2,660; 0,389 
14/07/2025;jul;14;seg;3;NOTURNO;31933;06:40:00;6,67;01:00:00;1,00;00:25:00;0,42; 39,00 ;28,00;17.290;17,29;2;2,594; 0,443 
14/07/2025;jul;14;seg;4;NOTURNO;33024;06:54:00;6,90;01:24:00;1,40;00:16:00;0,27; 44,00 ;36,00;14.180;14,18;2;2,055; 0,322 
14/07/2025;jul;14;seg;5;NOTURNO;33048;05:18:00;5,30;01:28:00;1,47;00:24:00;0,40; 32,00 ;43,00;14.990;14,99;2;2,828; 0,468 
14/07/2025;jul;14;seg;7;NOTURNO;32049;06:05:00;6,08;01:30:00;1,50;00:20:00;0,33; 34,00 ;39,00;17.190;17,19;2;2,826; 0,506 
14/07/2025;jul;14;seg;21;NOTURNO;33049;06:37:00;6,62;01:00:00;1,00;00:29:00;0,48; 46,00 ;28,00;16.710;16,71;2;2,525; 0,363 
15/07/2025;jul;15;ter;8;DIURNO;32050;08:09:00;8,15;01:46:00;1,77;00:45:00;0,75; 34,00 ;67,00;19.430;19,43;3;2,384; 0,571 
15/07/2025;jul;15;ter;10;DIURNO;33048;09:15:00;9,25;01:10:00;1,17;00:45:00;0,75; 40,00 ;28,00;20.500;20,50;2;2,216; 0,513 
15/07/2025;jul;15;ter;12;DIURNO;32049;07:26:00;7,43;02:42:00;2,70;00:42:00;0,70; 33,00 ;75,00;21.330;21,33;3;2,870; 0,646 
15/07/2025;jul;15;ter;15;DIURNO;31933;08:45:00;8,75;01:05:00;1,08;00:50:00;0,83; 33,00 ;30,00;22.640;22,64;2;2,587; 0,686 
15/07/2025;jul;15;ter;17;DIURNO;33049;09:30:00;9,50;00:47:00;0,78;00:43:00;0,72; 61,00 ;19,00;26.070;26,07;3;2,744; 0,427 
15/07/2025;jul;15;ter;19;DIURNO;33024;07:17:00;7,28;02:16:00;2,27;00:40:00;0,67; 50,00 ;61,00;18.290;18,29;3;2,511; 0,366 
15/07/2025;jul;15;ter;1;NOTURNO;31933;06:24:00;6,40;00:50:00;0,83;00:26:00;0,43; 33,00 ;33,00;16.870;16,87;2;2,636; 0,511 
15/07/2025;jul;15;ter;2;NOTURNO;33024;07:35:00;7,58;00:58:00;0,97;00:31:00;0,52; 43,00 ;32,00;14.520;14,52;2;1,915; 0,338 
15/07/2025;jul;15;ter;6;NOTURNO;33048;06:01:00;6,02;01:11:00;1,18;00:24:00;0,40; 41,00 ;38,00;15.430;15,43;2;2,565; 0,376 
15/07/2025;jul;15;ter;11;NOTURNO;32049;07:05:00;7,08;01:05:00;1,08;00:20:00;0,33; 37,00 ;25,00;16.920;16,92;2;2,389; 0,457 
15/07/2025;jul;15;ter;21;NOTURNO;33049;05:48:00;5,80;00:29:00;0,48;00:17:00;0,28; 46,00 ;15,00;9.680;9,68;1;1,669; 0,210 
16/07/2025;jul;16;qua;9;DIURNO;33048;06:00:00;6,00;01:13:00;1,22;00:12:00;0,20; 30,00 ;27,00;11.710;11,71;1;1,952; 0,390 
16/07/2025;jul;16;qua;13;DIURNO;32049;05:04:00;5,07;01:44:00;1,73;00:29:00;0,48; 41,00 ;56,00;9.610;9,61;2;1,897; 0,234 
16/07/2025;jul;16;qua;14;DIURNO;31933;04:30:00;4,50;01:25:00;1,42;00:20:00;0,33; 34,00 ;30,00;8.360;8,36;1;1,858; 0,246 
16/07/2025;jul;16;qua;16;DIURNO;32050;05:10:00;5,17;01:43:00;1,72;00:38:00;0,63; 30,00 ;58,00;10.930;10,93;2;2,115; 0,364 
16/07/2025;jul;16;qua;18;DIURNO;33024;05:29:00;5,48;01:15:00;1,25;00:14:00;0,23; 58,00 ;49,00;8.510;8,51;1;1,552; 0,147 
16/07/2025;jul;16;qua;20;DIURNO;33049;05:30:00;5,50;02:20:00;2,33;00:35:00;0,58; 30,00 ;73,00;13.200;13,20;2;2,400; 0,440 
16/07/2025;jul;16;qua;22;0;32051;02:45:00;2,75;02:15:00;2,25;00:40:00;0,67; 14,00 ;71,00;6.710;6,71;2;2,440; 0,479 
16/07/2025;jul;16;qua;3;NOTURNO;32049;06:52:00;6,87;00:30:00;0,50;00:23:00;0,38; 41,00 ;26,00;12.970;12,97;2;1,889; 0,316 
16/07/2025;jul;16;qua;4;NOTURNO;33024;06:10:00;6,17;00:41:00;0,68;00:13:00;0,22; 49,00 ;17,00;10.000;10,00;1;1,622; 0,204 
16/07/2025;jul;16;qua;5;NOTURNO;33048;05:05:00;5,08;00:49:00;0,82;00:15:00;0,25; 32,00 ;23,00;10.530;10,53;1;2,071; 0,329 
16/07/2025;jul;16;qua;7;NOTURNO;31933;05:35:00;5,58;01:00:00;1,00;00:15:00;0,25; 34,00 ;18,00;11.330;11,33;1;2,029; 0,333 
16/07/2025;jul;16;qua;21;NOTURNO;33049;05:54:00;5,90;00:36:00;0,60;00:10:00;0,17; 46,00 ;14,00;9.460;9,46;1;1,603; 0,206 
17/07/2025;jul;17;qui;8;DIURNO;32050;06:47:00;6,78;01:28:00;1,47;00:25:00;0,42; 29,00 ;47,00;12.870;12,87;2;1,897; 0,444 
17/07/2025;jul;17;qui;10;DIURNO;33048;06:35:00;6,58;00:50:00;0,83;00:35:00;0,58; 36,00 ;31,00;9.610;9,61;2;1,460; 0,267 
17/07/2025;jul;17;qui;12;DIURNO;32049;05:28:00;5,47;01:37:00;1,62;00:31:00;0,52; 36,00 ;52,00;12.840;12,84;2;2,349; 0,357 
17/07/2025;jul;17;qui;15;DIURNO;31933;04:30:00;4,50;01:10:00;1,17;00:20:00;0,33; 37,00 ;20,00;11.690;11,69;2;2,598; 0,316 
17/07/2025;jul;17;qui;17;DIURNO;32051;06:55:00;6,92;00:50:00;0,83;00:35:00;0,58; 46,00 ;23,00;14.890;14,89;3;2,153; 0,324 
17/07/2025;jul;17;qui;19;DIURNO;33024;06:37:00;6,62;01:48:00;1,80;00:22:00;0,37; 54,00 ;31,00;12.790;12,79;2;1,933; 0,237 
17/07/2025;jul;17;qui;22;0;31912;02:45:00;2,75;00:45:00;0,75;00:10:00;0,17; 18,00 ;13,00;2.310;2,31;1;0,840; 0,128 
17/07/2025;jul;17;qui;1;NOTURNO;32049;06:29:00;6,48;00:47:00;0,78;00:24:00;0,40; 35,00 ;32,00;12.270;12,27;2;1,893; 0,351 
17/07/2025;jul;17;qui;2;NOTURNO;33024;05:44:00;5,73;00:47:00;0,78;00:12:00;0,20; 42,00 ;15,00;9.840;9,84;1;1,716; 0,234 
17/07/2025;jul;17;qui;6;NOTURNO;33048;05:19:00;5,32;00:41:00;0,68;00:12:00;0,20; 40,00 ;18,00;10.230;10,23;1;1,924; 0,256 
17/07/2025;jul;17;qui;11;NOTURNO;31912;06:00:00;6,00;00:40:00;0,67;00:20:00;0,33; 38,00 ;12,00;10.420;10,42;1;1,737; 0,274 
17/07/2025;jul;17;qui;21;NOTURNO;33049;06:19:00;6,32;00:32:00;0,53;00:14:00;0,23; 46,00 ;14,00;9.920;9,92;1;1,570; 0,216 
18/07/2025;jul;18;sex;9;DIURNO;33048;05:00:00;5,00;00:35:00;0,58;00:15:00;0,25; 30,00 ;20,00;11.990;11,99;1;2,398; 0,400 
18/07/2025;jul;18;sex;13;DIURNO;32049;04:45:00;4,75;01:48:00;1,80;00:25:00;0,42; 37,00 ;60,00;11.750;11,75;2;2,474; 0,318 
18/07/2025;jul;18;sex;14;DIURNO;31933;04:50:00;4,83;01:00:00;1,00;00:10:00;0,17; 35,00 ;38,00;10.220;10,22;1;2,114; 0,292 
18/07/2025;jul;18;sex;16;DIURNO;32050;05:43:00;5,72;01:40:00;1,67;00:22:00;0,37; 34,00 ;52,00;13.270;13,27;2;2,321; 0,390 
18/07/2025;jul;18;sex;18;DIURNO;33024;06:04:00;6,07;01:00:00;1,00;00:13:00;0,22; 63,00 ;44,00;9.450;9,45;1;1,558; 0,150 
18/07/2025;jul;18;sex;20;DIURNO;32051;05:55:00;5,92;01:30:00;1,50;00:40:00;0,67; 42,00 ;50,00;13.770;13,77;2;2,327; 0,328 
18/07/2025;jul;18;sex;22;0;31912;02:10:00;2,17;02:25:00;2,42;00:50:00;0,83; 19,00 ;41,00;5.700;5,70;2;2,631; 0,300 
18/07/2025;jul;18;sex;3;NOTURNO;32051;06:13:00;6,22;00:40:00;0,67;00:26:00;0,43; 42,00 ;27,00;13.350;13,35;2;2,147; 0,318 
18/07/2025;jul;18;sex;4;NOTURNO;33024;06:35:00;6,58;00:42:00;0,70;00:09:00;0,15; 47,00 ;17,00;10.400;10,40;1;1,580; 0,221 
18/07/2025;jul;18;sex;5;NOTURNO;33048;05:07:00;5,12;00:46:00;0,77;00:12:00;0,20; 33,00 ;23,00;11.520;11,52;1;2,251; 0,349 
18/07/2025;jul;18;sex;7;NOTURNO;32049;05:30:00;5,50;01:40:00;1,67;00:30:00;0,50; 41,00 ;37,00;13.080;13,08;2;2,378; 0,319 
18/07/2025;jul;18;sex;21;NOTURNO;33049;06:12:00;6,20;01:04:00;1,07;00:25:00;0,42; 45,00 ;29,00;11.450;11,45;2;1,847; 0,254 
19/07/2025;jul;19;sáb;8;DIURNO;31912;06:16:00;6,27;01:31:00;1,52;00:20:00;0,33; 31,00 ;44,00;14.060;14,06;2;2,244; 0,454 
19/07/2025;jul;19;sáb;10;DIURNO;33048;05:28:00;5,47;00:47:00;0,78;00:15:00;0,25; 36,00 ;16,00;12.510;12,51;1;2,288; 0,348 
19/07/2025;jul;19;sáb;12;DIURNO;32049;05:19:00;5,32;01:46:00;1,77;00:19:00;0,32; 31,00 ;62,00;14.420;14,42;2;2,712; 0,465 
19/07/2025;jul;19;sáb;15;DIURNO;31933;06:05:00;6,08;01:00:00;1,00;00:30:00;0,50; 38,00 ;19,00;16.330;16,33;2;2,684; 0,430 
19/07/2025;jul;19;sáb;17;DIURNO;33049;07:25:00;7,42;00:55:00;0,92;00:25:00;0,42; 36,00 ;17,00;18.750;18,75;2;2,528; 0,521 
19/07/2025;jul;19;sáb;19;DIURNO;33024;05:44:00;5,73;01:04:00;1,07;00:27:00;0,45; 42,00 ;42,00;11.640;11,64;2;2,030; 0,277 
19/07/2025;jul;19;sáb;1;NOTURNO;32051;06:18:00;6,30;00:49:00;0,82;00:23:00;0,38; 36,00 ;32,00;12.980;12,98;2;2,060; 0,361 
19/07/2025;jul;19;sáb;2;NOTURNO;33024;06:21:00;6,35;00:43:00;0,72;00:11:00;0,18; 43,00 ;15,00;10.320;10,32;1;1,625; 0,240 
19/07/2025;jul;19;sáb;6;NOTURNO;33048;05:05:00;5,08;00:47:00;0,78;00:15:00;0,25; 37,00 ;20,00;10.360;10,36;1;2,038; 0,280 
19/07/2025;jul;19;sáb;11;NOTURNO;32050;05:15:00;5,25;00:50:00;0,83;00:25:00;0,42; 39,00 ;21,00;11.840;11,84;2;2,255; 0,304 
19/07/2025;jul;19;sáb;21;NOTURNO;32049;05:47:00;5,78;01:00:00;1,00;00:25:00;0,42; 44,00 ;27,00;8.800;8,80;2;1,522; 0,200 
21/07/2025;jul;21;seg;9;DIURNO;33048;08:21:00;8,35;01:34:00;1,57;00:50:00;0,83; 30,00 ;45,00;21.390;21,39;2;2,562; 0,713 
21/07/2025;jul;21;seg;13;DIURNO;32049;05:59:00;5,98;01:46:00;1,77;00:25:00;0,42; 37,00 ;72,00;15.850;15,85;2;2,649; 0,428 
21/07/2025;jul;21;seg;14;DIURNO;31933;06:00:00;6,00;02:00:00;2,00;00:30:00;0,50; 36,00 ;55,00;14.950;14,95;2;2,492; 0,415 
21/07/2025;jul;21;seg;16;DIURNO;32050;07:40:00;7,67;02:29:00;2,48;00:40:00;0,67; 38,00 ;84,00;20.370;20,37;3;2,657; 0,536 
21/07/2025;jul;21;seg;18;DIURNO;33024;06:46:00;6,77;01:51:00;1,85;00:34:00;0,57; 60,00 ;83,00;12.380;12,38;2;1,830; 0,206 
21/07/2025;jul;21;seg;20;DIURNO;33049;06:05:00;6,08;01:30:00;1,50;00:25:00;0,42; 42,00 ;51,00;16.470;16,47;2;2,707; 0,392 
21/07/2025;jul;21;seg;22;0;32051;02:05:00;2,08;00:55:00;0,92;00:30:00;0,50; 17,00 ;15,00;1.060;1,06;1;0,509; 0,062 
21/07/2025;jul;21;seg;3;NOTURNO;31933;06:49:00;6,82;00:37:00;0,62;00:29:00;0,48; 42,00 ;24,00;16.770;16,77;2;2,460; 0,399 
21/07/2025;jul;21;seg;4;NOTURNO;33024;06:54:00;6,90;00:56:00;0,93;00:20:00;0,33; 45,00 ;34,00;13.980;13,98;2;2,026; 0,311 
21/07/2025;jul;21;seg;5;NOTURNO;32051;02:41:00;2,68;01:08:00;1,13;00:08:00;0,13; 15,00 ;23,00;7.730;7,73;1;2,881; 0,515 
21/07/2025;jul;21;seg;5;NOTURNO;33048;02:50:00;2,83;00:43:00;0,72;00:13:00;0,22; 17,00 ;21,00;7.670;7,67;1;2,707; 0,451 
21/07/2025;jul;21;seg;7;NOTURNO;32049;05:00:00;5,00;03:05:00;3,08;00:25:00;0,42; 33,00 ;40,00;16.620;16,62;2;3,324; 0,504 
21/07/2025;jul;21;seg;21;NOTURNO;33049;06:55:00;6,92;01:10:00;1,17;00:23:00;0,38; 45,00 ;29,00;16.310;16,31;2;2,358; 0,362 
22/07/2025;jul;22;ter;8;DIURNO;32051;08:25:00;8,42;01:50:00;1,83;00:44:00;0,73; 32,00 ;66,00;18.870;18,87;3;2,242; 0,590 
22/07/2025;jul;22;ter;10;DIURNO;33048;07:20:00;7,33;01:42:00;1,70;01:03:00;1,05; 39,00 ;44,00;20.990;20,99;3;2,862; 0,538 
22/07/2025;jul;22;ter;12;DIURNO;32049;07:36:00;7,60;02:19:00;2,32;00:49:00;0,82; 33,00 ;80,00;21.700;21,70;3;2,855; 0,658 
22/07/2025;jul;22;ter;15;DIURNO;31933;07:55:00;7,92;01:25:00;1,42;00:55:00;0,92; 40,00 ;29,00;22.780;22,78;3;2,877; 0,570 
22/07/2025;jul;22;ter;17;DIURNO;33049;09:40:00;9,67;01:00:00;1,00;00:45:00;0,75; 60,00 ;19,00;26.220;26,22;3;2,712; 0,437 
22/07/2025;jul;22;ter;19;DIURNO;33024;05:46:00;5,77;02:49:00;2,82;00:35:00;0,58; 51,00 ;40,00;17.270;17,27;2;2,995; 0,339 
22/07/2025;jul;22;ter;22;0;32050;01:55:00;1,92;01:10:00;1,17;00:30:00;0,50; 18,00 ;35,00;2.150;2,15;1;1,122; 0,119 
22/07/2025;jul;22;ter;1;NOTURNO;31933;07:06:00;7,10;00:51:00;0,85;00:32:00;0,53; 34,00 ;32,00;17.190;17,19;2;2,421; 0,506 
22/07/2025;jul;22;ter;2;NOTURNO;33024;07:31:00;7,52;01:27:00;1,45;00:32:00;0,53; 37,00 ;40,00;14.030;14,03;2;1,867; 0,379 
22/07/2025;jul;22;ter;6;NOTURNO;33048;06:20:00;6,33;01:16:00;1,27;00:24:00;0,40; 41,00 ;39,00;15.300;15,30;2;2,416; 0,373 
22/07/2025;jul;22;ter;11;NOTURNO;32049;06:30:00;6,50;01:20:00;1,33;00:20:00;0,33; 37,00 ;24,00;17.470;17,47;2;2,688; 0,472 
22/07/2025;jul;22;ter;21;NOTURNO;32050;06:10:00;6,17;01:16:00;1,27;00:23:00;0,38; 45,00 ;30,00;9.940;9,94;2;1,612; 0,221 
23/07/2025;jul;23;qua;9;DIURNO;33048;05:25:00;5,42;01:10:00;1,17;00:25:00;0,42; 31,00 ;40,00;12.140;12,14;2;2,241; 0,392 
23/07/2025;jul;23;qua;13;DIURNO;32049;05:33:00;5,55;00:47:00;0,78;00:21:00;0,35; 39,00 ;36,00;10.090;10,09;1;1,818; 0,259 
23/07/2025;jul;23;qua;14;DIURNO;31933;05:05:00;5,08;01:25:00;1,42;00:20:00;0,33; 35,00 ;41,00;9.370;9,37;1;1,843; 0,268 
23/07/2025;jul;23;qua;16;DIURNO;31912;06:29:00;6,48;02:54:00;2,90;00:28:00;0,47; 33,00 ;56,00;12.410;12,41;2;1,914; 0,376 
23/07/2025;jul;23;qua;18;DIURNO;33024;06:05:00;6,08;01:04:00;1,07;00:23:00;0,38; 57,00 ;47,00;8.220;8,22;1;1,351; 0,144 
23/07/2025;jul;23;qua;20;DIURNO;33049;05:25:00;5,42;01:00:00;1,00;00:10:00;0,17; 38,00 ;26,00;10.790;10,79;1;1,992; 0,284 
23/07/2025;jul;23;qua;22;0;32051;00:55:00;0,92;00:20:00;0,33;00:15:00;0,25; -   ;10,00;3.930;3,93;1;4,287;#DIV/0!
23/07/2025;jul;23;qua;22;0;32051;00:40:00;0,67;01:15:00;1,25;00:10:00;0,17; 8,00 ;30,00;1.500;1,50;1;2,250; 0,188 
23/07/2025;jul;23;qua;3;NOTURNO;32051;06:32:00;6,53;00:33:00;0,55;00:25:00;0,42; 42,00 ;27,00;13.360;13,36;2;2,045; 0,318 
23/07/2025;jul;23;qua;4;NOTURNO;33024;06:58:00;6,97;00:49:00;0,82;00:11:00;0,18; 49,00 ;18,00;9.480;9,48;1;1,361; 0,193 
23/07/2025;jul;23;qua;5;NOTURNO;33048;04:43:00;4,72;00:45:00;0,75;00:13:00;0,22; 32,00 ;23,00;9.280;9,28;1;1,967; 0,290 
23/07/2025;jul;23;qua;7;NOTURNO;31933;05:10:00;5,17;01:05:00;1,08;00:15:00;0,25; 34,00 ;21,00;11.210;11,21;1;2,170; 0,330 
23/07/2025;jul;23;qua;21;NOTURNO;33049;05:51:00;5,85;00:41:00;0,68;00:12:00;0,20; 46,00 ;14,00;9.610;9,61;1;1,643; 0,209 
24/07/2025;jul;24;qui;8;DIURNO;32050;05:59:00;5,98;01:23:00;1,38;00:25:00;0,42; 30,00 ;45,00;11.860;11,86;2;1,982; 0,395 
24/07/2025;jul;24;qui;10;DIURNO;33048;06:10:00;6,17;00:57:00;0,95;00:28:00;0,47; 37,00 ;32,00;12.320;12,32;2;1,998; 0,333 
24/07/2025;jul;24;qui;12;DIURNO;32049;05:37:00;5,62;01:48:00;1,80;00:25:00;0,42; 36,00 ;49,00;13.050;13,05;2;2,323; 0,363 
24/07/2025;jul;24;qui;15;DIURNO;31933;05:05:00;5,08;01:10:00;1,17;00:35:00;0,58; 39,00 ;19,00;13.090;13,09;2;2,575; 0,336 
24/07/2025;jul;24;qui;17;DIURNO;33049;07:00:00;7,00;00:50:00;0,83;00:25:00;0,42; 53,00 ;16,00;15.740;15,74;2;2,249; 0,297 
24/07/2025;jul;24;qui;19;DIURNO;33024;06:17:00;6,28;01:25:00;1,42;00:26:00;0,43; 49,00 ;32,00;10.090;10,09;2;1,606; 0,206 
24/07/2025;jul;24;qui;22;0;32051;01:45:00;1,75;02:15:00;2,25;00:55:00;0,92; -   ;63,00;29.270;29,27;3;16,726;#DIV/0!
24/07/2025;jul;24;qui;22;0;32051;01:35:00;1,58;01:50:00;1,83;01:05:00;1,08; -   ;64,00;33.660;33,66;3;21,259;#DIV/0!
24/07/2025;jul;24;qui;1;NOTURNO;32049;06:23:00;6,38;00:46:00;0,77;00:30:00;0,50; 36,00 ;31,00;12.370;12,37;2;1,938; 0,344 
24/07/2025;jul;24;qui;2;NOTURNO;33024;06:44:00;6,73;00:54:00;0,90;00:10:00;0,17; 42,00 ;14,00;10.100;10,10;1;1,500; 0,240 
24/07/2025;jul;24;qui;6;NOTURNO;33048;05:24:00;5,40;00:43:00;0,72;00:11:00;0,18; 40,00 ;18,00;10.210;10,21;1;1,891; 0,255 
24/07/2025;jul;24;qui;11;NOTURNO;31933;05:15:00;5,25;00:40:00;0,67;00:15:00;0,25; 37,00 ;12,00;10.330;10,33;1;1,968; 0,279 
24/07/2025;jul;24;qui;21;NOTURNO;33049;06:01:00;6,02;00:39:00;0,65;00:17:00;0,28; 45,00 ;14,00;9.830;9,83;1;1,634; 0,218 
25/07/2025;jul;25;sex;9;DIURNO;33048;05:35:00;5,58;01:21:00;1,35;00:34:00;0,57; 31,00 ;43,00;13.630;13,63;2;2,441; 0,440 
25/07/2025;jul;25;sex;13;DIURNO;32049;05:05:00;5,08;01:52:00;1,87;00:25:00;0,42; 40,00 ;56,00;11.950;11,95;2;2,351; 0,299 
25/07/2025;jul;25;sex;14;DIURNO;31933;05:05:00;5,08;01:15:00;1,25;00:15:00;0,25; 34,00 ;29,00;9.900;9,90;1;1,948; 0,291 
25/07/2025;jul;25;sex;16;DIURNO;32050;06:05:00;6,08;01:57:00;1,95;01:00:00;1,00; 32,00 ;60,00;13.140;13,14;2;2,160; 0,411 
25/07/2025;jul;25;sex;18;DIURNO;33024;05:38:00;5,63;01:14:00;1,23;00:10:00;0,17; 64,00 ;44,00;9.830;9,83;1;1,745; 0,154 
25/07/2025;jul;25;sex;20;DIURNO;33049;05:50:00;5,83;01:55:00;1,92;00:20:00;0,33; 43,00 ;52,00;12.910;12,91;2;2,213; 0,300 
25/07/2025;jul;25;sex;3;NOTURNO;32051;07:07:00;7,12;00:35:00;0,58;00:22:00;0,37; 42,00 ;27,00;14.250;14,25;2;2,002; 0,339 
25/07/2025;jul;25;sex;4;NOTURNO;33024;06:38:00;6,63;00:40:00;0,67;00:15:00;0,25; 47,00 ;16,00;9.960;9,96;1;1,502; 0,212 
25/07/2025;jul;25;sex;5;NOTURNO;33048;05:17:00;5,28;00:48:00;0,80;00:15:00;0,25; 32,00 ;23,00;11.510;11,51;1;2,179; 0,360 
25/07/2025;jul;25;sex;7;NOTURNO;31933;05:40:00;5,67;01:50:00;1,83;00:30:00;0,50; 34,00 ;41,00;12.800;12,80;2;2,259; 0,376 
25/07/2025;jul;25;sex;21;NOTURNO;33049;06:28:00;6,47;00:57:00;0,95;00:28:00;0,47; 46,00 ;28,00;11.220;11,22;2;1,735; 0,244 
26/07/2025;jul;26;sáb;8;DIURNO;32050;06:44:00;6,73;01:14:00;1,23;00:29:00;0,48; 30,00 ;44,00;13.220;13,22;2;1,963; 0,441 
26/07/2025;jul;26;sáb;10;DIURNO;33048;05:28:00;5,47;01:09:00;1,15;00:18:00;0,30; 37,00 ;27,00;13.260;13,26;2;2,426; 0,358 
26/07/2025;jul;26;sáb;12;DIURNO;32049;05:30:00;5,50;01:23:00;1,38;00:26:00;0,43; 35,00 ;49,00;14.320;14,32;2;2,604; 0,409 
26/07/2025;jul;26;sáb;15;DIURNO;31933;05:35:00;5,58;00:50:00;0,83;00:35:00;0,58; 36,00 ;19,00;14.660;14,66;2;2,626; 0,407 
26/07/2025;jul;26;sáb;17;DIURNO;33049;06:25:00;6,42;00:35:00;0,58;00:40:00;0,67; 51,00 ;15,00;16.940;16,94;2;2,640; 0,332 
26/07/2025;jul;26;sáb;19;DIURNO;33024;05:23:00;5,38;00:49:00;0,82;00:14:00;0,23; 43,00 ;21,00;10.790;10,79;1;2,004; 0,251 
26/07/2025;jul;26;sáb;22;0;32051;02:05:00;2,08;01:25:00;1,42;00:10:00;0,17; 9,00 ;38,00;3.950;3,95;1;1,896; 0,439 
26/07/2025;jul;26;sáb;1;NOTURNO;32051;06:10:00;6,17;00:48:00;0,80;00:23:00;0,38; 36,00 ;33,00;13.040;13,04;2;2,115; 0,362 
26/07/2025;jul;26;sáb;2;NOTURNO;33024;06:42:00;6,70;00:47:00;0,78;00:14:00;0,23; 41,00 ;16,00;9.970;9,97;1;1,488; 0,243 
26/07/2025;jul;26;sáb;6;NOTURNO;33048;05:19:00;5,32;00:49:00;0,82;00:16:00;0,27; 36,00 ;21,00;10.800;10,80;1;2,031; 0,300 
26/07/2025;jul;26;sáb;11;NOTURNO;32049;05:10:00;5,17;00:55:00;0,92;00:20:00;0,33; 28,00 ;32,00;11.670;11,67;2;2,259; 0,417 
26/07/2025;jul;26;sáb;21;NOTURNO;33049;05:51:00;5,85;00:38:00;0,63;00:15:00;0,25; 45,00 ;16,00;8.690;8,69;1;1,485; 0,193 
26/07/2025;jul;26;sáb;23;0;31933;01:00:00;1,00;00:40:00;0,67;00:15:00;0,25; 19,00 ;12,00;490;0,49;1;0,490; 0,026 
28/07/2025;jul;28;seg;9;DIURNO;33048;08:30:00;8,50;01:30:00;1,50;00:25:00;0,42; 31,00 ;41,00;20.450;20,45;2;2,406; 0,660 
28/07/2025;jul;28;seg;13;DIURNO;32049;06:06:00;6,10;01:40:00;1,67;00:23:00;0,38; 38,00 ;58,00;15.380;15,38;2;2,521; 0,405 
28/07/2025;jul;28;seg;14;DIURNO;31933;06:15:00;6,25;02:05:00;2,08;00:35:00;0,58; 46,00 ;43,00;14.290;14,29;2;2,286; 0,311 
28/07/2025;jul;28;seg;16;DIURNO;32050;07:06:00;7,10;02:59:00;2,98;00:43:00;0,72; 42,00 ;73,00;18.610;18,61;3;2,621; 0,443 
28/07/2025;jul;28;seg;18;DIURNO;32051;05:52:00;5,87;02:35:00;2,58;00:23:00;0,38; 58,00 ;105,00;12.900;12,90;2;2,199; 0,222 
28/07/2025;jul;28;seg;20;DIURNO;33049;06:05:00;6,08;01:51:00;1,85;00:24:00;0,40; 42,00 ;51,00;16.670;16,67;2;2,740; 0,397 
28/07/2025;jul;28;seg;3;NOTURNO;31933;06:40:00;6,67;00:43:00;0,72;00:30:00;0,50; 42,00 ;25,00;18.150;18,15;2;2,723; 0,432 
28/07/2025;jul;28;seg;4;NOTURNO;32051;07:14:00;7,23;00:59:00;0,98;00:37:00;0,62; 47,00 ;33,00;14.770;14,77;2;2,042; 0,314 
28/07/2025;jul;28;seg;5;NOTURNO;33048;05:29:00;5,48;01:17:00;1,28;00:29:00;0,48; 31,00 ;44,00;15.920;15,92;2;2,903; 0,514 
28/07/2025;jul;28;seg;7;NOTURNO;32049;06:00:00;6,00;01:45:00;1,75;00:20:00;0,33; 33,00 ;44,00;16.690;16,69;2;2,782; 0,506 
28/07/2025;jul;28;seg;21;NOTURNO;33049;06:53:00;6,88;00:55:00;0,92;00:27:00;0,45; 45,00 ;29,00;17.080;17,08;2;2,481; 0,380 
29/07/2025;jul;29;ter;8;DIURNO;32050;07:54:00;7,90;02:14:00;2,23;00:40:00;0,67; 28,00 ;71,00;19.580;19,58;3;2,478; 0,699 
29/07/2025;jul;29;ter;10;DIURNO;33048;07:43:00;7,72;00:56:00;0,93;00:46:00;0,77; 37,00 ;29,00;21.150;21,15;2;2,741; 0,572 
29/07/2025;jul;29;ter;12;DIURNO;32049;06:54:00;6,90;02:49:00;2,82;00:48:00;0,80; 34,00 ;77,00;22.500;22,50;3;3,261; 0,662 
29/07/2025;jul;29;ter;15;DIURNO;32051;06:55:00;6,92;03:05:00;3,08;00:45:00;0,75; 38,00 ;35,00;23.740;23,74;4;3,432; 0,625 
29/07/2025;jul;29;ter;17;DIURNO;33049;07:25:00;7,42;00:35:00;0,58;00:25:00;0,42; 56,00 ;11,00;20.640;20,64;2;2,783; 0,369 
29/07/2025;jul;29;ter;19;DIURNO;32048;07:24:00;7,40;02:05:00;2,08;00:39:00;0,65; 47,00 ;63,00;18.900;18,90;3;2,554; 0,402 
29/07/2025;jul;29;ter;22;0;31933;01:55:00;1,92;00:55:00;0,92;00:10:00;0,17; 10,00 ;17,00;5.340;5,34;1;2,786; 0,534 
29/07/2025;jul;29;ter;1;NOTURNO;31933;06:38:00;6,63;00:48:00;0,80;00:30:00;0,50; 35,00 ;31,00;16.910;16,91;2;2,549; 0,483 
29/07/2025;jul;29;ter;2;NOTURNO;32048;06:49:00;6,82;00:53:00;0,88;00:19:00;0,32; 43,00 ;32,00;13.870;13,87;2;2,035; 0,323 
29/07/2025;jul;29;ter;6;NOTURNO;33048;06:19:00;6,32;01:25:00;1,42;00:25:00;0,42; 40,00 ;39,00;14.940;14,94;2;2,365; 0,374 
29/07/2025;jul;29;ter;11;NOTURNO;32049;06:10:00;6,17;00:50:00;0,83;00:35:00;0,58; 36,00 ;25,00;17.820;17,82;2;2,890; 0,495 
29/07/2025;jul;29;ter;21;NOTURNO;33049;06:19:00;6,32;00:30:00;0,50;00:17:00;0,28; 46,00 ;14,00;10.050;10,05;1;1,591; 0,218 
30/07/2025;jul;30;qua;9;DIURNO;33048;05:40:00;5,67;01:11:00;1,18;00:34:00;0,57; 30,00 ;41,00;12.700;12,70;2;2,241; 0,423 
30/07/2025;jul;30;qua;13;DIURNO;32049;04:49:00;4,82;01:01:00;1,02;00:13:00;0,22; 38,00 ;35,00;10.050;10,05;1;2,087; 0,264 
30/07/2025;jul;30;qua;14;DIURNO;31933;05:05:00;5,08;01:15:00;1,25;00:15:00;0,25; 36,00 ;38,00;9.040;9,04;1;1,778; 0,251 
30/07/2025;jul;30;qua;16;DIURNO;32050;06:07:00;6,12;01:52:00;1,87;00:24:00;0,40; 32,00 ;52,00;11.810;11,81;2;1,931; 0,369 
30/07/2025;jul;30;qua;18;DIURNO;32048;05:54:00;5,90;01:06:00;1,10;00:11:00;0,18; 57,00 ;50,00;8.660;8,66;1;1,468; 0,152 
30/07/2025;jul;30;qua;20;DIURNO;33049;06:15:00;6,25;01:30:00;1,50;00:35:00;0,58; 49,00 ;47,00;12.920;12,92;2;2,067; 0,264 
30/07/2025;jul;30;qua;22;0;32051;00:30:00;0,50;00:30:00;0,50;01:10:00;1,17; -   ;13,00;26.520;26,52;3;53,040;#DIV/0!
30/07/2025;jul;30;qua;22;0;32051;00:50:00;0,83;00:40:00;0,67;00:50:00;0,83; -   ;12,00;27.140;27,14;3;32,568;#DIV/0!
30/07/2025;jul;30;qua;22;0;32051;00:25:00;0,42;00:35:00;0,58;00:55:00;0,92; -   ;11,00;26.090;26,09;3;62,616;#DIV/0!
30/07/2025;jul;30;qua;3;NOTURNO;32048;06:24:00;6,40;00:34:00;0,57;00:28:00;0,47; 42,00 ;26,00;13.090;13,09;2;2,045; 0,312 
30/07/2025;jul;30;qua;4;NOTURNO;32049;06:03:00;6,05;01:08:00;1,13;00:29:00;0,48; 48,00 ;33,00;9.220;9,22;2;1,524; 0,192 
30/07/2025;jul;30;qua;5;NOTURNO;33048;04:50:00;4,83;00:49:00;0,82;00:14:00;0,23; 32,00 ;22,00;9.730;9,73;1;2,013; 0,304 
30/07/2025;jul;30;qua;7;NOTURNO;32050;04:25:00;4,42;01:45:00;1,75;00:20:00;0,33; 35,00 ;32,00;11.160;11,16;2;2,527; 0,319 
30/07/2025;jul;30;qua;21;NOTURNO;33049;06:19:00;6,32;00:35:00;0,58;00:14:00;0,23; 46,00 ;14,00;9.760;9,76;1;1,545; 0,212 
31/07/2025;jul;31;qui;8;DIURNO;32050;06:33:00;6,55;01:15:00;1,25;00:24:00;0,40; 31,00 ;45,00;10.840;10,84;2;1,655; 0,350 
31/07/2025;jul;31;qui;10;DIURNO;33048;05:25:00;5,42;01:15:00;1,25;00:20:00;0,33; 37,00 ;28,00;12.220;12,22;2;2,256; 0,330 
31/07/2025;jul;31;qui;12;DIURNO;32049;05:06:00;5,10;01:20:00;1,33;00:22:00;0,37; 36,00 ;51,00;11.740;11,74;2;2,302; 0,326 
31/07/2025;jul;31;qui;15;DIURNO;32051;05:20:00;5,33;01:20:00;1,33;00:30:00;0,50; 37,00 ;24,00;12.130;12,13;2;2,274; 0,328 
31/07/2025;jul;31;qui;17;DIURNO;33049;06:25:00;6,42;00:35:00;0,58;00:25:00;0,42; 56,00 ;12,00;15.370;15,37;2;2,395; 0,274 
31/07/2025;jul;31;qui;19;DIURNO;32048;05:25:00;5,42;00:58:00;0,97;00:24:00;0,40; 51,00 ;34,00;9.300;9,30;2;1,717; 0,182 
31/07/2025;jul;31;qui;22;0;31933;00:40:00;0,67;00:45:00;0,75;00:55:00;0,92; -   ;12,00;32.090;32,09;3;48,135;#DIV/0!
31/07/2025;jul;31;qui;1;NOTURNO;32048;06:16:00;6,27;00:48:00;0,80;00:33:00;0,55; 35,00 ;31,00;12.940;12,94;2;2,065; 0,370 
31/07/2025;jul;31;qui;2;NOTURNO;32049;06:03:00;6,05;01:07:00;1,12;00:11:00;0,18; 41,00 ;34,00;10.120;10,12;2;1,673; 0,247 
31/07/2025;jul;31;qui;6;NOTURNO;33048;05:31:00;5,52;00:42:00;0,70;00:19:00;0,32; 39,00 ;19,00;10.330;10,33;1;1,873; 0,265 
31/07/2025;jul;31;qui;11;NOTURNO;32050;04:45:00;4,75;00:55:00;0,92;00:20:00;0,33; 38,00 ;21,00;10.430;10,43;2;2,196; 0,274 
31/07/2025;jul;31;qui;21;NOTURNO;33049;06:03:00;6,05;00:38:00;0,63;00:14:00;0,23; 46,00 ;14,00;9.430;9,43;1;1,559; 0,205 
01/08/2025;ago;1;sex;9;DIURNO;33048;05:40:00;5,67;01:15:00;1,25;00:20:00;0,33; 31,00 ;42,00;13.250;13,25;2;2,338; 0,427 
01/08/2025;ago;1;sex;13;DIURNO;32049;05:08:00;5,13;01:45:00;1,75;00:25:00;0,42; 37,00 ;58,00;12.220;12,22;2;2,381; 0,330 
01/08/2025;ago;1;sex;14;DIURNO;32051;05:05:00;5,08;02:00:00;2,00;00:25:00;0,42; 33,00 ;57,00;10.220;10,22;2;2,010; 0,310 
01/08/2025;ago;1;sex;16;DIURNO;32050;06:42:00;6,70;01:42:00;1,70;00:25:00;0,42; 32,00 ;59,00;13.880;13,88;2;2,072; 0,434 
01/08/2025;ago;1;sex;18;DIURNO;32048;05:32:00;5,53;01:24:00;1,40;00:29:00;0,48; 61,00 ;79,00;9.500;9,50;2;1,717; 0,156 
01/08/2025;ago;1;sex;20;DIURNO;33049;05:55:00;5,92;01:50:00;1,83;00:25:00;0,42; 41,00 ;54,00;12.900;12,90;2;2,180; 0,315 
01/08/2025;ago;1;sex;22;0;31933;01:30:00;1,50;01:37:00;1,62;00:13:00;0,22; -   ;54,00;4.980;4,98;1;3,320;#DIV/0!
01/08/2025;ago;1;sex;3;NOTURNO;32048;06:33:00;6,55;00:38:00;0,63;00:30:00;0,50; 43,00 ;25,00;13.900;13,90;2;2,122; 0,323 
01/08/2025;ago;1;sex;4;NOTURNO;32049;05:56:00;5,93;01:30:00;1,50;00:21:00;0,35; 48,00 ;35,00;10.470;10,47;2;1,765; 0,218 
01/08/2025;ago;1;sex;5;NOTURNO;33048;05:31:00;5,52;00:55:00;0,92;00:17:00;0,28; 32,00 ;22,00;11.450;11,45;1;2,076; 0,358 
01/08/2025;ago;1;sex;7;NOTURNO;32050;05:30:00;5,50;01:45:00;1,75;00:30:00;0,50; 35,00 ;40,00;13.070;13,07;2;2,376; 0,373 
01/08/2025;ago;1;sex;21;NOTURNO;33049;06:23:00;6,38;01:02:00;1,03;00:30:00;0,50; 47,00 ;27,00;11.710;11,71;2;1,834; 0,249 
02/08/2025;ago;2;sáb;8;DIURNO;32050;07:00:00;7,00;01:37:00;1,62;00:27:00;0,45; 31,00 ;50,00;14.030;14,03;2;2,004; 0,453 
02/08/2025;ago;2;sáb;10;DIURNO;33048;05:25:00;5,42;01:25:00;1,42;00:25:00;0,42; 35,00 ;28,00;13.030;13,03;2;2,406; 0,372 
02/08/2025;ago;2;sáb;12;DIURNO;32049;06:03:00;6,05;01:44:00;1,73;00:23:00;0,38; 36,00 ;50,00;15.220;15,22;2;2,516; 0,423 
02/08/2025;ago;2;sáb;15;DIURNO;31933;06:05:00;6,08;00:55:00;0,92;00:20:00;0,33; 38,00 ;19,00;15.280;15,28;2;2,512; 0,402 
02/08/2025;ago;2;sáb;17;DIURNO;33049;06:10:00;6,17;00:50:00;0,83;00:20:00;0,33; 54,00 ;12,00;16.720;16,72;2;2,711; 0,310 
02/08/2025;ago;2;sáb;19;DIURNO;32048;04:37:00;4,62;00:56:00;0,93;00:24:00;0,40; 39,00 ;42,00;9.560;9,56;2;2,071; 0,245 
02/08/2025;ago;2;sáb;22;0;32051;02:50:00;2,83;01:06:00;1,10;00:16:00;0,27; -   ;46,00;3.140;3,14;1;1,108;#DIV/0!
02/08/2025;ago;2;sáb;1;NOTURNO;32048;05:58:00;5,97;00:44:00;0,73;00:27:00;0,45; 36,00 ;31,00;12.840;12,84;2;2,152; 0,357 
02/08/2025;ago;2;sáb;2;NOTURNO;32049;06:18:00;6,30;01:11:00;1,18;00:25:00;0,42; 47,00 ;29,00;10.210;10,21;2;1,621; 0,217 
02/08/2025;ago;2;sáb;6;NOTURNO;33048;05:17:00;5,28;00:48:00;0,80;00:10:00;0,17; 37,00 ;21,00;10.470;10,47;1;1,982; 0,283 
02/08/2025;ago;2;sáb;11;NOTURNO;32050;05:55:00;5,92;00:55:00;0,92;00:20:00;0,33; 40,00 ;22,00;11.810;11,81;2;1,996; 0,295 
02/08/2025;ago;2;sáb;21;NOTURNO;33049;06:03:00;6,05;00:38:00;0,63;00:16:00;0,27; 47,00 ;14,00;8.250;8,25;1;1,364; 0,176 
04/08/2025;ago;4;seg;9;DIURNO;33048;06:50:00;6,83;01:16:00;1,27;00:24:00;0,40; 32,00 ;43,00;20.470;20,47;2;2,996; 0,640 
04/08/2025;ago;4;seg;13;DIURNO;32049;06:09:00;6,15;01:57:00;1,95;00:26:00;0,43; 39,00 ;70,00;16.070;16,07;2;2,613; 0,412 
04/08/2025;ago;4;seg;14;DIURNO;31933;06:20:00;6,33;02:05:00;2,08;00:55:00;0,92; 33,00 ;57,00;14.910;14,91;2;2,354; 0,452 
04/08/2025;ago;4;seg;16;DIURNO;32050;08:30:00;8,50;02:55:00;2,92;00:30:00;0,50; 33,00 ;83,00;19.240;19,24;3;2,264; 0,583 
04/08/2025;ago;4;seg;18;DIURNO;32048;06:33:00;6,55;02:08:00;2,13;00:29:00;0,48; 59,00 ;102,00;12.760;12,76;2;1,948; 0,216 
04/08/2025;ago;4;seg;20;DIURNO;33049;05:50:00;5,83;01:55:00;1,92;00:30:00;0,50; 42,00 ;51,00;16.410;16,41;2;2,813; 0,391 
04/08/2025;ago;4;seg;22;0;32051;04:03:00;4,05;00:58:00;0,97;00:27:00;0,45; 30,00 ;25,00;4.240;4,24;2;1,047; 0,141 
04/08/2025;ago;4;seg;3;NOTURNO;31933;05:58:00;5,97;00:56:00;0,93;00:26:00;0,43; 42,00 ;25,00;17.520;17,52;2;2,936; 0,417 
04/08/2025;ago;4;seg;4;NOTURNO;32048;06:21:00;6,35;01:09:00;1,15;00:23:00;0,38; 48,00 ;33,00;13.640;13,64;2;2,148; 0,284 
04/08/2025;ago;4;seg;5;NOTURNO;33048;05:22:00;5,37;01:33:00;1,55;00:33:00;0,55; 31,00 ;43,00;14.890;14,89;2;2,775; 0,480 
04/08/2025;ago;4;seg;7;NOTURNO;32051;06:10:00;6,17;01:35:00;1,58;00:25:00;0,42; 34,00 ;40,00;16.310;16,31;2;2,645; 0,480 
04/08/2025;ago;4;seg;21;NOTURNO;33049;06:57:00;6,95;00:57:00;0,95;00:34:00;0,57; 48,00 ;22,00;16.780;16,78;2;2,414; 0,350 
05/08/2025;ago;5;ter;8;DIURNO;3250;08:04:00;8,07;01:17:00;1,28;00:29:00;0,48; 28,00 ;45,00;15.400;15,40;2;1,909; 0,550 
05/08/2025;ago;5;ter;10;DIURNO;33048;08:05:00;8,08;01:34:00;1,57;00:56:00;0,93; 46,00 ;62,00;22.390;22,39;3;2,770; 0,487 
05/08/2025;ago;5;ter;12;DIURNO;32050;06:40:00;6,67;02:28:00;2,47;00:52:00;0,87; 33,00 ;78,00;21.400;21,40;3;3,210; 0,648 
05/08/2025;ago;5;ter;15;DIURNO;31933;08:00:00;8,00;01:20:00;1,33;00:50:00;0,83; 41,00 ;28,00;21.660;21,66;3;2,708; 0,528 
05/08/2025;ago;5;ter;17;DIURNO;33049;09:55:00;9,92;01:10:00;1,17;00:30:00;0,50; 61,00 ;19,00;26.440;26,44;3;2,666; 0,433 
05/08/2025;ago;5;ter;19;DIURNO;32048;07:01:00;7,02;01:56:00;1,93;00:38:00;0,63; 48,00 ;62,00;19.530;19,53;3;2,783; 0,407 
05/08/2025;ago;5;ter;1;NOTURNO;32048;02:40:00;2,67;00:32:00;0,53;00:17:00;0,28; 11,00 ;18,00;7.700;7,70;1;2,888; 0,700 
05/08/2025;ago;5;ter;1;NOTURNO;33049;03:26:00;3,43;00:29:00;0,48;00:12:00;0,20; 23,00 ;16,00;8.790;8,79;1;2,560; 0,382 
05/08/2025;ago;5;ter;2;NOTURNO;32050;07:30:00;7,50;01:00:00;1,00;00:22:00;0,37; 52,00 ;24,00;15.220;15,22;2;2,029; 0,293 
05/08/2025;ago;5;ter;6;NOTURNO;33048;06:41:00;6,68;01:34:00;1,57;00:13:00;0,22; 48,00 ;31,00;15.560;15,56;2;2,328; 0,324 
05/08/2025;ago;5;ter;11;NOTURNO;32051;06:00:00;6,00;01:35:00;1,58;00:25:00;0,42; 38,00 ;25,00;16.060;16,06;2;2,677; 0,423 
05/08/2025;ago;5;ter;21;NOTURNO;31933;06:27:00;6,45;00:39:00;0,65;00:14:00;0,23; 44,00 ;14,00;9.730;9,73;1;1,509; 0,221 
06/08/2025;ago;6;qua;9;DIURNO;33048;05:55:00;5,92;01:05:00;1,08;00:35:00;0,58; 36,00 ;38,00;11.880;11,88;2;2,008; 0,330 
06/08/2025;ago;6;qua;13;DIURNO;32051;04:00:00;4,00;01:45:00;1,75;00:10:00;0,17; 39,00 ;28,00;8.990;8,99;1;2,248; 0,231 
06/08/2025;ago;6;qua;14;DIURNO;31933;04:25:00;4,42;01:05:00;1,08;00:20:00;0,33; 34,00 ;39,00;8.030;8,03;1;1,818; 0,236 
06/08/2025;ago;6;qua;16;DIURNO;32050;04:39:00;4,65;01:53:00;1,88;00:31:00;0,52; 31,00 ;57,00;10.360;10,36;2;2,228; 0,334 
06/08/2025;ago;6;qua;18;DIURNO;32048;05:10:00;5,17;01:57:00;1,95;00:40:00;0,67; 56,00 ;96,00;8.400;8,40;2;1,626; 0,150 
06/08/2025;ago;6;qua;20;DIURNO;33049;05:00:00;5,00;02:00:00;2,00;00:30:00;0,50; 42,00 ;53,00;11.100;11,10;2;2,220; 0,264 
06/08/2025;ago;6;qua;3;NOTURNO;32048;05:46:00;5,77;00:51:00;0,85;00:20:00;0,33; 43,00 ;26,00;12.580;12,58;2;2,182; 0,293 
06/08/2025;ago;6;qua;4;NOTURNO;33024;06:58:00;6,97;00:39:00;0,65;00:10:00;0,17; 53,00 ;37,00;9.520;9,52;1;1,367; 0,180 
06/08/2025;ago;6;qua;5;NOTURNO;33048;05:11:00;5,18;00:50:00;0,83;00:23:00;0,38; 31,00 ;23,00;10.130;10,13;1;1,954; 0,327 
06/08/2025;ago;6;qua;7;NOTURNO;31933;05:42:00;5,70;00:40:00;0,67;00:13:00;0,22; 34,00 ;21,00;11.130;11,13;1;1,953; 0,327 
06/08/2025;ago;6;qua;21;NOTURNO;33049;06:41:00;6,68;00:29:00;0,48;00:18:00;0,30; 47,00 ;14,00;10.160;10,16;1;1,520; 0,216 
07/08/2025;ago;7;qui;8;DIURNO;32048;05:18:00;5,30;01:17:00;1,28;00:24:00;0,40; 30,00 ;44,00;11.090;11,09;2;2,092; 0,370 
07/08/2025;ago;7;qui;10;DIURNO;33048;05:15:00;5,25;00:40:00;0,67;00:25:00;0,42; 37,00 ;14,00;11.430;11,43;1;2,177; 0,309 
07/08/2025;ago;7;qui;12;DIURNO;32050;04:20:00;4,33;01:39:00;1,65;00:28:00;0,47; 35,00 ;51,00;11.770;11,77;2;2,716; 0,336 
07/08/2025;ago;7;qui;15;DIURNO;32051;05:35:00;5,58;01:15:00;1,25;00:20:00;0,33; 41,00 ;19,00;12.610;12,61;2;2,259; 0,308 
07/08/2025;ago;7;qui;17;DIURNO;33049;06:50:00;6,83;01:05:00;1,08;00:25:00;0,42; 52,00 ;16,00;15.660;15,66;2;2,292; 0,301 
07/08/2025;ago;7;qui;19;DIURNO;33024;05:28:00;5,47;00:20:00;0,33;00:22:00;0,37; 51,00 ;16,00;9.440;9,44;1;1,727; 0,185 
07/08/2025;ago;7;qui;22;0;31933;00:30:00;0,50;00:35:00;0,58;00:55:00;0,92; -   ;12,00;29.560;29,56;3;59,120;#DIV/0!
07/08/2025;ago;7;qui;22;0;31933;00:20:00;0,33;02:05:00;2,08;00:35:00;0,58; 1,00 ;12,00;26.590;26,59;3;79,770; 26,590 
07/08/2025;ago;7;qui;1;NOTURNO;32048;05:32:00;5,53;01:01:00;1,02;00:19:00;0,32; 36,00 ;31,00;12.320;12,32;2;2,227; 0,342 
07/08/2025;ago;7;qui;2;NOTURNO;33024;06:22:00;6,37;00:23:00;0,38;00:11:00;0,18; 44,00 ;15,00;10.070;10,07;1;1,582; 0,229 
07/08/2025;ago;7;qui;6;NOTURNO;33048;06:07:00;6,12;00:43:00;0,72;00:15:00;0,25; 39,00 ;20,00;10.880;10,88;1;1,779; 0,279 
07/08/2025;ago;7;qui;11;NOTURNO;32051;04:40:00;4,67;00:52:00;0,87;00:33:00;0,55; 40,00 ;21,00;11.190;11,19;2;2,398; 0,280 
07/08/2025;ago;7;qui;21;NOTURNO;33049;06:36:00;6,60;00:38:00;0,63;00:07:00;0,12; 45,00 ;15,00;9.950;9,95;1;1,508; 0,221 
08/08/2025;ago;8;sex;9;DIURNO;33048;05:10:00;5,17;01:21:00;1,35;00:29:00;0,48; 29,00 ;44,00;13.200;13,20;2;2,555; 0,455 
08/08/2025;ago;8;sex;13;DIURNO;32050;04:18:00;4,30;01:44:00;1,73;00:25:00;0,42; 38,00 ;70,00;12.560;12,56;2;2,921; 0,331 
08/08/2025;ago;8;sex;14;DIURNO;31933;05:55:00;5,92;01:00:00;1,00;00:10:00;0,17; 35,00 ;28,00;10.730;10,73;1;1,814; 0,307 
08/08/2025;ago;8;sex;16;DIURNO;32051;06:04:00;6,07;01:45:00;1,75;00:32:00;0,53; 32,00 ;54,00;14.210;14,21;2;2,342; 0,444 
08/08/2025;ago;8;sex;18;DIURNO;33024;05:37:00;5,62;01:03:00;1,05;00:15:00;0,25; 62,00 ;43,00;9.770;9,77;1;1,739; 0,158 
08/08/2025;ago;8;sex;20;DIURNO;33049;07:05:00;7,08;01:40:00;1,67;00:30:00;0,50; 43,00 ;52,00;13.830;13,83;2;1,952; 0,322 
08/08/2025;ago;8;sex;22;0;32048;04:15:00;4,25;01:00:00;1,00;00:25:00;0,42; 30,00 ;19,00;6.640;6,64;2;1,562; 0,221 
08/08/2025;ago;8;sex;3;NOTURNO;32048;06:04:00;6,07;00:55:00;0,92;00:26:00;0,43; 42,00 ;28,00;14.440;14,44;2;2,380; 0,344 
08/08/2025;ago;8;sex;4;NOTURNO;33024;06:09:00;6,15;00:48:00;0,80;00:10:00;0,17; 47,00 ;17,00;10.700;10,70;1;1,740; 0,228 
08/08/2025;ago;8;sex;5;NOTURNO;33048;07:09:00;7,15;01:23:00;1,38;00:44:00;0,73; 31,00 ;46,00;12.000;12,00;2;1,678; 0,387 
08/08/2025;ago;8;sex;7;NOTURNO;32051;05:25:00;5,42;01:50:00;1,83;00:25:00;0,42; 34,00 ;42,00;12.840;12,84;2;2,370; 0,378 
08/08/2025;ago;8;sex;21;NOTURNO;33049;06:50:00;6,83;00:59:00;0,98;00:29:00;0,48; 46,00 ;28,00;12.000;12,00;2;1,756; 0,261 
09/08/2025;ago;9;sáb;8;DIURNO;32048;06:54:00;6,90;01:10:00;1,17;00:31:00;0,52; 30,00 ;44,00;14.240;14,24;2;2,064; 0,475 
09/08/2025;ago;9;sáb;10;DIURNO;33048;05:40:00;5,67;01:02:00;1,03;00:28:00;0,47; 37,00 ;27,00;13.610;13,61;2;2,402; 0,368 
09/08/2025;ago;9;sáb;12;DIURNO;32051;06:02:00;6,03;01:44:00;1,73;00:29:00;0,48; 32,00 ;53,00;16.110;16,11;2;2,670; 0,503 
09/08/2025;ago;9;sáb;15;DIURNO;31933;07:03:00;7,05;01:00:00;1,00;00:25:00;0,42; 38,00 ;20,00;16.420;16,42;2;2,329; 0,432 
09/08/2025;ago;9;sáb;17;DIURNO;33049;07:05:00;7,08;00:50:00;0,83;00:10:00;0,17; 54,00 ;16,00;16.860;16,86;2;2,380; 0,312 
09/08/2025;ago;9;sáb;19;DIURNO;33024;07:03:00;7,05;01:22:00;1,37;00:22:00;0,37; 44,00 ;41,00;13.690;13,69;2;1,942; 0,311 
09/08/2025;ago;9;sáb;1;NOTURNO;32048;06:13:00;6,22;01:02:00;1,03;00:14:00;0,23; 34,00 ;32,00;13.520;13,52;2;2,175; 0,398 
09/08/2025;ago;9;sáb;2;NOTURNO;33024;05:46:00;5,77;00:37:00;0,62;00:10:00;0,17; 42,00 ;14,00;9.960;9,96;1;1,727; 0,237 
09/08/2025;ago;9;sáb;6;NOTURNO;33048;05:13:00;5,22;00:45:00;0,75;00:10:00;0,17; 37,00 ;19,00;11.020;11,02;1;2,112; 0,298 
09/08/2025;ago;9;sáb;11;NOTURNO;32051;05:10:00;5,17;00:45:00;0,75;00:25:00;0,42; 39,00 ;22,00;11.840;11,84;2;2,292; 0,304 
09/08/2025;ago;9;sáb;21;NOTURNO;33049;06:53:00;6,88;00:30:00;0,50;00:13:00;0,22; 46,00 ;15,00;9.170;9,17;1;1,332; 0,199 
11/08/2025;ago;11;seg;9;DIURNO;33048;06:55:00;6,92;01:05:00;1,08;00:35:00;0,58; 34,00 ;37,00;19.490;19,49;2;2,818; 0,573 
11/08/2025;ago;11;seg;13;DIURNO;32051;05:32:00;5,53;02:58:00;2,97;00:22:00;0,37; 39,00 ;60,00;16.600;16,60;2;3,000; 0,426 
11/08/2025;ago;11;seg;14;DIURNO;31933;06:15:00;6,25;02:00:00;2,00;00:50:00;0,83; 35,00 ;60,00;14.360;14,36;2;2,298; 0,410 
11/08/2025;ago;11;seg;16;DIURNO;32048;08:01:00;8,02;03:55:00;3,92;00:54:00;0,90; 37,00 ;93,00;19.880;19,88;3;2,480; 0,537 
11/08/2025;ago;11;seg;18;DIURNO;33024;05:50:00;5,83;03:10:00;3,17;00:20:00;0,33; 57,00 ;82,00;12.930;12,93;2;2,217; 0,227 
11/08/2025;ago;11;seg;20;DIURNO;33049;05:50:00;5,83;01:45:00;1,75;00:35:00;0,58; 41,00 ;51,00;14.550;14,55;2;2,494; 0,355 
11/08/2025;ago;11;seg;22;0;32050;03:41:00;3,68;00:30:00;0,50;01:30:00;1,50; 46,00 ;12,00;5.560;5,56;2;1,510; 0,121 
11/08/2025;ago;11;seg;3;NOTURNO;31933;06:02:00;6,03;01:20:00;1,33;00:24:00;0,40; 41,00 ;26,00;17.960;17,96;2;2,977; 0,438 
11/08/2025;ago;11;seg;4;NOTURNO;33024;07:14:00;7,23;01:10:00;1,17;00:28:00;0,47; 51,00 ;33,00;14.090;14,09;2;1,948; 0,276 
11/08/2025;ago;11;seg;5;NOTURNO;33048;05:36:00;5,60;01:56:00;1,93;00:32:00;0,53; 30,00 ;45,00;15.180;15,18;2;2,711; 0,506 
11/08/2025;ago;11;seg;7;NOTURNO;32051;06:15:00;6,25;02:00:00;2,00;00:30:00;0,50; 33,00 ;41,00;16.540;16,54;2;2,646; 0,501 
11/08/2025;ago;11;seg;21;NOTURNO;33049;06:53:00;6,88;01:22:00;1,37;00:29:00;0,48; 47,00 ;28,00;15.900;15,90;2;2,310; 0,338 
12/08/2025;ago;12;ter;8;DIURNO;32048;08:38:00;8,63;01:06:00;1,10;00:42:00;0,70; 31,00 ;45,00;18.620;18,62;2;2,157; 0,601 
12/08/2025;ago;12;ter;10;DIURNO;33048;06:10:00;6,17;01:09:00;1,15;01:01:00;1,02; 33,00 ;30,00;13.880;13,88;2;2,251; 0,421 
12/08/2025;ago;12;ter;12;DIURNO;32051;05:02:00;5,03;02:25:00;2,42;00:43:00;0,72; 35,00 ;75,00;19.640;19,64;3;3,902; 0,561 
12/08/2025;ago;12;ter;15;DIURNO;31933;08:10:00;8,17;02:09:00;2,15;00:51:00;0,85; 50,00 ;27,00;21.160;21,16;3;2,591; 0,423 
12/08/2025;ago;12;ter;17;DIURNO;33049;09:15:00;9,25;02:50:00;2,83;00:45:00;0,75; 52,00 ;31,00;27.160;27,16;3;2,936; 0,522 
12/08/2025;ago;12;ter;19;DIURNO;33024;05:55:00;5,92;01:20:00;1,33;00:30:00;0,50; 44,00 ;39,00;14.300;14,30;2;2,417; 0,325 
12/08/2025;ago;12;ter;22;0;32050;01:12:00;1,20;01:15:00;1,25;00:12:00;0,20; 6,00 ;14,00;5.230;5,23;1;4,358; 0,872 
12/08/2025;ago;12;ter;1;NOTURNO;32050;02:22:00;2,37;00:34:00;0,57;00:11:00;0,18; 10,00 ;17,00;6.950;6,95;1;2,937; 0,695 
12/08/2025;ago;12;ter;1;NOTURNO;31933;04:02:00;4,03;00:29:00;0,48;00:13:00;0,22; 25,00 ;14,00;9.860;9,86;1;2,445; 0,394 
12/08/2025;ago;12;ter;2;NOTURNO;33024;07:27:00;7,45;00:51:00;0,85;00:32:00;0,53; 32,00 ;33,00;11.790;11,79;2;1,583; 0,368 
12/08/2025;ago;12;ter;2;NOTURNO;33048;01:25:00;1,42;00:19:00;0,32;00:17:00;0,28; 12,00 ;19,00;3.370;3,37;1;2,379; 0,281 
12/08/2025;ago;12;ter;6;NOTURNO;33048;06:02:00;6,03;01:17:00;1,28;00:38:00;0,63; 39,00 ;39,00;14.860;14,86;2;2,463; 0,381 
12/08/2025;ago;12;ter;11;NOTURNO;32051;07:01:00;7,02;01:19:00;1,32;00:30:00;0,50; 39,00 ;24,00;17.050;17,05;2;2,430; 0,437 
12/08/2025;ago;12;ter;21;NOTURNO;32048;05:52:00;5,87;00:49:00;0,82;00:26:00;0,43; 46,00 ;26,00;10.600;10,60;2;1,807; 0,230 
13/08/2025;ago;13;qua;9;DIURNO;32050;02:45:00;2,75;00:32:00;0,53;00:10:00;0,17; 18,00 ;21,00;7.140;7,14;1;2,596; 0,397 
13/08/2025;ago;13;qua;13;DIURNO;32051;04:29:00;4,48;01:04:00;1,07;00:24:00;0,40; 39,00 ;35,00;8.790;8,79;1;1,961; 0,225 
13/08/2025;ago;13;qua;14;DIURNO;31933;04:55:00;4,92;01:10:00;1,17;00:10:00;0,17; 34,00 ;30,00;8.390;8,39;1;1,706; 0,247 
13/08/2025;ago;13;qua;16;DIURNO;32048;04:12:00;4,20;01:39:00;1,65;00:29:00;0,48; 32,00 ;51,00;8.890;8,89;2;2,117; 0,278 
13/08/2025;ago;13;qua;18;DIURNO;33024;05:10:00;5,17;00:35:00;0,58;00:15:00;0,25; 74,00 ;34,00;7.420;7,42;1;1,436; 0,100 
13/08/2025;ago;13;qua;20;DIURNO;33049;05:10:00;5,17;02:15:00;2,25;00:30:00;0,50; 42,00 ;53,00;11.880;11,88;2;2,299; 0,283 
13/08/2025;ago;13;qua;22;0;32050;00:40:00;0,67;01:20:00;1,33;00:00:00;0,00; -   ;33,00;1.560;1,56;1;2,340;#DIV/0!
13/08/2025;ago;13;qua;3;NOTURNO;31933;05:52:00;5,87;00:51:00;0,85;00:23:00;0,38; 42,00 ;25,00;14.340;14,34;2;2,444; 0,341 
13/08/2025;ago;13;qua;4;NOTURNO;33024;07:21:00;7,35;00:38:00;0,63;00:15:00;0,25; 55,00 ;18,00;9.450;9,45;1;1,286; 0,172 
13/08/2025;ago;13;qua;5;NOTURNO;31912;05:57:00;5,95;00:36:00;0,60;00:27:00;0,45; 42,00 ;12,00;10.040;10,04;1;1,687; 0,239 
13/08/2025;ago;13;qua;7;NOTURNO;32048;04:45:00;4,75;01:15:00;1,25;00:30:00;0,50; 38,00 ;39,00;10.790;10,79;2;2,272; 0,284 
13/08/2025;ago;13;qua;21;NOTURNO;33049;06:43:00;6,72;00:38:00;0,63;00:20:00;0,33; 46,00 ;14,00;10.550;10,55;1;1,571; 0,229 
14/08/2025;ago;14;qui;8;DIURNO;31912;05:06:00;5,10;01:27:00;1,45;00:27:00;0,45; 33,00 ;42,00;11.610;11,61;2;2,276; 0,352 
14/08/2025;ago;14;qui;10;DIURNO;32048;05:20:00;5,33;00:35:00;0,58;00:35:00;0,58; 37,00 ;28,00;11.790;11,79;2;2,211; 0,319 
14/08/2025;ago;14;qui;12;DIURNO;32051;04:30:00;4,50;01:49:00;1,82;00:29:00;0,48; 34,00 ;57,00;12.620;12,62;2;2,804; 0,371 
14/08/2025;ago;14;qui;15;DIURNO;31933;05:20:00;5,33;00:55:00;0,92;00:25:00;0,42; 41,00 ;16,00;12.380;12,38;2;2,321; 0,302 
14/08/2025;ago;14;qui;17;DIURNO;33049;06:50:00;6,83;00:35:00;0,58;00:40:00;0,67; 50,00 ;17,00;14.980;14,98;2;2,192; 0,300 
14/08/2025;ago;14;qui;19;DIURNO;33024;05:20:00;5,33;01:10:00;1,17;00:20:00;0,33; 49,00 ;18,00;10.220;10,22;1;1,916; 0,209 
14/08/2025;ago;14;qui;1;NOTURNO;31933;05:50:00;5,83;01:11:00;1,18;00:22:00;0,37; 35,00 ;39,00;12.410;12,41;2;2,127; 0,355 
14/08/2025;ago;14;qui;2;NOTURNO;33024;06:11:00;6,18;00:20:00;0,33;00:21:00;0,35; 40,00 ;15,00;10.380;10,38;1;1,679; 0,260 
14/08/2025;ago;14;qui;6;NOTURNO;32048;05:30:00;5,50;00:43:00;0,72;00:19:00;0,32; 41,00 ;18,00;10.110;10,11;1;1,838; 0,247 
14/08/2025;ago;14;qui;11;NOTURNO;32051;05:05:00;5,08;00:50:00;0,83;00:25:00;0,42; 38,00 ;23,00;10.720;10,72;2;2,109; 0,282 
14/08/2025;ago;14;qui;21;NOTURNO;33049;05:57:00;5,95;00:32:00;0,53;00:14:00;0,23; 45,00 ;15,00;10.140;10,14;1;1,704; 0,225 
15/08/2025;ago;15;sex;9;DIURNO;32048;06:00:00;6,00;01:15:00;1,25;00:10:00;0,17; 31,00 ;41,00;13.780;13,78;2;2,297; 0,445 
15/08/2025;ago;15;sex;13;DIURNO;32051;05:14:00;5,23;01:49:00;1,82;00:25:00;0,42; 41,00 ;57,00;12.290;12,29;2;2,348; 0,300 
15/08/2025;ago;15;sex;14;DIURNO;31933;05:40:00;5,67;01:10:00;1,17;00:15:00;0,25; 35,00 ;38,00;10.200;10,20;1;1,800; 0,291 
15/08/2025;ago;15;sex;16;DIURNO;31912;06:42:00;6,70;01:43:00;1,72;00:25:00;0,42; 30,00 ;60,00;13.620;13,62;2;2,033; 0,454 
15/08/2025;ago;15;sex;18;DIURNO;33024;05:30:00;5,50;01:05:00;1,08;00:10:00;0,17; 78,00 ;30,00;9.860;9,86;1;1,793; 0,126 
15/08/2025;ago;15;sex;20;DIURNO;32050;05:50:00;5,83;02:00:00;2,00;00:25:00;0,42; 43,00 ;48,00;13.050;13,05;2;2,237; 0,303 
15/08/2025;ago;15;sex;22;0;33049;05:46:00;5,77;01:37:00;1,62;00:52:00;0,87; 39,00 ;53,00;6.280;6,28;2;1,089; 0,161 
15/08/2025;ago;15;sex;3;NOTURNO;31933;06:32:00;6,53;00:49:00;0,82;00:21:00;0,35; 38,00 ;30,00;14.170;14,17;2;2,169; 0,373 
15/08/2025;ago;15;sex;4;NOTURNO;33024;06:35:00;6,58;00:40:00;0,67;00:15:00;0,25; 48,00 ;17,00;9.780;9,78;1;1,486; 0,204 
15/08/2025;ago;15;sex;5;NOTURNO;32048;05:30:00;5,50;00:47:00;0,78;00:16:00;0,27; 33,00 ;22,00;10.990;10,99;1;1,998; 0,333 
15/08/2025;ago;15;sex;7;NOTURNO;32051;05:30:00;5,50;01:40:00;1,67;00:25:00;0,42; 33,00 ;41,00;12.660;12,66;2;2,302; 0,384 
15/08/2025;ago;15;sex;21;NOTURNO;33049;06:47:00;6,78;00:50:00;0,83;00:27:00;0,45; 47,00 ;29,00;11.250;11,25;2;1,658; 0,239 
16/08/2025;ago;16;sáb;8;DIURNO;32050;05:20:00;5,33;01:15:00;1,25;00:21:00;0,35; 32,00 ;43,00;13.280;13,28;2;2,490; 0,415 
16/08/2025;ago;16;sáb;10;DIURNO;32048;05:05:00;5,08;00:50:00;0,83;00:25:00;0,42; 36,00 ;27,00;13.380;13,38;2;2,632; 0,372 
16/08/2025;ago;16;sáb;12;DIURNO;32051;05:15:00;5,25;01:37:00;1,62;00:24:00;0,40; 34,00 ;50,00;14.910;14,91;2;2,840; 0,439 
16/08/2025;ago;16;sáb;15;DIURNO;31933;06:11:00;6,18;00:57:00;0,95;00:20:00;0,33; 38,00 ;19,00;15.360;15,36;2;2,484; 0,404 
16/08/2025;ago;16;sáb;17;DIURNO;33049;06:45:00;6,75;00:25:00;0,42;00:20:00;0,33; 51,00 ;15,00;17.920;17,92;2;2,655; 0,351 
16/08/2025;ago;16;sáb;19;DIURNO;33024;04:40:00;4,67;00:45:00;0,75;00:10:00;0,17; 45,00 ;18,00;10.000;10,00;1;2,143; 0,222 
16/08/2025;ago;16;sáb;1;NOTURNO;31933;06:38:00;6,63;00:51:00;0,85;00:20:00;0,33; 35,00 ;48,00;13.710;13,71;2;2,067; 0,392 
16/08/2025;ago;16;sáb;2;NOTURNO;33024;06:53:00;6,88;00:52:00;0,87;00:15:00;0,25; 36,00 ;21,00;9.340;9,34;1;1,357; 0,259 
16/08/2025;ago;16;sáb;6;NOTURNO;32048;05:29:00;5,48;00:42:00;0,70;00:20:00;0,33; 38,00 ;19,00;10.900;10,90;1;1,988; 0,287 
16/08/2025;ago;16;sáb;11;NOTURNO;31912;05:55:00;5,92;00:50:00;0,83;00:35:00;0,58; 36,00 ;25,00;10.880;10,88;2;1,839; 0,302 
16/08/2025;ago;16;sáb;21;NOTURNO;33049;06:25:00;6,42;00:28:00;0,47;00:15:00;0,25; 46,00 ;15,00;8.490;8,49;1;1,323; 0,185 
18/08/2025;ago;18;seg;9;DIURNO;33024;06:50:00;6,83;01:05:00;1,08;00:35:00;0,58; 31,00 ;40,00;21.160;21,16;2;3,097; 0,683 
18/08/2025;ago;18;seg;13;DIURNO;32051;06:20:00;6,33;02:13:00;2,22;00:38:00;0,63; 40,00 ;59,00;16.490;16,49;2;2,604; 0,412 
18/08/2025;ago;18;seg;14;DIURNO;31933;06:45:00;6,75;02:15:00;2,25;00:25:00;0,42; 41,00 ;53,00;15.310;15,31;2;2,268; 0,373 
18/08/2025;ago;18;seg;16;DIURNO;31912;07:04:00;7,07;02:45:00;2,75;00:42:00;0,70; 34,00 ;83,00;19.220;19,22;3;2,720; 0,565 
18/08/2025;ago;18;seg;18;DIURNO;32048;05:55:00;5,92;02:10:00;2,17;00:25:00;0,42; 79,00 ;64,00;13.250;13,25;2;2,239; 0,168 
18/08/2025;ago;18;seg;20;DIURNO;33049;06:15:00;6,25;01:45:00;1,75;00:25:00;0,42; 43,00 ;49,00;17.110;17,11;2;2,738; 0,398 
18/08/2025;ago;18;seg;22;0;32050;03:57:00;3,95;01:53:00;1,88;01:16:00;1,27; 29,00 ;41,00;6.370;6,37;3;1,613; 0,220 
18/08/2025;ago;18;seg;3;NOTURNO;31933;06:16:00;6,27;00:46:00;0,77;00:23:00;0,38; 42,00 ;26,00;18.410;18,41;2;2,938; 0,438 
18/08/2025;ago;18;seg;4;NOTURNO;33024;06:58:00;6,97;00:55:00;0,92;00:25:00;0,42; 46,00 ;34,00;14.530;14,53;2;2,086; 0,316 
18/08/2025;ago;18;seg;5;NOTURNO;32048;04:34:00;4,57;01:23:00;1,38;00:24:00;0,40; 32,00 ;43,00;14.710;14,71;2;3,221; 0,460 
18/08/2025;ago;18;seg;7;NOTURNO;32051;05:40:00;5,67;01:35:00;1,58;00:20:00;0,33; 34,00 ;40,00;16.350;16,35;2;2,885; 0,481 
18/08/2025;ago;18;seg;21;NOTURNO;33049;07:23:00;7,38;00:47:00;0,78;00:32:00;0,53; 47,00 ;27,00;16.860;16,86;2;2,284; 0,359 
19/08/2025;ago;19;ter;8;DIURNO;32048;06:53:00;6,88;02:01:00;2,02;00:36:00;0,60; 32,00 ;69,00;19.860;19,86;3;2,885; 0,621 
19/08/2025;ago;19;ter;10;DIURNO;33024;06:55:00;6,92;00:52:00;0,87;00:38:00;0,63; 36,00 ;27,00;20.070;20,07;2;2,902; 0,558 
19/08/2025;ago;19;ter;12;DIURNO;32051;07:37:00;7,62;02:04:00;2,07;00:34:00;0,57; 35,00 ;81,00;22.710;22,71;3;2,982; 0,649 
19/08/2025;ago;19;ter;15;DIURNO;31933;07:55:00;7,92;02:00:00;2,00;00:40:00;0,67; 41,00 ;30,00;22.480;22,48;3;2,840; 0,548 
19/08/2025;ago;19;ter;17;DIURNO;33049;09:30:00;9,50;00:50:00;0,83;00:40:00;0,67; 57,00 ;22,00;26.850;26,85;3;2,826; 0,471 
19/08/2025;ago;19;ter;19;DIURNO;32050;06:10:00;6,17;01:50:00;1,83;00:40:00;0,67; 45,00 ;56,00;18.800;18,80;3;3,049; 0,418 
19/08/2025;ago;19;ter;22;0;31912;02:37:00;2,62;01:09:00;1,15;00:29:00;0,48; 13,00 ;37,00;5.400;5,40;2;2,064; 0,415 
19/08/2025;ago;19;ter;1;NOTURNO;31933;06:16:00;6,27;01:01:00;1,02;00:21:00;0,35; 35,00 ;32,00;17.570;17,57;2;2,804; 0,502 
19/08/2025;ago;19;ter;2;NOTURNO;33024;05:08:00;5,13;00:44:00;0,73;00:14:00;0,23; 28,00 ;15,00;10.550;10,55;1;2,055; 0,377 
19/08/2025;ago;19;ter;2;NOTURNO;32050;02:15:00;2,25;00:28:00;0,47;00:12:00;0,20; 15,00 ;18,00;4.870;4,87;1;2,164; 0,325 
19/08/2025;ago;19;ter;6;NOTURNO;32048;05:31:00;5,52;01:12:00;1,20;00:27:00;0,45; 40,00 ;37,00;16.450;16,45;2;2,982; 0,411 
19/08/2025;ago;19;ter;11;NOTURNO;31912;06:55:00;6,92;01:15:00;1,25;00:40:00;0,67; 37,00 ;24,00;17.290;17,29;2;2,500; 0,467 
19/08/2025;ago;19;ter;21;NOTURNO;33049;06:08:00;6,13;00:36:00;0,60;00:14:00;0,23; 45,00 ;15,00;9.940;9,94;1;1,621; 0,221 
20/08/2025;ago;20;qua;9;DIURNO;32048;05:25:00;5,42;00:57:00;0,95;00:28:00;0,47; 31,00 ;41,00;12.080;12,08;2;2,230; 0,390 
20/08/2025;ago;20;qua;13;DIURNO;32051;04:44:00;4,73;00:53:00;0,88;00:18:00;0,30; 52,00 ;23,00;9.050;9,05;1;1,912; 0,174 
20/08/2025;ago;20;qua;14;DIURNO;31933;04:40:00;4,67;01:00:00;1,00;00:10:00;0,17; 35,00 ;38,00;8.090;8,09;1;1,734; 0,231 
20/08/2025;ago;20;qua;16;DIURNO;31912;04:00:00;4,00;01:40:00;1,67;00:30:00;0,50; 33,00 ;52,00;10.110;10,11;2;2,528; 0,306 
20/08/2025;ago;20;qua;18;DIURNO;33024;05:10:00;5,17;00:50:00;0,83;00:15:00;0,25; 76,00 ;29,00;8.040;8,04;1;1,556; 0,106 
20/08/2025;ago;20;qua;20;DIURNO;33049;05:42:00;5,70;01:07:00;1,12;00:15:00;0,25; 37,00 ;25,00;10.610;10,61;1;1,861; 0,287 
20/08/2025;ago;20;qua;22;0;32050;01:55:00;1,92;01:05:00;1,08;00:30:00;0,50; 15,00 ;20,00;1.370;1,37;1;0,715; 0,091 
20/08/2025;ago;20;qua;3;NOTURNO;31933;06:09:00;6,15;00:52:00;0,87;00:22:00;0,37; 43,00 ;25,00;13.520;13,52;2;2,198; 0,314 
20/08/2025;ago;20;qua;4;NOTURNO;32049;05:50:00;5,83;01:19:00;1,32;00:28:00;0,47; 48,00 ;33,00;9.550;9,55;2;1,637; 0,199 
20/08/2025;ago;20;qua;7;NOTURNO;31912;02:40:00;2,67;00:55:00;0,92;00:15:00;0,25; 14,00 ;20,00;6.380;6,38;1;2,393; 0,456 
20/08/2025;ago;20;qua;7;NOTURNO;32051;02:20:00;2,33;00:55:00;0,92;00:10:00;0,17; 20,00 ;20,00;5.400;5,40;1;2,314; 0,270 
20/08/2025;ago;20;qua;5;NOTURNO;32048;04:45:00;4,75;00:47:00;0,78;00:17:00;0,28; 33,00 ;23,00;10.130;10,13;1;2,133; 0,307 
20/08/2025;ago;20;qua;21;NOTURNO;33049;06:39:00;6,65;00:40:00;0,67;00:14:00;0,23; 45,00 ;16,00;10.070;10,07;1;1,514; 0,224 
21/08/2025;ago;21;qui;19;DIURNO;33024;05:00:00;5,00;00:45:00;0,75;00:15:00;0,25; 49,00 ;18,00;10.030;10,03;1;2,006; 0,205 
21/08/2025;ago;21;qui;8;DIURNO;31912;04:47:00;4,78;01:31:00;1,52;00:37:00;0,62; 32,00 ;46,00;11.960;11,96;2;2,500; 0,374 
21/08/2025;ago;21;qui;10;DIURNO;32048;05:10:00;5,17;01:05:00;1,08;00:40:00;0,67; 36,00 ;28,00;12.750;12,75;2;2,468; 0,354 
21/08/2025;ago;21;qui;12;DIURNO;32049;05:28:00;5,47;01:36:00;1,60;00:32:00;0,53; 46,00 ;39,00;13.030;13,03;2;2,384; 0,283 
21/08/2025;ago;21;qui;15;DIURNO;32050;05:45:00;5,75;01:05:00;1,08;00:30:00;0,50; 40,00 ;18,00;13.430;13,43;2;2,336; 0,336 
21/08/2025;ago;21;qui;17;DIURNO;33049;06:30:00;6,50;00:35:00;0,58;00:30:00;0,50; 47,00 ;17,00;12.260;12,26;2;1,886; 0,261 
21/08/2025;ago;21;qui;22;0;32051;01:55:00;1,92;00:49:00;0,82;00:31:00;0,52; 6,00 ;14,00;15.150;15,15;2;7,904; 2,525 
22/08/2025;ago;22;sex;14;DIURNO;31933;05:10:00;5,17;01:00:00;1,00;00:20:00;0,33; 43,00 ;31,00;10.660;10,66;1;2,063; 0,248 
22/08/2025;ago;22;sex;18;DIURNO;33024;06:05:00;6,08;00:45:00;0,75;00:15:00;0,25; 91,00 ;16,00;9.760;9,76;1;1,604; 0,107 
22/08/2025;ago;22;sex;9;DIURNO;32048;06:25:00;6,42;01:00:00;1,00;00:35:00;0,58; 31,00 ;41,00;14.940;14,94;2;2,328; 0,482 
22/08/2025;ago;22;sex;20;DIURNO;33049;05:45:00;5,75;01:45:00;1,75;00:35:00;0,58; 42,00 ;52,00;13.380;13,38;2;2,327; 0,319 
22/08/2025;ago;22;sex;16;DIURNO;31912;05:52:00;5,87;02:54:00;2,90;00:45:00;0,75; 32,00 ;83,00;15.976;15,98;3;2,723; 0,499 
22/08/2025;ago;22;sex;22;0;32051;04:24:00;4,40;01:36:00;1,60;00:37:00;0,62; 9,00 ;49,00;4.720;4,72;2;1,073; 0,524 
22/08/2025;ago;22;sex;13;DIURNO;32049;05:15:00;5,25;01:48:00;1,80;00:39:00;0,65; 50,00 ;46,00;13.190;13,19;2;2,512; 0,264 
22/08/2025;ago;22;sex;5;NOTURNO;33024;05:20:00;5,33;00:52:00;0,87;00:22:00;0,37; 32,00 ;22,00;11.670;11,67;1;2,188; 0,365 
22/08/2025;ago;22;sex;7;NOTURNO;32049;05:30:00;5,50;01:40:00;1,67;00:25:00;0,42; 35,00 ;43,00;13.090;13,09;2;2,380; 0,374 
22/08/2025;ago;22;sex;4;NOTURNO;33024;06:57:00;6,95;00:31:00;0,52;00:15:00;0,25; 47,00 ;17,00;10.840;10,84;1;1,560; 0,231 
22/08/2025;ago;22;sex;3;NOTURNO;31933;06:39:00;6,65;00:56:00;0,93;00:22:00;0,37; 43,00 ;25,00;14.540;14,54;2;2,186; 0,338 
22/08/2025;ago;22;sex;21;NOTURNO;33049;06:47:00;6,78;00:43:00;0,72;00:38:00;0,63; 46,00 ;27,00;11.850;11,85;2;1,747; 0,258 
23/08/2025;ago;23;sáb;8;DIURNO;32050;05:18:00;5,30;01:08:00;1,13;00:24:00;0,40; 32,00 ;43,00;13.470;13,47;2;2,542; 0,421 
23/08/2025;ago;23;sáb;12;DIURNO;32049;05:53:00;5,88;01:32:00;1,53;00:41:00;0,68; 31,00 ;50,00;16.010;16,01;2;2,721; 0,516 
23/08/2025;ago;23;sáb;19;DIURNO;33024;05:20:00;5,33;00:45:00;0,75;00:15:00;0,25; 43,00 ;21,00;12.090;12,09;1;2,267; 0,281 
23/08/2025;ago;23;sáb;10;DIURNO;32048;04:20:00;4,33;01:00:00;1,00;00:45:00;0,75; 34,00 ;29,00;12.520;12,52;2;2,889; 0,368 
23/08/2025;ago;23;sáb;15;DIURNO;31933;06:40:00;6,67;01:10:00;1,17;00:25:00;0,42; 39,00 ;18,00;15.660;15,66;2;2,349; 0,402 
23/08/2025;ago;23;sáb;17;DIURNO;33049;07:17:00;7,28;00:27:00;0,45;00:36:00;0,60; 56,00 ;11,00;18.530;18,53;2;2,544; 0,331 
23/08/2025;ago;23;sáb;1;NOTURNO;31933;06:10:00;6,17;00:58:00;0,97;00:19:00;0,32; 34,00 ;27,00;13.260;13,26;2;2,150; 0,390 
23/08/2025;ago;23;sáb;2;NOTURNO;33024;07:10:00;7,17;00:21:00;0,35;00:18:00;0,30; 43,00 ;15,00;10.710;10,71;1;1,494; 0,249 
23/08/2025;ago;23;sáb;6;NOTURNO;32048;05:40:00;5,67;00:35:00;0,58;00:18:00;0,30; 39,00 ;19,00;11.020;11,02;1;1,945; 0,283 
23/08/2025;ago;23;sáb;11;NOTURNO;32049;05:00:00;5,00;01:00:00;1,00;00:35:00;0,58; 30,00 ;30,00;11.910;11,91;2;2,382; 0,397 
23/08/2025;ago;23;sáb;21;NOTURNO;33049;06:23:00;6,38;00:49:00;0,82;00:10:00;0,17; 46,00 ;15,00;9.010;9,01;1;1,411; 0,196 
25/08/2025;ago;25;seg;22;0;32051;00:25:00;0,42;05:49:00;5,82;00:30:00;0,50; 5,00 ;11,00;8.470;8,47;2;20,328; 1,694 
25/08/2025;ago;25;seg;9;DIURNO;33024;08:10:00;8,17;01:12:00;1,20;00:38:00;0,63; 31,00 ;41,00;21.230;21,23;2;2,600; 0,685 
25/08/2025;ago;25;seg;13;DIURNO;32049;06:37:00;6,62;01:45:00;1,75;00:43:00;0,72; 39,00 ;58,00;16.610;16,61;2;2,510; 0,426 
25/08/2025;ago;25;seg;14;DIURNO;31933;05:45:00;5,75;02:25:00;2,42;00:25:00;0,42; 37,00 ;54,00;15.060;15,06;2;2,619; 0,407 
25/08/2025;ago;25;seg;16;DIURNO;32050;07:48:00;7,80;02:36:00;2,60;00:58:00;0,97; 35,00 ;83,00;19.860;19,86;3;2,546; 0,567 
25/08/2025;ago;25;seg;18;DIURNO;32048;07:05:00;7,08;02:00:00;2,00;00:20:00;0,33; 74,00 ;86,00;13.170;13,17;2;1,859; 0,178 
25/08/2025;ago;25;seg;20;DIURNO;33049;05:45:00;5,75;02:05:00;2,08;00:30:00;0,50; 42,00 ;52,00;16.540;16,54;2;2,877; 0,394 
25/08/2025;ago;25;seg;3;NOTURNO;31933;06:27:00;6,45;00:48:00;0,80;00:24:00;0,40; 42,00 ;24,00;19.520;19,52;2;3,026; 0,465 
25/08/2025;ago;25;seg;4;NOTURNO;33024;07:01:00;7,02;01:18:00;1,30;00:24:00;0,40; 53,00 ;27,00;14.660;14,66;2;2,089; 0,277 
25/08/2025;ago;25;seg;5;NOTURNO;32048;05:51:00;5,85;01:25:00;1,42;00:25:00;0,42; 30,00 ;45,00;16.560;16,56;2;2,831; 0,552 
25/08/2025;ago;25;seg;7;NOTURNO;32049;06:20:00;6,33;01:50:00;1,83;00:20:00;0,33; 32,00 ;41,00;17.010;17,01;2;2,686; 0,532 
25/08/2025;ago;25;seg;21;NOTURNO;33049;07:25:00;7,42;00:49:00;0,82;00:25:00;0,42; 46,00 ;28,00;17.320;17,32;2;2,335; 0,377 
26/08/2025;ago;26;ter;19;DIURNO;32024;05:15:00;5,25;01:55:00;1,92;00:25:00;0,42; 42,00 ;53,00;16.870;16,87;2;3,213; 0,402 
26/08/2025;ago;26;ter;15;DIURNO;31933;07:30:00;7,50;01:25:00;1,42;00:45:00;0,75; 43,00 ;27,00;22.490;22,49;3;2,999; 0,523 
27/08/2025;ago;27;qua;9;DIURNO;32048;05:05:00;5,08;01:01:00;1,02;00:24:00;0,40; 30,00 ;41,00;11.610;11,61;2;2,284; 0,387 
27/08/2025;ago;27;qua;13;DIURNO;32049;04:38:00;4,63;00:54:00;0,90;00:14:00;0,23; 38,00 ;34,00;9.220;9,22;1;1,990; 0,243 
27/08/2025;ago;27;qua;14;DIURNO;31933;04:20:00;4,33;01:10:00;1,17;00:15:00;0,25; 34,00 ;30,00;8.210;8,21;1;1,895; 0,241 
27/08/2025;ago;27;qua;16;DIURNO;32050;05:02:00;5,03;01:46:00;1,77;00:23:00;0,38; 34,00 ;56,00;10.980;10,98;2;2,181; 0,323 
27/08/2025;ago;27;qua;18;DIURNO;33024;05:10:00;5,17;01:10:00;1,17;00:10:00;0,17; 76,00 ;30,00;8.540;8,54;1;1,653; 0,112 
27/08/2025;ago;27;qua;20;DIURNO;33049;05:50:00;5,83;01:45:00;1,75;00:25:00;0,42; 42,00 ;53,00;12.150;12,15;2;2,083; 0,289 
27/08/2025;ago;27;qua;3;NOTURNO;31933;06:08:00;6,13;00:49:00;0,82;00:18:00;0,30; 42,00 ;26,00;13.510;13,51;2;2,203; 0,322 
27/08/2025;ago;27;qua;4;NOTURNO;33024;06:45:00;6,75;00:29:00;0,48;00:16:00;0,27; 51,00 ;16,00;9.610;9,61;1;1,424; 0,188 
27/08/2025;ago;27;qua;5;NOTURNO;32048;04:37:00;4,62;00:43:00;0,72;00:11:00;0,18; 32,00 ;23,00;9.570;9,57;1;2,073; 0,299 
27/08/2025;ago;27;qua;7;NOTURNO;32051;05:00:00;5,00;01:25:00;1,42;00:30:00;0,50; 36,00 ;43,00;11.700;11,70;2;2,340; 0,325 
27/08/2025;ago;27;qua;21;NOTURNO;33049;06:37:00;6,62;00:43:00;0,72;00:14:00;0,23; 46,00 ;14,00;10.540;10,54;1;1,593; 0,229 
27/08/2025;ago;27;qua;22;0;32051;01:50:00;1,83;00:40:00;0,67;00:20:00;0,33; 17,00 ;24,00;860;0,86;1;0,469; 0,051 
28/08/2025;ago;28;qui;19;DIURNO;33024;04:55:00;4,92;01:00:00;1,00;00:15:00;0,25; 50,00 ;17,00;11.520;11,52;1;2,343; 0,230 
28/08/2025;ago;28;qui;15;DIURNO;31933;05:15:00;5,25;01:00:00;1,00;00:25:00;0,42; 39,00 ;18,00;12.200;12,20;2;2,324; 0,313 
28/08/2025;ago;28;qui;12;DIURNO;32050;05:01:00;5,02;01:37:00;1,62;00:25:00;0,42; 33,00 ;52,00;13.020;13,02;2;2,595; 0,395 
28/08/2025;ago;28;qui;17;DIURNO;33049;07:00:00;7,00;00:50:00;0,83;00:30:00;0,50; 54,00 ;14,00;16.260;16,26;2;2,323; 0,301 
28/08/2025;ago;28;qui;8;DIURNO;32050;05:36:00;5,60;01:23:00;1,38;00:24:00;0,40; 32,00 ;43,00;11.850;11,85;2;2,116; 0,370 
28/08/2025;ago;28;qui;10;DIURNO;32048;05:01:00;5,02;01:05:00;1,08;00:30:00;0,50; 39,00 ;26,00;12.130;12,13;2;2,418; 0,311 
28/08/2025;ago;28;qui;12;DIURNO;32050;05:01:00;5,02;01:33:00;1,55;00:25:00;0,42; 33,00 ;52,00;13.020;13,02;2;2,595; 0,395 
28/08/2025;ago;28;qui;1;NOTURNO;31933;05:59:00;5,98;01:11:00;1,18;00:22:00;0,37; 35,00 ;31,00;13.920;13,92;2;2,326; 0,398 
28/08/2025;ago;28;qui;2;NOTURNO;33024;07:05:00;7,08;00:23:00;0,38;00:16:00;0,27; 45,00 ;17,00;10.550;10,55;1;1,489; 0,234 
28/08/2025;ago;28;qui;6;NOTURNO;32048;05:27:00;5,45;01:17:00;1,28;00:19:00;0,32; 41,00 ;42,00;11.460;11,46;2;2,103; 0,280 
28/08/2025;ago;28;qui;11;NOTURNO;32051;04:50:00;4,83;01:10:00;1,17;00:20:00;0,33; 38,00 ;23,00;11.760;11,76;2;2,433; 0,309 
28/08/2025;ago;28;qui;21;NOTURNO;33049;06:32:00;6,53;00:50:00;0,83;00:11:00;0,18; 45,00 ;15,00;10.560;10,56;1;1,616; 0,235 
29/08/2025;ago;29;sex;18;DIURNO;33024;05:45:00;5,75;00:50:00;0,83;00:15:00;0,25; 78,00 ;29,00;9.940;9,94;1;1,729; 0,127 
29/08/2025;ago;29;sex;14;DIURNO;31933;06:15:00;6,25;01:00:00;1,00;00:15:00;0,25; 36,00 ;38,00;11.370;11,37;1;1,819; 0,316 
29/08/2025;ago;29;sex;9;DIURNO;32048;06:00:00;6,00;01:01:00;1,02;00:34:00;0,57; 31,00 ;43,00;14.970;14,97;2;2,495; 0,483 
29/08/2025;ago;29;sex;13;DIURNO;32050;05:28:00;5,47;02:02:00;2,03;00:20:00;0,33; 41,00 ;47,00;13.800;13,80;2;2,524; 0,337 
29/08/2025;ago;29;sex;20;DIURNO;33049;05:35:00;5,58;02:05:00;2,08;00:40:00;0,67; 41,00 ;54,00;13.520;13,52;2;2,421; 0,330 
29/08/2025;ago;29;sex;21;NOTURNO;33049;06:54:00;6,90;00:43:00;0,72;00:29:00;0,48; 48,00 ;28,00;11.850;11,85;2;1,717; 0,247 
29/08/2025;ago;29;sex;4;NOTURNO;33024;07:20:00;7,33;00:34:00;0,57;00:19:00;0,32; 47,00 ;18,00;11.200;11,20;1;1,527; 0,238 
29/08/2025;ago;29;sex;16;DIURNO;32051;06:10:00;6,17;02:28:00;2,47;00:27:00;0,45; 38,00 ;83,00;15.460;15,46;3;2,507; 0,407 
29/08/2025;ago;29;sex;5;NOTURNO;32048;04:55:00;4,92;01:05:00;1,08;00:27:00;0,45; 33,00 ;43,00;12.020;12,02;2;2,445; 0,364 
29/08/2025;ago;29;sex;3;NOTURNO;31933;06:26:00;6,43;00:44:00;0,73;00:18:00;0,30; 42,00 ;26,00;15.350;15,35;2;2,386; 0,365 
30/08/2025;ago;30;sáb;8;DIURNO;32051;05:41:00;5,68;01:33:00;1,55;00:29:00;0,48; 32,00 ;47,00;14.330;14,33;2;2,521; 0,448 
30/08/2025;ago;30;sáb;11;NOTURNO;32051;01:50:00;1,83;00:30:00;0,50;00:10:00;0,17; 13,00 ;13,00;3.460;3,46;1;1,887; 0,266 
30/08/2025;ago;30;sáb;1;NOTURNO;31933;06:31:00;6,52;00:57:00;0,95;00:21:00;0,35; 36,00 ;32,00;13.610;13,61;2;2,088; 0,378 
30/08/2025;ago;30;sáb;11;NOTURNO;32051;04:05:00;4,08;00:40:00;0,67;00:10:00;0,17; 25,00 ;22,00;7.250;7,25;2;1,776; 0,290 
30/08/2025;ago;30;sáb;12;DIURNO;32050;05:09:00;5,15;01:27:00;1,45;00:24:00;0,40; 32,00 ;49,00;15.040;15,04;2;2,920; 0,470 
30/08/2025;ago;30;sáb;19;DIURNO;33024;05:10:00;5,17;00:50:00;0,83;00:15:00;0,25; 47,00 ;27,00;11.650;11,65;1;2,255; 0,248 
30/08/2025;ago;30;sáb;10;DIURNO;32048;05:25:00;5,42;00:40:00;0,67;00:30:00;0,50; 37,00 ;29,00;13.460;13,46;2;2,485; 0,364 
30/08/2025;ago;30;sáb;17;DIURNO;33049;07:40:00;7,67;00:35:00;0,58;00:25:00;0,42; 51,00 ;15,00;18.040;18,04;2;2,353; 0,354 
30/08/2025;ago;30;sáb;15;DIURNO;31933;07:30:00;7,50;01:12:00;1,20;00:30:00;0,50; 45,00 ;18,00;16.810;16,81;2;2,241; 0,374 
30/08/2025;ago;30;sáb;6;NOTURNO;32048;05:22:00;5,37;00:44:00;0,73;00:16:00;0,27; 38,00 ;21,00;11.160;11,16;1;2,080; 0,294 
30/08/2025;ago;30;sáb;21;NOTURNO;33049;06:11:00;6,18;00:40:00;0,67;00:19:00;0,32; 45,00 ;18,00;8.830;8,83;1;1,428; 0,196 
30/08/2025;ago;30;sáb;2;NOTURNO;33024;06:37:00;6,62;00:24:00;0,40;00:16:00;0,27; 44,00 ;14,00;10.330;10,33;1;1,561; 0,235 
01/09/2025;set;1;seg;14;DIURNO;31933;06:25:00;6,42;02:05:00;2,08;00:25:00;0,42; 36,00 ;55,00;14.270;14,27;2;2,224; 0,396 
01/09/2025;set;1;seg;9;DIURNO;33024;08:10:00;8,17;01:02:00;1,03;00:23:00;0,38; 32,00 ;41,00;20.820;20,82;2;2,549; 0,651 
01/09/2025;set;1;seg;13;DIURNO;32050;06:57:00;6,95;01:43:00;1,72;00:35:00;0,58; 42,00 ;57,00;16.430;16,43;2;2,364; 0,391 
01/09/2025;set;1;seg;16;DIURNO;32051;06:28:00;6,47;02:23:00;2,38;00:40:00;0,67; 33,00 ;86,00;20.300;20,30;3;3,139; 0,615 
01/09/2025;set;1;seg;18;DIURNO;32048;05:40:00;5,67;01:40:00;1,67;00:40:00;0,67; 71,00 ;69,00;12.540;12,54;2;2,213; 0,177 
01/09/2025;set;1;seg;20;DIURNO;33049;06:15:00;6,25;01:35:00;1,58;00:25:00;0,42; 42,00 ;52,00;16.550;16,55;2;2,648; 0,394 
01/09/2025;set;1;seg;3;NOTURNO;31933;06:31:00;6,52;00:55:00;0,92;00:24:00;0,40; 41,00 ;31,00;18.640;18,64;2;2,860; 0,455 
01/09/2025;set;1;seg;4;NOTURNO;33024;07:12:00;7,20;01:05:00;1,08;00:28:00;0,47; 46,00 ;35,00;14.860;14,86;2;2,064; 0,323 
01/09/2025;set;1;seg;5;NOTURNO;32048;04:56:00;4,93;01:23:00;1,38;00:29:00;0,48; 32,00 ;43,00;15.770;15,77;2;3,197; 0,493 
01/09/2025;set;1;seg;7;NOTURNO;32051;06:45:00;6,75;01:50:00;1,83;00:30:00;0,50; 33,00 ;37,00;17.420;17,42;2;2,581; 0,528 
01/09/2025;set;1;seg;21;NOTURNO;33049;07:04:00;7,07;00:47:00;0,78;00:28:00;0,47; 47,00 ;27,00;17.440;17,44;2;2,468; 0,371 
01/09/2025;set;1;seg;22;0;32048;01:17:00;1,28;00:43:00;0,72;00:19:00;0,32; -   ;32,00;3.210;3,21;1;2,501;#DIV/0!
02/09/2025;set;2;ter;19;DIURNO;32048;04:05:00;4,08;01:35:00;1,58;00:15:00;0,25; 28,00 ;23,00;9.990;9,99;1;2,447; 0,357 
02/09/2025;set;2;ter;10;DIURNO;33024;07:07:00;7,12;01:06:00;1,10;00:27:00;0,45; 35,00 ;28,00;20.440;20,44;2;2,872; 0,584 
02/09/2025;set;2;ter;19;DIURNO;33048;02:30:00;2,50;00:50:00;0,83;00:20:00;0,33; 19,00 ;20,00;8.170;8,17;1;3,268; 0,430 
13/08/2025;ago;13;qua;9;DIURNO;33048;02:45:00;2,75;03:35:00;3,58;00:10:00;0,17; 12,00 ;11,00;4.440;4,44;1;1,615; 0,370 
02/09/2025;set;2;ter;2;NOTURNO;33024;08:07:00;8,12;00:52:00;0,87;00:27:00;0,45; 45,00 ;33,00;15.420;15,42;2;1,900; 0,343 
02/09/2025;set;2;ter;11;NOTURNO;32048;07:10:00;7,17;00:55:00;0,92;00:30:00;0,50; 39,00 ;23,00;17.710;17,71;2;2,471; 0,454 
02/09/2025;set;2;ter;21;NOTURNO;32051;05:08:00;5,13;00:51:00;0,85;00:31:00;0,52; 45,00 ;29,00;10.280;10,28;2;2,003; 0,228 
02/09/2025;set;2;ter;6;NOTURNO;33048;06:31:00;6,52;01:18:00;1,30;00:23:00;0,38; 40,00 ;40,00;16.410;16,41;2;2,518; 0,410 
02/09/2025;set;2;ter;1;NOTURNO;31933;06:10:00;6,17;01:01:00;1,02;00:23:00;0,38; 30,00 ;36,00;17.410;17,41;2;2,823; 0,580 
02/09/2025;set;2;ter;8;DIURNO;32051;06:49:00;6,82;02:12:00;2,20;00:43:00;0,72; 37,00 ;64,00;19.360;19,36;3;2,840; 0,523 
02/09/2025;set;2;ter;12;DIURNO;32050;07:49:00;7,82;02:32:00;2,53;00:52:00;0,87; 26,00 ;85,00;23.130;23,13;3;2,959; 0,890 
02/09/2025;set;2;ter;15;DIURNO;31933;08:35:00;8,58;01:20:00;1,33;00:45:00;0,75; 45,00 ;26,00;22.690;22,69;3;2,643; 0,504 
02/09/2025;set;2;ter;17;DIURNO;33049;08:50:00;8,83;01:30:00;1,50;00:55:00;0,92; 54,00 ;23,00;26.520;26,52;3;3,002; 0,491 
03/09/2025;set;3;qua;9;DIURNO;33048;05:18:00;5,30;00:32:00;0,53;00:20:00;0,33; 28,00 ;20,00;11.420;11,42;1;2,155; 0,408 
03/09/2025;set;3;qua;13;DIURNO;32048;05:15:00;5,25;00:59:00;0,98;00:22:00;0,37; 39,00 ;49,00;9.930;9,93;1;1,891; 0,255 
03/09/2025;set;3;qua;14;DIURNO;31933;05:15:00;5,25;01:20:00;1,33;00:10:00;0,17; 35,00 ;38,00;8.960;8,96;1;1,707; 0,256 
03/09/2025;set;3;qua;16;DIURNO;32051;07:00:00;7,00;01:40:00;1,67;00:25:00;0,42; 36,00 ;53,00;12.880;12,88;2;1,840; 0,358 
03/09/2025;set;3;qua;18;DIURNO;33024;05:45:00;5,75;00:40:00;0,67;00:25:00;0,42; 77,00 ;29,00;8.460;8,46;1;1,471; 0,110 
03/09/2025;set;3;qua;20;DIURNO;33049;05:50:00;5,83;01:40:00;1,67;00:25:00;0,42; 40,00 ;53,00;10.990;10,99;2;1,884; 0,275 
03/09/2025;set;3;qua;3;NOTURNO;31933;06:13:00;6,22;00:49:00;0,82;00:21:00;0,35; 43,00 ;25,00;13.830;13,83;2;2,225; 0,322 
03/09/2025;set;3;qua;4;NOTURNO;33024;06:38:00;6,63;00:37:00;0,62;00:15:00;0,25; 55,00 ;18,00;9.570;9,57;1;1,443; 0,174 
03/09/2025;set;3;qua;5;NOTURNO;33048;04:24:00;4,40;00:51:00;0,85;00:23:00;0,38; 32,00 ;23,00;9.780;9,78;1;2,223; 0,306 
03/09/2025;set;3;qua;7;NOTURNO;32048;05:00:00;5,00;01:35:00;1,58;00:20:00;0,33; 33,00 ;45,00;11.800;11,80;2;2,360; 0,358 
03/09/2025;set;3;qua;21;NOTURNO;33049;06:24:00;6,40;00:35:00;0,58;00:22:00;0,37; 46,00 ;15,00;10.540;10,54;1;1,647; 0,229 
03/09/2025;set;3;qua;22;0;32050;03:38:00;3,63;03:59:00;3,98;00:23:00;0,38; 7,00 ;73,00;7.280;7,28;2;2,004; 1,040 
04/09/2025;set;4;qui;10;DIURNO;33048;05:38:00;5,63;00:53:00;0,88;00:30:00;0,50; 35,00 ;28,00;12.790;12,79;2;2,270; 0,365 
04/09/2025;set;4;qui;19;DIURNO;33024;05:30:00;5,50;00:25:00;0,42;00:45:00;0,75; 49,00 ;21,00;9.540;9,54;1;1,735; 0,195 
04/09/2025;set;4;qui;15;DIURNO;31933;05:05:00;5,08;00:56:00;0,93;00:24:00;0,40; 38,00 ;19,00;11.990;11,99;2;2,359; 0,316 
04/09/2025;set;4;qui;8;DIURNO;31912;05:54:00;5,90;01:39:00;1,65;00:27:00;0,45; 31,00 ;46,00;13.276;13,28;2;2,250; 0,428 
04/09/2025;set;4;qui;22;0;32050;02:02:00;2,03;00:22:00;0,37;00:11:00;0,18; 14,00 ;14,00;3.660;3,66;1;1,800; 0,261 
04/09/2025;set;4;qui;17;DIURNO;33049;07:05:00;7,08;00:40:00;0,67;00:25:00;0,42; 52,00 ;16,00;15.820;15,82;2;2,233; 0,304 
04/09/2025;set;4;qui;12;DIURNO;32048;06:06:00;6,10;01:41:00;1,68;00:32:00;0,53; 35,00 ;52,00;13.360;13,36;2;2,190; 0,382 
04/09/2025;set;4;qui;1;NOTURNO;31933;05:57:00;5,95;01:06:00;1,10;00:24:00;0,40; 31,00 ;36,00;13.060;13,06;2;2,195; 0,421 
04/09/2025;set;4;qui;2;NOTURNO;33024;06:44:00;6,73;00:31:00;0,52;00:15:00;0,25; 54,00 ;17,00;10.430;10,43;1;1,549; 0,193 
04/09/2025;set;4;qui;6;NOTURNO;33048;05:48:00;5,80;00:42:00;0,70;00:19:00;0,32; 40,00 ;18,00;11.090;11,09;1;1,912; 0,277 
04/09/2025;set;4;qui;11;NOTURNO;32048;05:50:00;5,83;00:55:00;0,92;00:20:00;0,33; 38,00 ;18,00;11.310;11,31;2;1,939; 0,298 
04/09/2025;set;4;qui;21;NOTURNO;33049;06:42:00;6,70;00:43:00;0,72;00:14:00;0,23; 44,00 ;16,00;10.020;10,02;1;1,496; 0,228 
05/09/2025;set;5;sex;14;DIURNO;31933;05:05:00;5,08;01:15:00;1,25;00:15:00;0,25; 34,00 ;39,00;9.790;9,79;1;1,926; 0,288 
05/09/2025;set;5;sex;18;DIURNO;33024;06:15:00;6,25;00:50:00;0,83;00:10:00;0,17; 77,00 ;23,00;10.020;10,02;1;1,603; 0,130 
05/09/2025;set;5;sex;9;DIURNO;33048;04:35:00;4,58;00:45:00;0,75;00:45:00;0,75; 28,00 ;40,00;12.840;12,84;2;2,801; 0,459 
05/09/2025;set;5;sex;13;DIURNO;32048;04:53:00;4,88;01:59:00;1,98;00:22:00;0,37; 40,00 ;57,00;12.010;12,01;2;2,459; 0,300 
05/09/2025;set;5;sex;16;DIURNO;31912;04:55:00;4,92;01:49:00;1,82;00:32:00;0,53; 34,00 ;51,00;12.190;12,19;2;2,479; 0,359 
05/09/2025;set;5;sex;22;0;32051;02:56:00;2,93;02:14:00;2,23;01:45:00;1,75; 8,00 ;67,00;5.170;5,17;2;1,763; 0,646 
05/09/2025;set;5;sex;20;DIURNO;33049;05:50:00;5,83;01:50:00;1,83;00:30:00;0,50; 39,00 ;56,00;13.360;13,36;2;2,290; 0,343 
05/09/2025;set;5;sex;3;NOTURNO;31933;06:35:00;6,58;00:51:00;0,85;00:21:00;0,35; 44,00 ;26,00;14.230;14,23;2;2,162; 0,323 
05/09/2025;set;5;sex;4;NOTURNO;33024;06:30:00;6,50;00:33:00;0,55;00:13:00;0,22; 47,00 ;18,00;10.320;10,32;1;1,588; 0,220 
05/09/2025;set;5;sex;5;NOTURNO;33048;05:11:00;5,18;00:50:00;0,83;00:15:00;0,25; 33,00 ;22,00;11.230;11,23;1;2,167; 0,340 
05/09/2025;set;5;sex;7;NOTURNO;32048;05:55:00;5,92;01:35:00;1,58;00:30:00;0,50; 36,00 ;42,00;12.970;12,97;2;2,192; 0,360 
05/09/2025;set;5;sex;21;NOTURNO;33049;06:33:00;6,55;01:02:00;1,03;00:24:00;0,40; 47,00 ;29,00;11.590;11,59;2;1,769; 0,247 
06/09/2025;set;6;sáb;8;DIURNO;32051;05:04:00;5,07;01:36:00;1,60;00:25:00;0,42; 32,00 ;46,00;13.050;13,05;2;2,576; 0,408 
06/09/2025;set;6;sáb;10;DIURNO;33048;05:40:00;5,67;01:00:00;1,00;00:30:00;0,50; 35,00 ;27,00;13.200;13,20;2;2,329; 0,377 
06/09/2025;set;6;sáb;12;DIURNO;32048;05:57:00;5,95;01:56:00;1,93;00:24:00;0,40; 31,00 ;51,00;15.100;15,10;2;2,538; 0,487 
06/09/2025;set;6;sáb;15;DIURNO;31933;06:00:00;6,00;00:55:00;0,92;00:25:00;0,42; 40,00 ;18,00;15.810;15,81;2;2,635; 0,395 
06/09/2025;set;6;sáb;17;DIURNO;33049;06:20:00;6,33;00:40:00;0,67;00:30:00;0,50; 46,00 ;21,00;16.190;16,19;2;2,556; 0,352 
06/09/2025;set;6;sáb;19;DIURNO;33024;05:40:00;5,67;00:50:00;0,83;00:10:00;0,17; 47,00 ;21,00;10.770;10,77;1;1,901; 0,229 
06/09/2025;set;6;sáb;1;NOTURNO;31933;06:03:00;6,05;00:58:00;0,97;00:22:00;0,37; 35,00 ;31,00;13.060;13,06;2;2,159; 0,373 
06/09/2025;set;6;sáb;2;NOTURNO;33024;05:51:00;5,85;00:22:00;0,37;00:16:00;0,27; 43,00 ;18,00;9.860;9,86;1;1,685; 0,229 
06/09/2025;set;6;sáb;6;NOTURNO;33048;05:41:00;5,68;00:48:00;0,80;00:12:00;0,20; 37,00 ;21,00;11.140;11,14;1;1,960; 0,301 
06/09/2025;set;6;sáb;11;NOTURNO;32048;05:15:00;5,25;00:45:00;0,75;00:20:00;0,33; 40,00 ;22,00;11.090;11,09;2;2,112; 0,277 
06/09/2025;set;6;sáb;21;NOTURNO;33049;06:09:00;6,15;00:32:00;0,53;00:18:00;0,30; 46,00 ;15,00;9.520;9,52;1;1,548; 0,207 
21/08/2025;ago;21;qui;1;NOTURNO;31933;06:08:00;6,13;00:57:00;0,95;00:24:00;0,40; 35,00 ;31,00;12.560;12,56;2;2,048; 0,359 
21/08/2025;ago;21;qui;2;NOTURNO;33024;06:25:00;6,42;00:26:00;0,43;00:15:00;0,25; 41,00 ;15,00;10.060;10,06;1;1,568; 0,245 
21/08/2025;ago;21;qui;6;NOTURNO;32048;05:45:00;5,75;00:41:00;0,68;00:21:00;0,35; 42,00 ;18,00;10.830;10,83;1;1,883; 0,258 
21/08/2025;ago;21;qui;11;NOTURNO;32050;04:55:00;4,92;00:50:00;0,83;00:30:00;0,50; 37,00 ;21,00;10.950;10,95;2;2,227; 0,296 
21/08/2025;ago;21;qui;21;NOTURNO;33049;06:30:00;6,50;00:50:00;0,83;00:18:00;0,30; 45,00 ;15,00;9.930;9,93;1;1,528; 0,221 
26/08/2025;ago;26;ter;8;DIURNO;32050;07:09:00;7,15;01:59:00;1,98;00:36:00;0,60; 32,00 ;64,00;20.530;20,53;3;2,871; 0,642 
26/08/2025;ago;26;ter;10;DIURNO;33024;08:00:00;8,00;01:00:00;1,00;00:30:00;0,50; 39,00 ;26,00;20.830;20,83;2;2,604; 0,534 
26/08/2025;ago;26;ter;12;DIURNO;32049;06:46:00;6,77;02:28:00;2,47;00:43:00;0,72; 33,00 ;76,00;22.550;22,55;3;3,333; 0,683 
26/08/2025;ago;26;ter;17;DIURNO;33049;09:15:00;9,25;00:50:00;0,83;00:40:00;0,67; 58,00 ;21,00;26.700;26,70;3;2,886; 0,460 
26/08/2025;ago;26;ter;1;NOTURNO;31933;06:29:00;6,48;01:02:00;1,03;00:22:00;0,37; 36,00 ;31,00;17.870;17,87;2;2,756; 0,496 
26/08/2025;ago;26;ter;2;NOTURNO;33024;06:09:00;6,15;00:26:00;0,43;00:16:00;0,27; 29,00 ;15,00;9.730;9,73;1;1,582; 0,336 
26/08/2025;ago;26;ter;2;NOTURNO;32050;01:55:00;1,92;00:35:00;0,58;00:14:00;0,23; 15,00 ;19,00;5.910;5,91;1;3,083; 0,394 
26/08/2025;ago;26;ter;6;NOTURNO;32048;06:19:00;6,32;01:23:00;1,38;00:20:00;0,33; 39,00 ;38,00;16.230;16,23;2;2,569; 0,416 
26/08/2025;ago;26;ter;11;NOTURNO;32049;06:30:00;6,50;01:10:00;1,17;00:40:00;0,67; 38,00 ;23,00;17.180;17,18;2;2,643; 0,452 
26/08/2025;ago;26;ter;21;NOTURNO;33049;06:12:00;6,20;00:34:00;0,57;00:14:00;0,23; 46,00 ;15,00;9.820;9,82;1;1,584; 0,213 
26/08/2025;ago;26;ter;22;0;32051;00:30:00;0,50;00:35:00;0,58;00:50:00;0,83; -   ;11,00;22.850;22,85;3;45,700;#DIV/0!
26/08/2025;ago;26;ter;22;0;32051;00:40:00;0,67;#VALOR!;#VALOR!;#VALOR!;#VALOR!; -   ;11,00;24.760;24,76;3;37,140;#DIV/0!
26/08/2025;ago;26;ter;22;0;32051;00:50:00;0,83;01:35:00;1,58;00:35:00;0,58; -   ;12,00;25.610;25,61;4;30,732;#DIV/0!
29/08/2025;ago;29;sex;7;NOTURNO;32051;05:10:00;5,17;01:50:00;1,83;00:25:00;0,42; 35,00 ;40,00;7.250;7,25;2;1,403; 0,207 
08/09/2025;set;8;seg;9;DIURNO;32051;06:19:00;6,32;01:49:00;1,82;00:27:00;0,45; 35,00 ;42,00;16.020;16,02;2;2,536; 0,458 
08/09/2025;set;8;seg;13;DIURNO;32048;06:24:00;6,40;01:32:00;1,53;00:24:00;0,40; 37,00 ;58,00;16.620;16,62;2;2,597; 0,449 
08/09/2025;set;8;seg;14;DIURNO;31933;06:15:00;6,25;02:10:00;2,17;00:40:00;0,67; 37,00 ;65,00;14.730;14,73;2;2,357; 0,398 
08/09/2025;set;8;seg;16;DIURNO;31912;07:15:00;7,25;02:50:00;2,83;00:45:00;0,75; 32,00 ;85,00;20.870;20,87;3;2,879; 0,652 
08/09/2025;set;8;seg;18;DIURNO;33024;06:35:00;6,58;01:50:00;1,83;00:25:00;0,42; 70,00 ;69,00;12.300;12,30;2;1,868; 0,176 
08/09/2025;set;8;seg;20;DIURNO;33049;06:06:00;6,10;01:54:00;1,90;00:25:00;0,42; 40,00 ;54,00;16.650;16,65;2;2,730; 0,416 
08/09/2025;set;8;seg;22;0;32050;01:55:00;1,92;00:38:00;0,63;00:12:00;0,20; 8,00 ;19,00;5.790;5,79;1;3,021; 0,724 
08/09/2025;set;8;seg;22;0;32050;00:54:00;0,90;00:43:00;0,72;00:13:00;0,22; 7,00 ;18,00;350;0,35;1;0,389; 0,050 
08/09/2025;set;8;seg;3;NOTURNO;31933;06:46:00;6,77;00:52:00;0,87;00:24:00;0,40; 39,00 ;28,00;19.320;19,32;2;2,855; 0,495 
08/09/2025;set;8;seg;4;NOTURNO;33024;07:24:00;7,40;00:53:00;0,88;00:28:00;0,47; 50,00 ;31,00;14.500;14,50;2;1,959; 0,290 
08/09/2025;set;8;seg;5;NOTURNO;32048;05:12:00;5,20;01:20:00;1,33;00:24:00;0,40; 31,00 ;44,00;15.340;15,34;2;2,950; 0,495 
08/09/2025;set;8;seg;7;NOTURNO;32051;06:00:00;6,00;01:50:00;1,83;00:40:00;0,67; 34,00 ;39,00;17.400;17,40;2;2,900; 0,512 
08/09/2025;set;8;seg;21;NOTURNO;33049;07:31:00;7,52;00:55:00;0,92;00:20:00;0,33; 46,00 ;28,00;17.700;17,70;2;2,355; 0,385 
09/09/2025;set;9;ter;8;DIURNO;31912;08:12:00;8,20;02:16:00;2,27;00:46:00;0,77; 33,00 ;68,00;20.610;20,61;3;2,513; 0,625 
09/09/2025;set;9;ter;10;DIURNO;32051;07:01:00;7,02;01:19:00;1,32;00:46:00;0,77; 36,00 ;44,00;20.180;20,18;3;2,876; 0,561 
09/09/2025;set;9;ter;12;DIURNO;32048;07:41:00;7,68;03:17:00;3,28;00:33:00;0,55; 33,00 ;74,00;22.700;22,70;3;2,954; 0,688 
09/09/2025;set;9;ter;15;DIURNO;31933;07:10:00;7,17;01:20:00;1,33;00:35:00;0,58; 43,00 ;29,00;22.890;22,89;3;3,194; 0,532 
09/09/2025;set;9;ter;17;DIURNO;33049;11:20:00;11,33;00:59:00;0,98;00:48:00;0,80; 61,00 ;32,00;27.920;27,92;3;2,464; 0,458 
09/09/2025;set;9;ter;19;DIURNO;33024;06:55:00;6,92;01:05:00;1,08;00:30:00;0,50; 47,00 ;34,00;17.930;17,93;2;2,592; 0,381 
09/09/2025;set;9;ter;1;NOTURNO;31933;06:43:00;6,72;00:56:00;0,93;00:25:00;0,42; 35,00 ;34,00;18.400;18,40;2;2,739; 0,526 
09/09/2025;set;9;ter;2;NOTURNO;33024;05:43:00;5,72;00:56:00;0,93;00:22:00;0,37; 28,00 ;31,00;11.050;11,05;2;1,933; 0,395 
09/09/2025;set;9;ter;2;NOTURNO;32048;02:08:00;2,13;00:30:00;0,50;00:12:00;0,20; 14,00 ;20,00;4.940;4,94;1;2,316; 0,353 
09/09/2025;set;9;ter;6;NOTURNO;32048;03:06:00;3,10;00:46:00;0,77;00:15:00;0,25; 22,00 ;20,00;8.540;8,54;1;2,755; 0,388 
09/09/2025;set;9;ter;6;NOTURNO;33049;02:58:00;2,97;00:42:00;0,70;00:12:00;0,20; 18,00 ;23,00;8.400;8,40;1;2,831; 0,467 
09/09/2025;set;9;ter;11;NOTURNO;32051;05:55:00;5,92;01:35:00;1,58;00:40:00;0,67; 37,00 ;42,00;18.530;18,53;3;3,132; 0,501 
09/09/2025;set;9;ter;21;NOTURNO;32050;06:39:00;6,65;01:02:00;1,03;00:25:00;0,42; 46,00 ;27,00;10.660;10,66;2;1,603; 0,232 
10/09/2025;set;10;qua;9;DIURNO;32051;05:40:00;5,67;01:16:00;1,27;00:20:00;0,33; 30,00 ;43,00;13.030;13,03;2;2,299; 0,434 
10/09/2025;set;10;qua;13;DIURNO;32048;06:04:00;6,07;01:51:00;1,85;00:32:00;0,53; 69,00 ;70,00;10.550;10,55;2;1,739; 0,153 
10/09/2025;set;10;qua;14;DIURNO;32050;05:18:00;5,30;01:52:00;1,87;00:25:00;0,42; 37,00 ;53,00;8.920;8,92;2;1,683; 0,241 
10/09/2025;set;10;qua;16;DIURNO;31912;06:32:00;6,53;01:53:00;1,88;00:31:00;0,52; 33,00 ;53,00;12.550;12,55;2;1,921; 0,380 
10/09/2025;set;10;qua;18;DIURNO;33024;06:20:00;6,33;01:29:00;1,48;00:18:00;0,30; 45,00 ;38,00;7.770;7,77;1;1,227; 0,173 
10/09/2025;set;10;qua;20;DIURNO;33049;06:20:00;6,33;01:58:00;1,97;00:22:00;0,37; 42,00 ;55,00;12.920;12,92;2;2,040; 0,308 
10/09/2025;set;10;qua;22;0;31933;03:00:00;3,00;00:39:00;0,65;00:17:00;0,28; 31,00 ;9,00;3.160;3,16;1;1,053; 0,102 
10/09/2025;set;10;qua;3;NOTURNO;32048;03:18:00;3,30;00:32:00;0,53;00:11:00;0,18; 20,00 ;14,00;7.490;7,49;1;2,270; 0,375 
10/09/2025;set;10;qua;3;NOTURNO;32051;03:03:00;3,05;00:19:00;0,32;00:09:00;0,15; 22,00 ;11,00;6.090;6,09;1;1,997; 0,277 
10/09/2025;set;10;qua;4;NOTURNO;32050;01:00:00;1,00;00:33:00;0,55;00:15:00;0,25; 7,00 ;16,00;1.180;1,18;1;1,180; 0,169 
10/09/2025;set;10;qua;4;NOTURNO;33048;06:10:00;6,17;00:24:00;0,40;00:16:00;0,27; 46,00 ;12,00;8.530;8,53;1;1,383; 0,185 
10/09/2025;set;10;qua;5;NOTURNO;31933;04:35:00;4,58;00:51:00;0,85;00:45:00;0,75; 32,00 ;24,00;9.950;9,95;1;2,171; 0,311 
10/09/2025;set;10;qua;7;NOTURNO;31912;04:55:00;4,92;01:45:00;1,75;00:20:00;0,33; 32,00 ;44,00;11.460;11,46;2;2,331; 0,358 
10/09/2025;set;10;qua;21;NOTURNO;33049;07:23:00;7,38;00:34:00;0,57;00:07:00;0,12; 47,00 ;14,00;10.450;10,45;1;1,415; 0,222 
11/09/2025;set;11;qui;8;DIURNO;31912;05:06:00;5,10;01:14:00;1,23;00:28:00;0,47; 31,00 ;42,00;12.360;12,36;2;2,424; 0,399 
11/09/2025;set;11;qui;10;DIURNO;33048;05:45:00;5,75;01:04:00;1,07;00:31:00;0,52; 37,00 ;27,00;12.630;12,63;2;2,197; 0,341 
11/09/2025;set;11;qui;12;DIURNO;32050;05:25:00;5,42;01:31:00;1,52;00:29:00;0,48; 33,00 ;48,00;13.300;13,30;2;2,455; 0,403 
11/09/2025;set;11;qui;15;DIURNO;31933;05:02:00;5,03;00:53:00;0,88;00:29:00;0,48; 36,00 ;21,00;13.540;13,54;2;2,690; 0,376 
11/09/2025;set;11;qui;17;DIURNO;33049;07:50:00;7,83;00:52:00;0,87;00:26:00;0,43; 53,00 ;16,00;16.430;16,43;2;2,097; 0,310 
11/09/2025;set;11;qui;19;DIURNO;32051;05:00:00;5,00;01:30:00;1,50;00:15:00;0,25; 44,00 ;39,00;9.990;9,99;2;1,998; 0,227 
11/09/2025;set;11;qui;1;NOTURNO;32048;06:26:00;6,43;00:59:00;0,98;00:22:00;0,37; 35,00 ;32,00;14.106;14,11;2;2,193; 0,403 
11/09/2025;set;11;qui;2;NOTURNO;32051;06:19:00;6,32;00:54:00;0,90;00:25:00;0,42; 36,00 ;42,00;10.450;10,45;2;1,654; 0,290 
11/09/2025;set;11;qui;6;NOTURNO;33048;04:56:00;4,93;00:45:00;0,75;00:10:00;0,17; 40,00 ;18,00;10.260;10,26;1;2,080; 0,257 
11/09/2025;set;11;qui;11;NOTURNO;31912;05:15:00;5,25;00:59:00;0,98;00:26:00;0,43; 37,00 ;23,00;11.900;11,90;2;2,267; 0,322 
11/09/2025;set;11;qui;21;NOTURNO;33049;07:16:00;7,27;00:38:00;0,63;00:14:00;0,23; 46,00 ;15,00;10.330;10,33;1;1,422; 0,225 
12/09/2025;set;12;sex;9;DIURNO;33048;05:25:00;5,42;00:46:00;0,77;00:34:00;0,57; 31,00 ;40,00;13.690;13,69;2;2,527; 0,442 
12/09/2025;set;12;sex;13;DIURNO;32048;04:54:00;4,90;01:38:00;1,63;00:27:00;0,45; 38,00 ;58,00;11.560;11,56;2;2,359; 0,304 
12/09/2025;set;12;sex;14;DIURNO;31933;05:05:00;5,08;01:18:00;1,30;00:15:00;0,25; 36,00 ;28,00;9.710;9,71;1;1,910; 0,270 
12/09/2025;set;12;sex;16;DIURNO;31912;06:04:00;6,07;01:30:00;1,50;00:29:00;0,48; 32,00 ;58,00;13.840;13,84;2;2,281; 0,433 
12/09/2025;set;12;sex;18;DIURNO;32051;05:54:00;5,90;01:38:00;1,63;00:32:00;0,53; 62,00 ;81,00;10.620;10,62;2;1,800; 0,171 
12/09/2025;set;12;sex;20;DIURNO;33049;05:40:00;5,67;01:40:00;1,67;00:35:00;0,58; 42,00 ;53,00;13.430;13,43;2;2,370; 0,320 
12/09/2025;set;12;sex;22;0;32050;01:55:00;1,92;01:05:00;1,08;00:10:00;0,17; 15,00 ;37,00;3.080;3,08;1;1,607; 0,205 
12/09/2025;set;12;sex;3;NOTURNO;32048;06:15:00;6,25;00:54:00;0,90;00:15:00;0,25; 41,00 ;26,00;14.720;14,72;2;2,355; 0,359 
12/09/2025;set;12;sex;4;NOTURNO;32051;06:33:00;6,55;01:06:00;1,10;00:13:00;0,22; 47,00 ;30,00;10.310;10,31;2;1,574; 0,219 
12/09/2025;set;12;sex;5;NOTURNO;33048;05:02:00;5,03;00:46:00;0,77;00:16:00;0,27; 32,00 ;22,00;11.810;11,81;1;2,346; 0,369 
12/09/2025;set;12;sex;7;NOTURNO;32050;05:50:00;5,83;01:54:00;1,90;00:36:00;0,60; 31,00 ;44,00;13.480;13,48;2;2,311; 0,435 
12/09/2025;set;12;sex;21;NOTURNO;33049;07:15:00;7,25;01:22:00;1,37;00:20:00;0,33; 47,00 ;29,00;11.370;11,37;2;1,568; 0,242 
13/09/2025;set;13;sáb;8;DIURNO;31912;05:45:00;5,75;01:03:00;1,05;00:26:00;0,43; 32,00 ;45,00;13.360;13,36;2;2,323; 0,418 
13/09/2025;set;13;sáb;10;DIURNO;33048;05:10:00;5,17;00:45:00;0,75;00:25:00;0,42; 34,00 ;29,00;13.290;13,29;2;2,572; 0,391 
13/09/2025;set;13;sáb;12;DIURNO;32048;02:49:00;2,82;00:56:00;0,93;00:10:00;0,17; 14,00 ;25,00;7.770;7,77;1;2,759; 0,555 
13/09/2025;set;13;sáb;12;DIURNO;32050;02:41:00;2,68;00:47:00;0,78;00:14:00;0,23; 18,00 ;22,00;7.040;7,04;1;2,624; 0,391 
13/09/2025;set;13;sáb;15;DIURNO;31933;04:52:00;4,87;00:58:00;0,97;00:30:00;0,50; 38,00 ;19,00;14.770;14,77;2;3,035; 0,389 
13/09/2025;set;13;sáb;17;DIURNO;33049;06:40:00;6,67;00:45:00;0,75;00:25:00;0,42; 50,00 ;17,00;16.580;16,58;2;2,487; 0,332 
13/09/2025;set;13;sáb;19;DIURNO;32051;05:54:00;5,90;00:56:00;0,93;00:21:00;0,35; 48,00 ;38,00;11.850;11,85;2;2,008; 0,247 
13/09/2025;set;13;sáb;1;NOTURNO;32048;06:11:00;6,18;00:54:00;0,90;00:19:00;0,32; 36,00 ;31,00;13.200;13,20;2;2,135; 0,367 
13/09/2025;set;13;sáb;2;NOTURNO;32051;06:39:00;6,65;00:50:00;0,83;00:23:00;0,38; 44,00 ;34,00;9.850;9,85;2;1,481; 0,224 
13/09/2025;set;13;sáb;6;NOTURNO;33048;05:09:00;5,15;00:41:00;0,68;00:13:00;0,22; 38,00 ;20,00;10.740;10,74;1;2,085; 0,283 
13/09/2025;set;13;sáb;11;NOTURNO;31933;05:30:00;5,50;00:50:00;0,83;00:20:00;0,33; 38,00 ;22,00;11.650;11,65;2;2,118; 0,307 
13/09/2025;set;13;sáb;21;NOTURNO;33049;03:38:00;3,63;00:42:00;0,70;00:14:00;0,23; 26,00 ;15,00;4.460;4,46;1;1,228; 0,172 
13/09/2025;set;13;sáb;21;NOTURNO;31912;03:00:00;3,00;00:39:00;0,65;00:14:00;0,23; 20,00 ;15,00;4.400;4,40;1;1,467; 0,220 
15/09/2025;set;15;seg;9;DIURNO;33048;07:40:00;7,67;01:06:00;1,10;00:44:00;0,73; 31,00 ;42,00;21.050;21,05;2;2,746; 0,679 
15/09/2025;set;15;seg;13;DIURNO;32048;05:58:00;5,97;01:38:00;1,63;00:27:00;0,45; 38,00 ;58,00;16.320;16,32;2;2,735; 0,429 
15/09/2025;set;15;seg;14;DIURNO;31933;06:14:00;6,23;01:41:00;1,68;00:25:00;0,42; 36,00 ;47,00;14.440;14,44;2;2,317; 0,401 
15/09/2025;set;15;seg;16;DIURNO;31912;06:45:00;6,75;02:45:00;2,75;00:42:00;0,70; 33,00 ;86,00;19.790;19,79;3;2,932; 0,600 
15/09/2025;set;15;seg;18;DIURNO;32051;07:45:00;7,75;02:22:00;2,37;00:25:00;0,42; 61,00 ;105,00;12.150;12,15;2;1,568; 0,199 
15/09/2025;set;15;seg;20;DIURNO;32050;00:25:00;0,42;01:00:00;1,00;00:15:00;0,25; 2,00 ;25,00;1.230;1,23;1;2,952; 0,615 
15/09/2025;set;15;seg;20;DIURNO;33049;07:00:00;7,00;01:39:00;1,65;00:30:00;0,50; 42,00 ;45,00;13.940;13,94;2;1,991; 0,332 
15/09/2025;set;15;seg;22;0;32050;04:35:00;4,58;01:15:00;1,25;00:30:00;0,50; 38,00 ;26,00;5.440;5,44;2;1,187; 0,143 
15/09/2025;set;15;seg;3;NOTURNO;31933;06:39:00;6,65;00:50:00;0,83;00:27:00;0,45; 41,00 ;28,00;19.020;19,02;2;2,860; 0,464 
15/09/2025;set;15;seg;4;NOTURNO;32051;04:06:00;4,10;00:36:00;0,60;00:13:00;0,22; 29,00 ;16,00;8.120;8,12;1;1,980; 0,280 
15/09/2025;set;15;seg;4;NOTURNO;32048;03:19:00;3,32;00:34:00;0,57;00:13:00;0,22; 19,00 ;17,00;6.220;6,22;1;1,875; 0,327 
15/09/2025;set;15;seg;5;NOTURNO;33048;05:08:00;5,13;01:29:00;1,48;00:27:00;0,45; 30,00 ;44,00;15.530;15,53;2;3,025; 0,518 
15/09/2025;set;15;seg;7;NOTURNO;31912;06:52:00;6,87;02:03:00;2,05;00:30:00;0,50; 34,00 ;40,00;17.010;17,01;2;2,477; 0,500 
15/09/2025;set;15;seg;21;NOTURNO;32048;03:45:00;3,75;00:21:00;0,35;00:12:00;0,20; 25,00 ;7,00;7.850;7,85;1;2,093; 0,314 
15/09/2025;set;15;seg;21;NOTURNO;33049;04:36:00;4,60;00:59:00;0,98;00:08:00;0,13; 34,00 ;14,00;9.560;9,56;1;2,078; 0,281 
16/09/2025;set;16;ter;8;DIURNO;31912;06:42:00;6,70;02:00:00;2,00;00:40:00;0,67; 34,00 ;63,00;19.190;19,19;3;2,864; 0,564 
16/09/2025;set;16;ter;10;DIURNO;33048;07:50:00;7,83;01:05:00;1,08;00:35:00;0,58; 37,00 ;28,00;20.420;20,42;2;2,607; 0,552 
16/09/2025;set;16;ter;12;DIURNO;32048;06:19:00;6,32;02:12:00;2,20;00:52:00;0,87; 35,00 ;75,00;21.360;21,36;3;3,382; 0,610 
16/09/2025;set;16;ter;15;DIURNO;31933;08:08:00;8,13;01:17:00;1,28;00:47:00;0,78; 41,00 ;30,00;23.580;23,58;3;2,899; 0,575 
16/09/2025;set;16;ter;17;DIURNO;33049;10:00:00;10,00;01:00:00;1,00;00:40:00;0,67; 58,00 ;21,00;26.640;26,64;3;2,664; 0,459 
16/09/2025;set;16;ter;19;DIURNO;32051;07:32:00;7,53;01:35:00;1,58;00:37:00;0,62; 53,00 ;55,00;17.720;17,72;3;2,352; 0,334 
16/09/2025;set;16;ter;1;NOTURNO;31933;06:23:00;6,38;01:03:00;1,05;00:23:00;0,38; 34,00 ;34,00;17.890;17,89;2;2,803; 0,526 
16/09/2025;set;16;ter;2;NOTURNO;32048;05:59:00;5,98;01:09:00;1,15;00:20:00;0,33; 42,00 ;35,00;15.570;15,57;2;2,602; 0,371 
16/09/2025;set;16;ter;6;NOTURNO;33048;05:52:00;5,87;01:02:00;1,03;00:25:00;0,42; 43,00 ;35,00;16.350;16,35;2;2,787; 0,380 
16/09/2025;set;16;ter;11;NOTURNO;31912;03:55:00;3,92;01:19:00;1,32;00:35:00;0,58; 20,00 ;22,00;10.400;10,40;2;2,655; 0,520 
16/09/2025;set;16;ter;11;NOTURNO;33049;02:57:00;2,95;00:38:00;0,63;00:10:00;0,17; 18,00 ;12,00;7.370;7,37;1;2,498; 0,409 
16/09/2025;set;16;ter;21;NOTURNO;32051;06:53:00;6,88;01:08:00;1,13;00:19:00;0,32; 49,00 ;27,00;9.820;9,82;2;1,427; 0,200 
17/09/2025;set;17;qua;9;DIURNO;33048;05:09:00;5,15;01:16:00;1,27;00:20:00;0,33; 30,00 ;42,00;12.430;12,43;2;2,414; 0,414 
17/09/2025;set;17;qua;13;DIURNO;32048;04:57:00;4,95;01:11:00;1,18;00:03:00;0,05; 41,00 ;35,00;9.330;9,33;1;1,885; 0,228 
17/09/2025;set;17;qua;14;DIURNO;31933;04:14:00;4,23;01:23:00;1,38;00:15:00;0,25; 34,00 ;29,00;8.520;8,52;1;2,013; 0,251 
17/09/2025;set;17;qua;16;DIURNO;31912;06:10:00;6,17;01:45:00;1,75;00:30:00;0,50; 33,00 ;61,00;12.390;12,39;2;2,009; 0,375 
17/09/2025;set;17;qua;18;DIURNO;32050;05:32:00;5,53;01:08:00;1,13;00:19:00;0,32; 73,00 ;32,00;8.260;8,26;1;1,493; 0,113 
17/09/2025;set;17;qua;20;DIURNO;33049;05:45:00;5,75;01:50:00;1,83;00:35:00;0,58; 41,00 ;54,00;11.970;11,97;2;2,082; 0,292 
17/09/2025;set;17;qua;3;NOTURNO;32048;05:59:00;5,98;00:57:00;0,95;00:20:00;0,33; 42,00 ;26,00;12.930;12,93;2;2,161; 0,308 
17/09/2025;set;17;qua;4;NOTURNO;31933;06:13:00;6,22;01:01:00;1,02;00:11:00;0,18; 51,00 ;16,00;9.480;9,48;1;1,525; 0,186 
17/09/2025;set;17;qua;5;NOTURNO;33048;04:49:00;4,82;01:01:00;1,02;00:11:00;0,18; 35,00 ;22,00;10.280;10,28;1;2,134; 0,294 
17/09/2025;set;17;qua;7;NOTURNO;31912;05:05:00;5,08;01:40:00;1,67;00:30:00;0,50; 33,00 ;41,00;11.320;11,32;2;2,227; 0,343 
17/09/2025;set;17;qua;21;NOTURNO;33049;06:15:00;6,25;00:31:00;0,52;00:07:00;0,12; 46,00 ;15,00;10.210;10,21;1;1,634; 0,222 
18/09/2025;set;18;qui;8;DIURNO;31912;04:56:00;4,93;01:22:00;1,37;00:31:00;0,52; 31,00 ;45,00;11.900;11,90;2;2,412; 0,384 
18/09/2025;set;18;qui;10;DIURNO;33048;06:06:00;6,10;00:54:00;0,90;00:25:00;0,42; 40,00 ;23,00;12.670;12,67;2;2,077; 0,317 
18/09/2025;set;18;qui;12;DIURNO;32048;05:15:00;5,25;01:38:00;1,63;00:25:00;0,42; 33,00 ;49,00;13.480;13,48;2;2,568; 0,408 
18/09/2025;set;18;qui;15;DIURNO;31933;04:48:00;4,80;00:47:00;0,78;00:30:00;0,50; 36,00 ;21,00;12.570;12,57;2;2,619; 0,349 
18/09/2025;set;18;qui;17;DIURNO;33049;06:35:00;6,58;00:40:00;0,67;00:30:00;0,50; 58,00 ;9,00;15.190;15,19;2;2,307; 0,262 
18/09/2025;set;18;qui;19;DIURNO;32050;05:28:00;5,47;01:06:00;1,10;00:38:00;0,63; 47,00 ;38,00;9.690;9,69;2;1,773; 0,206 
18/09/2025;set;18;qui;1;NOTURNO;32048;06:01:00;6,02;01:14:00;1,23;00:19:00;0,32; 35,00 ;32,00;12.930;12,93;2;2,149; 0,369 
18/09/2025;set;18;qui;2;NOTURNO;31933;05:39:00;5,65;01:00:00;1,00;00:21:00;0,35; 42,00 ;31,00;10.380;10,38;2;1,837; 0,247 
18/09/2025;set;18;qui;6;NOTURNO;33048;05:31:00;5,52;00:40:00;0,67;00:13:00;0,22; 31,00 ;28,00;11.130;11,13;1;2,018; 0,359 
18/09/2025;set;18;qui;11;NOTURNO;32050;05:20:00;5,33;01:40:00;1,67;00:25:00;0,42; 37,00 ;23,00;11.410;11,41;2;2,139; 0,308 
18/09/2025;set;18;qui;21;NOTURNO;33049;06:45:00;6,75;00:30:00;0,50;00:12:00;0,20; 46,00 ;16,00;10.210;10,21;1;1,513; 0,222 
19/09/2025;set;19;sex;9;DIURNO;33048;06:10:00;6,17;01:00:00;1,00;00:25:00;0,42; 32,00 ;39,00;14.880;14,88;2;2,413; 0,465 
19/09/2025;set;19;sex;13;DIURNO;32048;05:07:00;5,12;01:42:00;1,70;00:38:00;0,63; 40,00 ;48,00;12.970;12,97;2;2,535; 0,324 
19/09/2025;set;19;sex;14;DIURNO;31933;05:15:00;5,25;01:15:00;1,25;00:10:00;0,17; 36,00 ;39,00;10.470;10,47;1;1,994; 0,291 
19/09/2025;set;19;sex;16;DIURNO;31912;05:05:00;5,08;01:46:00;1,77;00:26:00;0,43; 33,00 ;52,00;12.800;12,80;2;2,518; 0,388 
19/09/2025;set;19;sex;18;DIURNO;32050;05:29:00;5,48;01:23:00;1,38;00:34:00;0,57; 66,00 ;73,00;9.490;9,49;2;1,731; 0,144 
19/09/2025;set;19;sex;20;DIURNO;33049;05:49:00;5,82;01:58:00;1,97;00:22:00;0,37; 41,00 ;54,00;13.520;13,52;2;2,324; 0,330 
19/09/2025;set;19;sex;22;0;32050;01:24:00;1,40;01:39:00;1,65;00:10:00;0,17; -   ;31,00;8.540;8,54;1;6,100;#DIV/0!
19/09/2025;set;19;sex;3;NOTURNO;32048;06:50:00;6,83;00:55:00;0,92;00:20:00;0,33; 42,00 ;27,00;14.770;14,77;2;2,161; 0,352 
19/09/2025;set;19;sex;4;NOTURNO;31933;06:12:00;6,20;00:45:00;0,75;00:07:00;0,12; 47,00 ;18,00;9.950;9,95;1;1,605; 0,212 
19/09/2025;set;19;sex;5;NOTURNO;33048;05:25:00;5,42;00:50:00;0,83;00:16:00;0,27; 32,00 ;23,00;11.760;11,76;1;2,171; 0,368 
19/09/2025;set;19;sex;7;NOTURNO;32051;05:15:00;5,25;01:40:00;1,67;00:25:00;0,42; 32,00 ;43,00;12.830;12,83;2;2,444; 0,401 
19/09/2025;set;19;sex;21;NOTURNO;33049;06:03:00;6,05;01:09:00;1,15;00:26:00;0,43; 48,00 ;28,00;11.740;11,74;2;1,940; 0,245 
20/09/2025;set;20;sáb;8;DIURNO;31912;07:01:00;7,02;01:11:00;1,18;00:21:00;0,35; 31,00 ;45,00;14.320;14,32;2;2,041; 0,462 
20/09/2025;set;20;sáb;10;DIURNO;33048;05:25:00;5,42;00:50:00;0,83;00:20:00;0,33; 35,00 ;27,00;12.960;12,96;2;2,393; 0,370 
20/09/2025;set;20;sáb;12;DIURNO;32048;05:45:00;5,75;01:46:00;1,77;00:28:00;0,47; 31,00 ;50,00;16.000;16,00;2;2,783; 0,516 
20/09/2025;set;20;sáb;15;DIURNO;31933;07:33:00;7,55;01:20:00;1,33;00:43:00;0,72; 40,00 ;18,00;16.200;16,20;2;2,146; 0,405 
20/09/2025;set;20;sáb;17;DIURNO;33049;07:00:00;7,00;00:30:00;0,50;00:35:00;0,58; 50,00 ;16,00;17.880;17,88;2;2,554; 0,358 
20/09/2025;set;20;sáb;19;DIURNO;32051;06:56:00;6,93;01:07:00;1,12;00:48:00;0,80; 50,00 ;38,00;12.190;12,19;2;1,758; 0,244 
20/09/2025;set;20;sáb;1;NOTURNO;32048;06:24:00;6,40;00:55:00;0,92;00:23:00;0,38; 35,00 ;31,00;13.030;13,03;2;2,036; 0,372 
20/09/2025;set;20;sáb;2;NOTURNO;32050;06:30:00;6,50;01:26:00;1,43;00:29:00;0,48; 41,00 ;36,00;10.050;10,05;2;1,546; 0,245 
20/09/2025;set;20;sáb;6;NOTURNO;33048;04:57:00;4,95;00:45:00;0,75;00:30:00;0,50; 38,00 ;20,00;9.740;9,74;1;1,968; 0,256 
20/09/2025;set;20;sáb;11;NOTURNO;32051;05:51:00;5,85;00:32:00;0,53;00:21:00;0,35; 40,00 ;22,00;11.560;11,56;2;1,976; 0,289 
20/09/2025;set;20;sáb;21;NOTURNO;33049;06:01:00;6,02;00:35:00;0,58;00:10:00;0,17; 46,00 ;15,00;8.720;8,72;1;1,449; 0,190 
22/09/2025;set;22;seg;9;DIURNO;33048;04:10:00;4,17;00:50:00;0,83;00:15:00;0,25; 20,00 ;21,00;11.210;11,21;1;2,690; 0,561 
22/09/2025;set;22;seg;9;DIURNO;32050;02:40:00;2,67;00:38:00;0,63;00:07:00;0,12; 12,00 ;21,00;8.660;8,66;1;3,248; 0,722 
22/09/2025;set;22;seg;13;DIURNO;32048;06:19:00;6,32;01:59:00;1,98;00:24:00;0,40; 40,00 ;59,00;16.090;16,09;2;2,547; 0,402 
22/09/2025;set;22;seg;14;DIURNO;31933;05:37:00;5,62;00:53:00;0,88;00:10:00;0,17; 19,00 ;30,00;12.070;12,07;1;2,149; 0,635 
22/09/2025;set;22;seg;14;DIURNO;32050;02:57:00;2,95;00:49:00;0,82;00:25:00;0,42; 11,00 ;25,00;4.950;4,95;1;1,678; 0,450 
22/09/2025;set;22;seg;16;DIURNO;31912;07:06:00;7,10;02:55:00;2,92;00:41:00;0,68; 32,00 ;80,00;20.660;20,66;3;2,910; 0,646 
22/09/2025;set;22;seg;18;DIURNO;32051;06:25:00;6,42;01:45:00;1,75;00:30:00;0,50; 74,00 ;68,00;12.680;12,68;2;1,976; 0,171 
22/09/2025;set;22;seg;20;DIURNO;33049;06:05:00;6,08;02:00:00;2,00;00:25:00;0,42; 42,00 ;51,00;16.310;16,31;2;2,681; 0,388 
22/09/2025;set;22;seg;3;NOTURNO;31933;06:21:00;6,35;01:01:00;1,02;00:25:00;0,42; 42,00 ;25,00;18.860;18,86;2;2,970; 0,449 
22/09/2025;set;22;seg;4;NOTURNO;32048;06:21:00;6,35;01:23:00;1,38;01:00:00;1,00; 46,00 ;34,00;14.570;14,57;2;2,294; 0,317 
22/09/2025;set;22;seg;5;NOTURNO;32051;05:19:00;5,32;01:39:00;1,65;00:25:00;0,42; 31,00 ;44,00;14.950;14,95;2;2,812; 0,482 
22/09/2025;set;22;seg;7;NOTURNO;31912;05:35:00;5,58;02:15:00;2,25;00:30:00;0,50; 36,00 ;39,00;16.260;16,26;2;2,912; 0,452 
22/09/2025;set;22;seg;21;NOTURNO;33049;06:46:00;6,77;01:10:00;1,17;00:57:00;0,95; 46,00 ;29,00;17.650;17,65;2;2,608; 0,384 
23/09/2025;set;23;ter;8;DIURNO;31912;09:53:00;9,88;01:19:00;1,32;00:28:00;0,47; 46,00 ;45,00;10.420;10,42;2;1,054; 0,227 
23/09/2025;set;23;ter;8;DIURNO;31933;02:07:00;2,12;00:40:00;0,67;00:15:00;0,25; 12,00 ;24,00;7.520;7,52;1;3,553; 0,627 
23/09/2025;set;23;ter;10;DIURNO;32050;08:10:00;8,17;01:20:00;1,33;00:45:00;0,75; 44,00 ;46,00;25.330;25,33;3;3,102; 0,576 
23/09/2025;set;23;ter;12;DIURNO;32049;07:28:00;7,47;03:23:00;3,38;00:46:00;0,77; 37,00 ;77,00;24.050;24,05;3;3,221; 0,650 
23/09/2025;set;23;ter;15;DIURNO;31933;06:25:00;6,42;01:25:00;1,42;00:40:00;0,67; 44,00 ;24,00;22.770;22,77;3;3,549; 0,518 
23/09/2025;set;23;ter;17;DIURNO;33049;08:50:00;8,83;01:00:00;1,00;00:30:00;0,50; 59,00 ;20,00;26.930;26,93;3;3,049; 0,456 
23/09/2025;set;23;ter;19;DIURNO;32051;06:40:00;6,67;01:40:00;1,67;00:20:00;0,33; 48,00 ;47,00;17.130;17,13;2;2,570; 0,357 
23/09/2025;set;23;ter;1;NOTURNO;33049;06:13:00;6,22;01:02:00;1,03;00:22:00;0,37; 38,00 ;31,00;18.430;18,43;2;2,965; 0,485 
23/09/2025;set;23;ter;2;NOTURNO;32048;03:45:00;3,75;00:31:00;0,52;00:11:00;0,18; 18,00 ;17,00;8.620;8,62;1;2,299; 0,479 
23/09/2025;set;23;ter;2;NOTURNO;31912;02:33:00;2,55;01:33:00;1,55;00:10:00;0,17; 22,00 ;19,00;7.850;7,85;1;3,078; 0,357 
23/09/2025;set;23;ter;6;NOTURNO;32051;06:40:00;6,67;01:22:00;1,37;00:30:00;0,50; 40,00 ;39,00;17.760;17,76;2;2,664; 0,444 
23/09/2025;set;23;ter;11;NOTURNO;32050;06:15:00;6,25;00:38:00;0,63;00:33:00;0,55; 36,00 ;25,00;18.010;18,01;2;2,882; 0,500 
23/09/2025;set;23;ter;21;NOTURNO;31933;06:18:00;6,30;00:28:00;0,47;00:19:00;0,32; 45,00 ;14,00;11.130;11,13;1;1,767; 0,247 
24/09/2025;set;24;qua;9;DIURNO;32050;05:40:00;5,67;01:20:00;1,33;00:25:00;0,42; 30,00 ;40,00;14.670;14,67;2;2,589; 0,489 
24/09/2025;set;24;qua;13;DIURNO;32048;05:20:00;5,33;01:22:00;1,37;00:18:00;0,30; 40,00 ;22,00;11.520;11,52;1;2,160; 0,288 
24/09/2025;set;24;qua;14;DIURNO;31933;04:55:00;4,92;01:18:00;1,30;00:15:00;0,25; 35,00 ;38,00;9.370;9,37;1;1,906; 0,268 
24/09/2025;set;24;qua;16;DIURNO;31912;06:01:00;6,02;02:03:00;2,05;00:26:00;0,43; 33,00 ;53,00;12.530;12,53;2;2,083; 0,380 
24/09/2025;set;24;qua;18;DIURNO;32051;04:45:00;4,75;00:50:00;0,83;00:10:00;0,17; 76,00 ;29,00;8.610;8,61;1;1,813; 0,113 
24/09/2025;set;24;qua;20;DIURNO;33049;05:25:00;5,42;02:00:00;2,00;00:30:00;0,50; 42,00 ;53,00;13.310;13,31;2;2,457; 0,317 
24/09/2025;set;24;qua;3;NOTURNO;32051;06:13:00;6,22;00:50:00;0,83;00:30:00;0,50; 43,00 ;25,00;14.610;14,61;2;2,350; 0,340 
24/09/2025;set;24;qua;4;NOTURNO;32048;06:19:00;6,32;01:06:00;1,10;00:27:00;0,45; 53,00 ;29,00;10.210;10,21;2;1,616; 0,193 
24/09/2025;set;24;qua;5;NOTURNO;31933;05:05:00;5,08;00:58:00;0,97;00:15:00;0,25; 31,00 ;20,00;10.790;10,79;1;2,123; 0,348 
24/09/2025;set;24;qua;7;NOTURNO;31912;05:25:00;5,42;01:47:00;1,78;00:23:00;0,38; 33,00 ;43,00;12.540;12,54;2;2,315; 0,380 
24/09/2025;set;24;qua;21;NOTURNO;33049;06:36:00;6,60;00:26:00;0,43;00:15:00;0,25; 46,00 ;15,00;10.630;10,63;1;1,611; 0,231 
25/09/2025;set;25;qui;8;DIURNO;31912;04:58:00;4,97;01:15:00;1,25;00:37:00;0,62; 31,00 ;45,00;10.830;10,83;2;2,181; 0,349 
25/09/2025;set;25;qui;10;DIURNO;32050;05:22:00;5,37;00:52:00;0,87;00:22:00;0,37; 36,00 ;27,00;12.810;12,81;2;2,387; 0,356 
25/09/2025;set;25;qui;12;DIURNO;32048;05:03:00;5,05;01:47:00;1,78;00:34:00;0,57; 35,00 ;49,00;12.720;12,72;2;2,519; 0,363 
25/09/2025;set;25;qui;15;DIURNO;31933;04:30:00;4,50;00:50:00;0,83;00:30:00;0,50; 37,00 ;20,00;13.210;13,21;2;2,936; 0,357 
25/09/2025;set;25;qui;17;DIURNO;33049;06:35:00;6,58;00:45:00;0,75;00:55:00;0,92; 56,00 ;12,00;16.010;16,01;2;2,432; 0,286 
25/09/2025;set;25;qui;19;DIURNO;32051;04:25:00;4,42;01:15:00;1,25;00:25:00;0,42; 49,00 ;34,00;9.670;9,67;2;2,189; 0,197 
25/09/2025;set;25;qui;22;0;32005;00:58:00;0,97;01:05:00;1,08;00:17:00;0,28; -   ;46,00;3.250;3,25;1;3,362;#DIV/0!
25/09/2025;set;25;qui;1;NOTURNO;32005;06:03:00;6,05;01:07:00;1,12;00:19:00;0,32; 36,00 ;32,00;12.660;12,66;2;2,093; 0,352 
25/09/2025;set;25;qui;2;NOTURNO;32048;06:27:00;6,45;01:02:00;1,03;00:31:00;0,52; 35,00 ;39,00;10.690;10,69;2;1,657; 0,305 
25/09/2025;set;25;qui;6;NOTURNO;31933;05:59:00;5,98;00:49:00;0,82;00:13:00;0,22; 40,00 ;19,00;11.310;11,31;1;1,890; 0,283 
25/09/2025;set;25;qui;11;NOTURNO;32051;04:30:00;4,50;00:52:00;0,87;00:37:00;0,62; 38,00 ;22,00;11.660;11,66;2;2,591; 0,307 
25/09/2025;set;25;qui;21;NOTURNO;33049;06:28:00;6,47;00:58:00;0,97;00:12:00;0,20; 46,00 ;15,00;9.710;9,71;1;1,502; 0,211 
26/09/2025;set;26;sex;9;DIURNO;32050;05:45:00;5,75;01:10:00;1,17;00:30:00;0,50; 32,00 ;40,00;13.960;13,96;2;2,428; 0,436 
26/09/2025;set;26;sex;13;DIURNO;32048;04:58:00;4,97;02:00:00;2,00;00:21:00;0,35; 40,00 ;60,00;11.820;11,82;2;2,380; 0,296 
26/09/2025;set;26;sex;14;DIURNO;31933;04:35:00;4,58;01:25:00;1,42;00:15:00;0,25; 32,00 ;32,00;10.160;10,16;1;2,217; 0,318 
26/09/2025;set;26;sex;16;DIURNO;31912;06:20:00;6,33;01:38:00;1,63;00:20:00;0,33; 32,00 ;55,00;14.260;14,26;2;2,252; 0,446 
26/09/2025;set;26;sex;18;DIURNO;32051;05:50:00;5,83;02:30:00;2,50;00:25:00;0,42; 65,00 ;104,00;10.290;10,29;2;1,764; 0,158 
26/09/2025;set;26;sex;20;DIURNO;33049;05:35:00;5,58;01:45:00;1,75;00:25:00;0,42; 42,00 ;53,00;14.220;14,22;2;2,547; 0,339 
26/09/2025;set;26;sex;22;0;32005;01:19:00;1,32;02:11:00;2,18;00:17:00;0,28; 13,00 ;31,00;3.090;3,09;1;2,347; 0,238 
26/09/2025;set;26;sex;3;NOTURNO;32005;06:31:00;6,52;00:45:00;0,75;00:22:00;0,37; 43,00 ;26,00;15.020;15,02;2;2,305; 0,349 
26/09/2025;set;26;sex;4;NOTURNO;33024;06:39:00;6,65;00:41:00;0,68;00:10:00;0,17; 47,00 ;16,00;10.640;10,64;1;1,600; 0,226 
26/09/2025;set;26;sex;5;NOTURNO;31933;05:30:00;5,50;01:02:00;1,03;00:24:00;0,40; 32,00 ;22,00;12.020;12,02;1;2,185; 0,376 
26/09/2025;set;26;sex;7;NOTURNO;32051;05:10:00;5,17;01:40:00;1,67;00:19:00;0,32; 34,00 ;41,00;12.760;12,76;2;2,470; 0,375 
26/09/2025;set;26;sex;21;NOTURNO;33049;07:08:00;7,13;01:07:00;1,12;00:24:00;0,40; 46,00 ;30,00;11.470;11,47;2;1,608; 0,249 
27/09/2025;set;27;sáb;8;DIURNO;31912;05:51:00;5,85;01:31:00;1,52;00:28:00;0,47; 31,00 ;53,00;14.040;14,04;2;2,400; 0,453 
27/09/2025;set;27;sáb;10;DIURNO;32050;05:40:00;5,67;00:37:00;0,62;00:23:00;0,38; 35,00 ;28,00;13.680;13,68;2;2,414; 0,391 
27/09/2025;set;27;sáb;12;DIURNO;32048;06:35:00;6,58;02:03:00;2,05;00:22:00;0,37; 33,00 ;53,00;17.050;17,05;2;2,590; 0,517 
27/09/2025;set;27;sáb;15;DIURNO;31933;04:47:00;4,78;00:53:00;0,88;00:23:00;0,38; 37,00 ;19,00;14.640;14,64;2;3,061; 0,396 
27/09/2025;set;27;sáb;17;DIURNO;33049;07:30:00;7,50;00:41:00;0,68;00:25:00;0,42; 50,00 ;17,00;18.130;18,13;2;2,417; 0,363 
27/09/2025;set;27;sáb;19;DIURNO;33024;05:35:00;5,58;00:35:00;0,58;00:10:00;0,17; 44,00 ;17,00;11.380;11,38;1;2,038; 0,259 
27/09/2025;set;27;sáb;1;NOTURNO;32048;06:07:00;6,12;00:55:00;0,92;00:21:00;0,35; 36,00 ;31,00;13.140;13,14;2;2,148; 0,365 
27/09/2025;set;27;sáb;2;NOTURNO;33024;06:03:00;6,05;01:08:00;1,13;00:11:00;0,18; 41,00 ;15,00;9.980;9,98;1;1,650; 0,243 
27/09/2025;set;27;sáb;6;NOTURNO;31933;05:18:00;5,30;00:50:00;0,83;00:10:00;0,17; 38,00 ;19,00;10.240;10,24;1;1,932; 0,269 
27/09/2025;set;27;sáb;11;NOTURNO;32051;05:35:00;5,58;00:44:00;0,73;00:21:00;0,35; 39,00 ;23,00;11.720;11,72;2;2,099; 0,301 
27/09/2025;set;27;sáb;21;NOTURNO;33049;06:07:00;6,12;00:37:00;0,62;00:08:00;0,13; 41,00 ;19,00;9.140;9,14;1;1,494; 0,223 
29/09/2025;set;29;seg;9;DIURNO;33024;07:40:00;7,67;00:57:00;0,95;00:23:00;0,38; 32,00 ;40,00;19.570;19,57;2;2,553; 0,612 
29/09/2025;set;29;seg;13;DIURNO;32048;06:09:00;6,15;01:48:00;1,80;00:27:00;0,45; 41,00 ;56,00;16.130;16,13;2;2,623; 0,393 
29/09/2025;set;29;seg;14;DIURNO;31933;05:26:00;5,43;01:51:00;1,85;00:33:00;0,55; 46,00 ;45,00;14.140;14,14;2;2,602; 0,307 
29/09/2025;set;29;seg;16;DIURNO;31912;07:03:00;7,05;02:47:00;2,78;00:38:00;0,63; 33,00 ;80,00;18.740;18,74;3;2,658; 0,568 
29/09/2025;set;29;seg;18;DIURNO;32051;06:25:00;6,42;01:50:00;1,83;00:20:00;0,33; 72,00 ;69,00;12.470;12,47;2;1,943; 0,173 
29/09/2025;set;29;seg;20;DIURNO;33049;05:40:00;5,67;02:00:00;2,00;00:20:00;0,33; 41,00 ;82,00;15.300;15,30;2;2,700; 0,373 
29/09/2025;set;29;seg;22;0;32005;03:57:00;3,95;02:00:00;2,00;01:07:00;1,12; 30,00 ;37,00;7.520;7,52;2;1,904; 0,251 
29/09/2025;set;29;seg;3;NOTURNO;32005;06:42:00;6,70;01:02:00;1,03;00:28:00;0,47; 42,00 ;26,00;17.670;17,67;2;2,637; 0,421 
29/09/2025;set;29;seg;4;NOTURNO;33024;07:13:00;7,22;01:24:00;1,40;00:15:00;0,25; 47,00 ;33,00;13.970;13,97;2;1,936; 0,297 
29/09/2025;set;29;seg;5;NOTURNO;31933;05:29:00;5,48;01:36:00;1,60;00:21:00;0,35; 30,00 ;44,00;14.940;14,94;2;2,725; 0,498 
29/09/2025;set;29;seg;7;NOTURNO;32051;05:45:00;5,75;01:39:00;1,65;00:24:00;0,40; 33,00 ;41,00;16.320;16,32;2;2,838; 0,495 
29/09/2025;set;29;seg;21;NOTURNO;33049;07:44:00;7,73;00:58:00;0,97;00:23:00;0,38; 48,00 ;27,00;16.540;16,54;2;2,139; 0,345 
30/09/2025;set;30;ter;8;DIURNO;32051;02:15:00;2,25;00:55:00;0,92;00:19:00;0,32; 13,00 ;25,00;7.470;7,47;1;3,320; 0,575 
30/09/2025;set;30;ter;8;DIURNO;31912;04:19:00;4,32;01:16:00;1,27;00:21:00;0,35; 21,00 ;43,00;10.860;10,86;2;2,516; 0,517 
30/09/2025;set;30;ter;10;DIURNO;32050;07:00:00;7,00;01:22:00;1,37;00:53:00;0,88; 29,00 ;46,00;20.050;20,05;3;2,864; 0,691 
30/09/2025;set;30;ter;12;DIURNO;32048;06:45:00;6,75;02:14:00;2,23;01:06:00;1,10; 35,00 ;76,00;20.590;20,59;3;3,050; 0,588 
30/09/2025;set;30;ter;15;DIURNO;31933;07:18:00;7,30;01:10:00;1,17;00:52:00;0,87; 36,00 ;34,00;23.240;23,24;3;3,184; 0,646 
30/09/2025;set;30;ter;17;DIURNO;33049;09:30:00;9,50;01:30:00;1,50;00:35:00;0,58; 60,00 ;25,00;25.800;25,80;3;2,716; 0,430 
30/09/2025;set;30;ter;19;DIURNO;33024;06:25:00;6,42;01:10:00;1,17;00:30:00;0,50; 43,00 ;38,00;16.640;16,64;2;2,593; 0,387 
30/09/2025;set;30;ter;1;NOTURNO;32005;06:39:00;6,65;01:06:00;1,10;00:22:00;0,37; 36,00 ;32,00;17.540;17,54;2;2,638; 0,487 
30/09/2025;set;30;ter;2;NOTURNO;33024;07:19:00;7,32;00:51:00;0,85;00:24:00;0,40; 42,00 ;32,00;14.790;14,79;2;2,021; 0,352 
30/09/2025;set;30;ter;6;NOTURNO;31933;06:24:00;6,40;01:31:00;1,52;00:23:00;0,38; 40,00 ;43,00;15.950;15,95;2;2,492; 0,399 
30/09/2025;set;30;ter;11;NOTURNO;32051;03:35:00;3,58;00:35:00;0,58;00:11:00;0,18; 15,00 ;12,00;7.600;7,60;1;2,121; 0,507 
30/09/2025;set;30;ter;11;NOTURNO;33049;04:10:00;4,17;00:30:00;0,50;00:20:00;0,33; 22,00 ;13,00;9.930;9,93;1;2,383; 0,451 
30/09/2025;set;30;ter;21;NOTURNO;32048;06:32:00;6,53;01:46:00;1,77;00:22:00;0,37; 47,00 ;28,00;10.270;10,27;2;1,572; 0,219 
01/10/2025;out;1;qua;9;DIURNO;32050;05:30:00;5,50;01:32:00;1,53;00:25:00;0,42; 30,00 ;42,00;12.960;12,96;2;2,356; 0,432 
01/10/2025;out;1;qua;13;DIURNO;32048;04:51:00;4,85;01:08:00;1,13;00:11:00;0,18; 39,00 ;35,00;9.480;9,48;1;1,955; 0,243 
01/10/2025;out;1;qua;14;DIURNO;31933;05:05:00;5,08;01:00:00;1,00;00:15:00;0,25; 35,00 ;39,00;9.190;9,19;1;1,808; 0,263 
01/10/2025;out;1;qua;16;DIURNO;31912;05:19:00;5,32;01:33:00;1,55;00:23:00;0,38; 33,00 ;57,00;11.650;11,65;2;2,191; 0,353 
01/10/2025;out;1;qua;18;DIURNO;33024;05:10:00;5,17;00:55:00;0,92;00:10:00;0,17; 77,00 ;33,00;7.420;7,42;1;1,436; 0,096 
01/10/2025;out;1;qua;20;DIURNO;33049;05:35:00;5,58;01:55:00;1,92;00:30:00;0,50; 43,00 ;51,00;12.440;12,44;2;2,228; 0,289 
01/10/2025;out;1;qua;3;NOTURNO;32005;03:48:00;3,80;00:30:00;0,50;00:13:00;0,22; 22,00 ;16,00;8.220;8,22;1;2,163; 0,374 
01/10/2025;out;1;qua;3;NOTURNO;32048;02:53:00;2,88;00:12:00;0,20;00:11:00;0,18; 20,00 ;14,00;5.400;5,40;1;1,873; 0,270 
01/10/2025;out;1;qua;4;NOTURNO;33024;05:59:00;5,98;00:47:00;0,78;00:10:00;0,17; 43,00 ;17,00;9.250;9,25;1;1,546; 0,215 
01/10/2025;out;1;qua;5;NOTURNO;31933;04:40:00;4,67;01:04:00;1,07;00:12:00;0,20; 31,00 ;22,00;9.610;9,61;1;2,059; 0,310 
01/10/2025;out;1;qua;7;NOTURNO;32051;02:10:00;2,17;00:41:00;0,68;00:13:00;0,22; 11,00 ;22,00;4.500;4,50;1;2,077; 0,409 
01/10/2025;out;1;qua;7;NOTURNO;31912;03:55:00;3,92;01:02:00;1,03;00:15:00;0,25; 23,00 ;24,00;6.810;6,81;1;1,739; 0,296 
01/10/2025;out;1;qua;21;NOTURNO;33049;06:34:00;6,57;00:34:00;0,57;00:10:00;0,17; 46,00 ;15,00;10.020;10,02;1;1,526; 0,218 
02/10/2025;out;2;qui;8;DIURNO;32051;05:03:00;5,05;01:18:00;1,30;00:28:00;0,47; 32,00 ;44,00;12.360;12,36;2;2,448; 0,386 
02/10/2025;out;2;qui;10;DIURNO;32050;04:54:00;4,90;01:03:00;1,05;00:24:00;0,40; 36,00 ;27,00;12.330;12,33;2;2,516; 0,343 
02/10/2025;out;2;qui;12;DIURNO;32048;04:50:00;4,83;01:31:00;1,52;00:35:00;0,58; 32,00 ;51,00;12.510;12,51;2;2,588; 0,391 
02/10/2025;out;2;qui;15;DIURNO;31933;04:17:00;4,28;01:09:00;1,15;00:24:00;0,40; 47,00 ;9,00;12.460;12,46;2;2,909; 0,265 
02/10/2025;out;2;qui;17;DIURNO;33049;07:15:00;7,25;00:30:00;0,50;00:25:00;0,42; 55,00 ;13,00;15.970;15,97;2;2,203; 0,290 
02/10/2025;out;2;qui;19;DIURNO;33024;05:30:00;5,50;00:40:00;0,67;00:10:00;0,17; 45,00 ;17,00;10.160;10,16;1;1,847; 0,226 
02/10/2025;out;2;qui;1;NOTURNO;32048;05:37:00;5,62;00:51:00;0,85;00:19:00;0,32; 37,00 ;31,00;12.570;12,57;2;2,238; 0,340 
02/10/2025;out;2;qui;2;NOTURNO;33024;06:57:00;6,95;00:47:00;0,78;00:13:00;0,22; 43,00 ;15,00;10.410;10,41;1;1,498; 0,242 
02/10/2025;out;2;qui;6;NOTURNO;31933;04:53:00;4,88;01:26:00;1,43;00:20:00;0,33; 44,00 ;-9,00;10.000;10,00;2;2,048; 0,227 
02/10/2025;out;2;qui;11;NOTURNO;32051;05:25:00;5,42;01:10:00;1,17;00:24:00;0,40; 38,00 ;22,00;11.070;11,07;2;2,044; 0,291 
02/10/2025;out;2;qui;21;NOTURNO;33049;07:11:00;7,18;00:39:00;0,65;00:09:00;0,15; 45,00 ;14,00;8.830;8,83;1;1,229; 0,196 
02/10/2025;out;2;qui;21;NOTURNO;32048;00:34:00;0,57;00:21:00;0,35;00:09:00;0,15; 5,00 ;15,00;1.740;1,74;1;3,071; 0,348 
03/10/2025;out;3;sex;9;DIURNO;32050;05:35:00;5,58;01:10:00;1,17;00:30:00;0,50; 33,00 ;41,00;14.180;14,18;2;2,540; 0,430 
03/10/2025;out;3;sex;13;DIURNO;32048;04:41:00;4,68;02:27:00;2,45;00:55:00;0,92; 39,00 ;49,00;12.910;12,91;2;2,757; 0,331 
03/10/2025;out;3;sex;14;DIURNO;32051;04:45:00;4,75;01:10:00;1,17;00:20:00;0,33; 35,00 ;30,00;9.500;9,50;1;2,000; 0,271 
03/10/2025;out;3;sex;16;DIURNO;31912;05:55:00;5,92;01:51:00;1,85;00:24:00;0,40; 32,00 ;52,00;14.070;14,07;2;2,378; 0,440 
03/10/2025;out;3;sex;18;DIURNO;33024;06:20:00;6,33;00:35:00;0,58;00:10:00;0,17; 78,00 ;29,00;7.800;7,80;1;1,232; 0,100 
03/10/2025;out;3;sex;20;DIURNO;33049;06:22:00;6,37;01:58:00;1,97;00:19:00;0,32; 42,00 ;54,00;13.980;13,98;2;2,196; 0,333 
03/10/2025;out;3;sex;22;0;31933;01:56:00;1,93;00:35:00;0,58;00:15:00;0,25; 14,00 ;26,00;4.810;4,81;1;2,488; 0,344 
03/10/2025;out;3;sex;3;NOTURNO;32048;06:43:00;6,72;00:37:00;0,62;00:23:00;0,38; 41,00 ;26,00;15.210;15,21;2;2,265; 0,371 
03/10/2025;out;3;sex;4;NOTURNO;33024;06:50:00;6,83;00:57:00;0,95;00:13:00;0,22; 44,00 ;20,00;10.500;10,50;1;1,537; 0,239 
03/10/2025;out;3;sex;5;NOTURNO;31933;05:38:00;5,63;01:02:00;1,03;00:15:00;0,25; 31,00 ;22,00;11.720;11,72;1;2,080; 0,378 
03/10/2025;out;3;sex;5;NOTURNO;31912;03:39:00;3,65;01:00:00;1,00;00:15:00;0,25; 27,00 ;21,00;5.980;5,98;1;1,638; 0,221 
03/10/2025;out;3;sex;7;NOTURNO;32051;03:00:00;3,00;00:53:00;0,88;00:09:00;0,15; 18,00 ;18,00;6.720;6,72;1;2,240; 0,373 
03/10/2025;out;3;sex;7;NOTURNO;31912;03:25:00;3,42;01:15:00;1,25;00:05:00;0,08; 22,00 ;24,00;6.420;6,42;1;1,879; 0,292 
03/10/2025;out;3;sex;21;NOTURNO;33049;04:27:00;4,45;00:47:00;0,78;00:11:00;0,18; 27,00 ;15,00;7.500;7,50;1;1,685; 0,278 
03/10/2025;out;3;sex;21;NOTURNO;32051;03:30:00;3,50;00:38:00;0,63;00:13:00;0,22; 20,00 ;17,00;4.320;4,32;1;1,234; 0,216 
04/10/2025;out;4;sáb;8;DIURNO;31912;07:17:00;7,28;01:02:00;1,03;00:26:00;0,43; 33,00 ;44,00;14.270;14,27;2;1,959; 0,432 
04/10/2025;out;4;sáb;10;DIURNO;32050;05:46:00;5,77;00:49:00;0,82;00:30:00;0,50; 37,00 ;27,00;13.350;13,35;2;2,315; 0,361 
04/10/2025;out;4;sáb;12;DIURNO;32048;07:39:00;7,65;01:32:00;1,53;00:34:00;0,57; 32,00 ;49,00;17.090;17,09;2;2,234; 0,534 
04/10/2025;out;4;sáb;15;DIURNO;31933;05:25:00;5,42;01:02:00;1,03;00:28:00;0,47; 36,00 ;21,00;15.160;15,16;2;2,799; 0,421 
04/10/2025;out;4;sáb;17;DIURNO;33049;06:24:00;6,40;01:27:00;1,45;00:20:00;0,33; 44,00 ;13,00;12.660;12,66;2;1,978; 0,288 
04/10/2025;out;4;sáb;19;DIURNO;33024;07:05:00;7,08;00:35:00;0,58;00:15:00;0,25; 44,00 ;20,00;11.380;11,38;1;1,607; 0,259 
04/10/2025;out;4;sáb;22;0;32051;04:45:00;4,75;00:15:00;0,25;00:15:00;0,25; 18,00 ;4,00;4.270;4,27;1;0,899; 0,237 
04/10/2025;out;4;sáb;1;NOTURNO;32100;03:32:00;3,53;00:33:00;0,55;00:15:00;0,25; 15,00 ;17,00;7.620;7,62;1;2,157; 0,508 
04/10/2025;out;4;sáb;1;NOTURNO;32048;03:23:00;3,38;00:39:00;0,65;00:10:00;0,17; 20,00 ;18,00;6.300;6,30;1;1,862; 0,315 
04/10/2025;out;4;sáb;2;NOTURNO;33024;07:29:00;7,48;00:41:00;0,68;00:15:00;0,25; 43,00 ;17,00;9.910;9,91;1;1,324; 0,230 
04/10/2025;out;4;sáb;6;NOTURNO;31933;06:34:00;6,57;00:59:00;0,98;00:00:00;0,00; 42,00 ;19,00;10.940;10,94;1;1,666; 0,260 
04/10/2025;out;4;sáb;11;NOTURNO;32051;03:47:00;3,78;00:20:00;0,33;00:10:00;0,17; 22,00 ;11,00;7.470;7,47;1;1,974; 0,340 
04/10/2025;out;4;sáb;11;NOTURNO;31912;02:25:00;2,42;00:31:00;0,52;00:12:00;0,20; 23,00 ;7,00;4.410;4,41;1;1,825; 0,192 
04/10/2025;out;4;sáb;21;NOTURNO;33049;06:30:00;6,50;00:32:00;0,53;00:08:00;0,13; 45,00 ;15,00;8.880;8,88;1;1,366; 0,197 
06/10/2025;out;6;seg;9;DIURNO;33024;08:30:00;8,50;01:05:00;1,08;00:30:00;0,50; 32,00 ;42,00;21.040;21,04;2;2,475; 0,658 
06/10/2025;out;6;seg;13;DIURNO;32100;07:06:00;7,10;01:49:00;1,82;00:30:00;0,50; 36,00 ;59,00;15.520;15,52;2;2,186; 0,431 
06/10/2025;out;6;seg;14;DIURNO;31933;06:20:00;6,33;02:05:00;2,08;00:30:00;0,50; 37,00 ;55,00;15.000;15,00;2;2,368; 0,405 
06/10/2025;out;6;seg;16;DIURNO;32051;07:40:00;7,67;02:28:00;2,47;00:23:00;0,38; 46,00 ;55,00;18.930;18,93;3;2,469; 0,412 
06/10/2025;out;6;seg;18;DIURNO;32048;06:55:00;6,92;01:20:00;1,33;00:30:00;0,50; 80,00 ;61,00;12.950;12,95;2;1,872; 0,162 
06/10/2025;out;6;seg;20;DIURNO;33049;06:05:00;6,08;02:10:00;2,17;00:15:00;0,25; 40,00 ;51,00;15.270;15,27;2;2,510; 0,382 
06/10/2025;out;6;seg;22;0;31912;03:21:00;3,35;00:34:00;0,57;00:56:00;0,93; 15,00 ;56,00;3.550;3,55;1;1,060; 0,237 
06/10/2025;out;6;seg;3;NOTURNO;32100;07:13:00;7,22;00:58:00;0,97;00:28:00;0,47; 41,00 ;27,00;19.360;19,36;2;2,683; 0,472 
06/10/2025;out;6;seg;4;NOTURNO;33024;08:08:00;8,13;01:14:00;1,23;00:21:00;0,35; 43,00 ;35,00;14.400;14,40;2;1,770; 0,335 
06/10/2025;out;6;seg;5;NOTURNO;31933;05:56:00;5,93;01:49:00;1,82;00:22:00;0,37; 31,00 ;42,00;15.180;15,18;2;2,558; 0,490 
06/10/2025;out;6;seg;7;NOTURNO;32048;06:20:00;6,33;01:33:00;1,55;00:22:00;0,37; 34,00 ;40,00;16.620;16,62;2;2,624; 0,489 
06/10/2025;out;6;seg;21;NOTURNO;33049;08:03:00;8,05;00:59:00;0,98;00:27:00;0,45; 47,00 ;29,00;17.320;17,32;2;2,152; 0,369 
07/10/2025;out;7;ter;8;DIURNO;32049;06:30:00;6,50;02:05:00;2,08;00:35:00;0,58; 32,00 ;68,00;18.360;18,36;3;2,825; 0,574 
07/10/2025;out;7;ter;10;DIURNO;33024;07:27:00;7,45;00:50:00;0,83;00:31:00;0,52; 37,00 ;26,00;19.580;19,58;2;2,628; 0,529 
07/10/2025;out;7;ter;12;DIURNO;32100;08:14:00;8,23;01:38:00;1,63;00:32:00;0,53; 37,00 ;48,00;20.890;20,89;2;2,537; 0,565 
07/10/2025;out;7;ter;15;DIURNO;31933;07:49:00;7,82;01:27:00;1,45;00:54:00;0,90; 40,00 ;30,00;23.510;23,51;3;3,008; 0,588 
07/10/2025;out;7;ter;17;DIURNO;33049;09:45:00;9,75;01:05:00;1,08;00:30:00;0,50; 59,00 ;20,00;25.290;25,29;3;2,594; 0,429 
07/10/2025;out;7;ter;19;DIURNO;32048;06:46:00;6,77;01:29:00;1,48;00:25:00;0,42; 47,00 ;38,00;16.270;16,27;2;2,404; 0,346 
07/10/2025;out;7;ter;1;NOTURNO;32049;02:41:00;2,68;00:33:00;0,55;00:15:00;0,25; 12,00 ;17,00;7.700;7,70;1;2,870; 0,642 
07/10/2025;out;7;ter;1;NOTURNO;33049;03:43:00;3,72;00:29:00;0,48;00:14:00;0,23; 19,00 ;22,00;9.220;9,22;1;2,481; 0,485 
07/10/2025;out;7;ter;2;NOTURNO;33024;07:32:00;7,53;01:14:00;1,23;00:16:00;0,27; 43,00 ;32,00;14.840;14,84;2;1,970; 0,345 
07/10/2025;out;7;ter;6;NOTURNO;32048;06:34:00;6,57;01:50:00;1,83;00:23:00;0,38; 38,00 ;40,00;16.100;16,10;2;2,452; 0,424 
07/10/2025;out;7;ter;11;NOTURNO;32051;06:25:00;6,42;01:11:00;1,18;00:27:00;0,45; 37,00 ;25,00;16.870;16,87;2;2,629; 0,456 
07/10/2025;out;7;ter;21;NOTURNO;31933;06:56:00;6,93;00:35:00;0,58;00:26:00;0,43; 45,00 ;14,00;10.420;10,42;1;1,503; 0,232 
08/10/2025;out;8;qua;9;DIURNO;31912;05:55:00;5,92;00:57:00;0,95;00:28:00;0,47; 32,00 ;41,00;12.400;12,40;2;2,096; 0,388 
08/10/2025;out;8;qua;13;DIURNO;32100;05:20:00;5,33;01:02:00;1,03;00:16:00;0,27; 40,00 ;35,00;10.010;10,01;1;1,877; 0,250 
08/10/2025;out;8;qua;14;DIURNO;31933;04:20:00;4,33;01:15:00;1,25;00:10:00;0,17; 28,00 ;35,00;8.480;8,48;1;1,957; 0,303 
08/10/2025;out;8;qua;16;DIURNO;32049;04:26:00;4,43;01:17:00;1,28;00:22:00;0,37; 34,00 ;49,00;10.910;10,91;2;2,461; 0,321 
08/10/2025;out;8;qua;18;DIURNO;33024;04:45:00;4,75;00:50:00;0,83;00:15:00;0,25; 62,00 ;29,00;7.880;7,88;1;1,659; 0,127 
08/10/2025;out;8;qua;20;DIURNO;32051;06:00:00;6,00;01:40:00;1,67;00:25:00;0,42; 42,00 ;51,00;12.550;12,55;2;2,092; 0,299 
08/10/2025;out;8;qua;3;NOTURNO;32100;05:52:00;5,87;00:51:00;0,85;00:21:00;0,35; 43,00 ;25,00;12.940;12,94;2;2,206; 0,301 
08/10/2025;out;8;qua;4;NOTURNO;33024;07:10:00;7,17;00:41:00;0,68;00:11:00;0,18; 49,00 ;18,00;9.900;9,90;1;1,381; 0,202 
08/10/2025;out;8;qua;5;NOTURNO;31933;04:38:00;4,63;00:55:00;0,92;00:18:00;0,30; 31,00 ;22,00;9.990;9,99;1;2,156; 0,322 
08/10/2025;out;8;qua;7;NOTURNO;32051;04:40:00;4,67;01:20:00;1,33;00:28:00;0,47; 34,00 ;42,00;11.120;11,12;2;2,383; 0,327 
08/10/2025;out;8;qua;21;NOTURNO;33049;06:48:00;6,80;00:33:00;0,55;00:23:00;0,38; 46,00 ;15,00;9.690;9,69;1;1,425; 0,211 
09/10/2025;out;9;qui;8;DIURNO;32049;05:12:00;5,20;01:11:00;1,18;00:28:00;0,47; 31,00 ;44,00;12.340;12,34;2;2,373; 0,398 
09/10/2025;out;9;qui;10;DIURNO;31912;06:25:00;6,42;00:40:00;0,67;00:25:00;0,42; 38,00 ;27,00;12.440;12,44;2;1,939; 0,327 
09/10/2025;out;9;qui;12;DIURNO;32100;05:49:00;5,82;01:42:00;1,70;00:30:00;0,50; 34,00 ;51,00;13.910;13,91;2;2,391; 0,409 
09/10/2025;out;9;qui;15;DIURNO;31933;04:26:00;4,43;00:54:00;0,90;00:37:00;0,62; 36,00 ;20,00;11.810;11,81;2;2,664; 0,328 
09/10/2025;out;9;qui;17;DIURNO;33049;07:03:00;7,05;00:44:00;0,73;00:27:00;0,45; 52,00 ;16,00;16.320;16,32;2;2,315; 0,314 
09/10/2025;out;9;qui;19;DIURNO;33024;05:05:00;5,08;00:45:00;0,75;00:15:00;0,25; 46,00 ;17,00;10.060;10,06;1;1,979; 0,219 
09/10/2025;out;9;qui;1;NOTURNO;32100;05:52:00;5,87;01:06:00;1,10;00:23:00;0,38; 36,00 ;32,00;13.080;13,08;2;2,230; 0,363 
09/10/2025;out;9;qui;2;NOTURNO;33024;07:18:00;7,30;00:47:00;0,78;00:15:00;0,25; 43,00 ;16,00;10.710;10,71;1;1,467; 0,249 
09/10/2025;out;9;qui;6;NOTURNO;31933;05:28:00;5,47;00:44:00;0,73;00:26:00;0,43; 38,00 ;20,00;10.960;10,96;1;2,005; 0,288 
09/10/2025;out;9;qui;11;NOTURNO;32051;05:10:00;5,17;00:48:00;0,80;00:22:00;0,37; 37,00 ;24,00;11.580;11,58;2;2,241; 0,313 
09/10/2025;out;9;qui;21;NOTURNO;33049;06:26:00;6,43;00:37:00;0,62;00:15:00;0,25; 46,00 ;15,00;10.880;10,88;1;1,691; 0,237 
10/10/2025;out;10;sex;9;DIURNO;32051;05:35:00;5,58;01:02:00;1,03;00:23:00;0,38; 33,00 ;42,00;15.040;15,04;2;2,694; 0,456 
10/10/2025;out;10;sex;13;DIURNO;32100;05:44:00;5,73;01:51:00;1,85;00:33:00;0,55; 40,00 ;47,00;13.170;13,17;2;2,297; 0,329 
10/10/2025;out;10;sex;14;DIURNO;31933;04:30:00;4,50;00:35:00;0,58;00:50:00;0,83; 35,00 ;30,00;10.220;10,22;1;2,271; 0,292 
10/10/2025;out;10;sex;16;DIURNO;32049;06:12:00;6,20;01:27:00;1,45;00:28:00;0,47; 38,00 ;46,00;15.420;15,42;2;2,487; 0,406 
10/10/2025;out;10;sex;18;DIURNO;33024;05:50:00;5,83;01:05:00;1,08;00:10:00;0,17; 78,00 ;29,00;10.560;10,56;1;1,810; 0,135 
10/10/2025;out;10;sex;20;DIURNO;33049;06:21:00;6,35;01:44:00;1,73;00:30:00;0,50; 44,00 ;53,00;14.550;14,55;2;2,291; 0,331 
10/10/2025;out;10;sex;22;0;32048;03:50:00;3,83;00:40:00;0,67;00:10:00;0,17; 20,00 ;48,00;3.950;3,95;1;1,030; 0,198 
10/10/2025;out;10;sex;3;NOTURNO;32100;06:28:00;6,47;00:51:00;0,85;00:23:00;0,38; 43,00 ;25,00;15.360;15,36;2;2,375; 0,357 
10/10/2025;out;10;sex;4;NOTURNO;33024;06:41:00;6,68;00:40:00;0,67;00:12:00;0,20; 50,00 ;17,00;10.990;10,99;1;1,644; 0,220 
10/10/2025;out;10;sex;5;NOTURNO;31933;05:03:00;5,05;00:56:00;0,93;00:12:00;0,20; 31,00 ;23,00;11.860;11,86;1;2,349; 0,383 
10/10/2025;out;10;sex;7;NOTURNO;32051;05:10:00;5,17;01:55:00;1,92;00:30:00;0,50; 34,00 ;41,00;13.440;13,44;2;2,601; 0,395 
10/10/2025;out;10;sex;21;NOTURNO;33049;06:51:00;6,85;01:05:00;1,08;00:24:00;0,40; 48,00 ;28,00;11.770;11,77;2;1,718; 0,245 
11/10/2025;out;11;sáb;8;DIURNO;32049;05:21:00;5,35;00:57:00;0,95;00:23:00;0,38; 29,00 ;44,00;14.650;14,65;2;2,738; 0,505 
11/10/2025;out;11;sáb;10;DIURNO;32048;04:52:00;4,87;00:45:00;0,75;00:18:00;0,30; 34,00 ;29,00;13.320;13,32;2;2,737; 0,392 
11/10/2025;out;11;sáb;12;DIURNO;32100;07:08:00;7,13;01:55:00;1,92;00:32:00;0,53; 33,00 ;57,00;16.420;16,42;2;2,302; 0,498 
11/10/2025;out;11;sáb;15;DIURNO;31933;04:55:00;4,92;00:50:00;0,83;00:25:00;0,42; 36,00 ;21,00;15.080;15,08;2;3,067; 0,419 
11/10/2025;out;11;sáb;17;DIURNO;33049;06:05:00;6,08;00:35:00;0,58;00:25:00;0,42; 55,00 ;12,00;16.690;16,69;2;2,744; 0,303 
11/10/2025;out;11;sáb;19;DIURNO;33024;05:45:00;5,75;00:40:00;0,67;00:10:00;0,17; 45,00 ;21,00;12.360;12,36;1;2,150; 0,275 
11/10/2025;out;11;sáb;1;NOTURNO;32049;06:49:00;6,82;00:54:00;0,90;00:23:00;0,38; 34,00 ;32,00;14.010;14,01;2;2,055; 0,412 
11/10/2025;out;11;sáb;2;NOTURNO;33024;02:29:00;2,48;00:53:00;0,88;00:21:00;0,35; 18,00 ;16,00;5.010;5,01;1;2,017; 0,278 
11/10/2025;out;11;sáb;2;NOTURNO;32100;04:10:00;4,17;00:43:00;0,72;00:12:00;0,20; 23,00 ;17,00;6.470;6,47;1;1,553; 0,281 
11/10/2025;out;11;sáb;6;NOTURNO;31933;05:19:00;5,32;00:43:00;0,72;00:16:00;0,27; 39,00 ;19,00;10.650;10,65;1;2,003; 0,273 
11/10/2025;out;11;sáb;11;NOTURNO;32051;04:54:00;4,90;00:50:00;0,83;00:19:00;0,32; 39,00 ;23,00;11.750;11,75;2;2,398; 0,301 
11/10/2025;out;11;sáb;21;NOTURNO;33049;06:05:00;6,08;00:36:00;0,60;00:16:00;0,27; 46,00 ;15,00;9.580;9,58;1;1,575; 0,208 
13/10/2025;out;13;seg;9;DIURNO;32051;07:00:00;7,00;01:54:00;1,90;01:01:00;1,02; 30,00 ;67,00;21.650;21,65;3;3,093; 0,722 
13/10/2025;out;13;seg;13;DIURNO;32100;07:02:00;7,03;01:56:00;1,93;00:31:00;0,52; 42,00 ;47,00;17.500;17,50;2;2,488; 0,417 
13/10/2025;out;13;seg;14;DIURNO;31933;06:15:00;6,25;01:45:00;1,75;00:20:00;0,33; 37,00 ;64,00;15.570;15,57;2;2,491; 0,421 
13/10/2025;out;13;seg;16;DIURNO;32049;06:58:00;6,97;02:38:00;2,63;00:42:00;0,70; 34,00 ;77,00;20.160;20,16;3;2,894; 0,593 
13/10/2025;out;13;seg;18;DIURNO;33024;07:09:00;7,15;02:03:00;2,05;-16:12:00;-16,20; 76,00 ;-34,00;14.090;14,09;2;1,971; 0,185 
13/10/2025;out;13;seg;20;DIURNO;33049;06:10:00;6,17;01:45:00;1,75;00:25:00;0,42; 43,00 ;51,00;17.020;17,02;2;2,760; 0,396 
13/10/2025;out;13;seg;3;NOTURNO;32100;06:27:00;6,45;00:58:00;0,97;00:24:00;0,40; 41,00 ;27,00;18.940;18,94;2;2,936; 0,462 
13/10/2025;out;13;seg;4;NOTURNO;33024;06:47:00;6,78;01:34:00;1,57;00:21:00;0,35; 48,00 ;31,00;15.230;15,23;2;2,245; 0,317 
13/10/2025;out;13;seg;5;NOTURNO;31933;05:39:00;5,65;01:40:00;1,67;00:26:00;0,43; 31,00 ;43,00;16.580;16,58;2;2,935; 0,535 
13/10/2025;out;13;seg;7;NOTURNO;32051;05:55:00;5,92;01:43:00;1,72;00:37:00;0,62; 34,00 ;39,00;17.620;17,62;2;2,978; 0,518 
13/10/2025;out;13;seg;21;NOTURNO;33049;07:26:00;7,43;01:02:00;1,03;00:32:00;0,53; 47,00 ;29,00;17.840;17,84;2;2,400; 0,380 
14/10/2025;out;14;ter;8;DIURNO;32049;07:16:00;7,27;02:08:00;2,13;00:39:00;0,65; 33,00 ;64,00;21.190;21,19;3;2,916; 0,642 
14/10/2025;out;14;ter;10;DIURNO;31912;03:49:00;3,82;01:31:00;1,52;00:12:00;0,20; 24,00 ;14,00;9.170;9,17;1;2,403; 0,382 
14/10/2025;out;14;ter;10;DIURNO;32048;03:26:00;3,43;00:35:00;0,58;00:34:00;0,57; 16,00 ;24,00;13.230;13,23;2;3,853; 0,827 
14/10/2025;out;14;ter;12;DIURNO;32100;09:21:00;9,35;02:42:00;2,70;01:03:00;1,05; 36,00 ;75,00;23.730;23,73;3;2,538; 0,659 
14/10/2025;out;14;ter;15;DIURNO;31933;07:50:00;7,83;01:15:00;1,25;00:35:00;0,58; 40,00 ;30,00;25.460;25,46;3;3,250; 0,637 
14/10/2025;out;14;ter;17;DIURNO;33049;10:10:00;10,17;01:10:00;1,17;00:50:00;0,83; 61,00 ;20,00;27.970;27,97;3;2,751; 0,459 
14/10/2025;out;14;ter;19;DIURNO;33024;06:40:00;6,67;01:15:00;1,25;00:30:00;0,50; 44,00 ;37,00;18.140;18,14;2;2,721; 0,412 
14/10/2025;out;14;ter;22;0;32051;03:40:00;3,67;02:11:00;2,18;00:37:00;0,62; 21,00 ;34,00;7.420;7,42;2;2,024; 0,353 
14/10/2025;out;14;ter;1;NOTURNO;32048;02:59:00;2,98;00:33:00;0,55;00:13:00;0,22; 15,00 ;18,00;8.590;8,59;1;2,879; 0,573 
14/10/2025;out;14;ter;1;NOTURNO;33049;03:36:00;3,60;00:42:00;0,70;00:14:00;0,23; 23,00 ;18,00;9.290;9,29;1;2,581; 0,404 
14/10/2025;out;14;ter;2;NOTURNO;33024;06:57:00;6,95;01:33:00;1,55;00:18:00;0,30; 41,00 ;32,00;15.940;15,94;2;2,294; 0,389 
14/10/2025;out;14;ter;6;NOTURNO;31933;06:30:00;6,50;01:29:00;1,48;00:22:00;0,37; 40,00 ;39,00;17.470;17,47;2;2,688; 0,437 
14/10/2025;out;14;ter;11;NOTURNO;32051;06:35:00;6,58;01:25:00;1,42;00:30:00;0,50; 37,00 ;26,00;18.210;18,21;2;2,766; 0,492 
14/10/2025;out;14;ter;21;NOTURNO;32049;07:31:00;7,52;01:09:00;1,15;00:14:00;0,23; 47,00 ;27,00;11.260;11,26;2;1,498; 0,240 
15/10/2025;out;15;qua;9;DIURNO;32048;05:12:00;5,20;01:04:00;1,07;00:30:00;0,50; 28,00 ;43,00;13.290;13,29;2;2,556; 0,475 
15/10/2025;out;15;qua;13;DIURNO;32100;05:06:00;5,10;01:13:00;1,22;00:13:00;0,22; 42,00 ;34,00;9.340;9,34;1;1,831; 0,222 
15/10/2025;out;15;qua;14;DIURNO;31933;05:45:00;5,75;01:35:00;1,58;00:10:00;0,17; 45,00 ;22,00;9.080;9,08;1;1,579; 0,202 
15/10/2025;out;15;qua;16;DIURNO;32049;04:40:00;4,67;01:47:00;1,78;00:27:00;0,45; 31,00 ;57,00;12.410;12,41;2;2,659; 0,400 
15/10/2025;out;15;qua;18;DIURNO;33024;05:15:00;5,25;00:50:00;0,83;00:15:00;0,25; 78,00 ;27,00;7.970;7,97;1;1,518; 0,102 
15/10/2025;out;15;qua;20;DIURNO;33049;05:20:00;5,33;01:50:00;1,83;00:30:00;0,50; 43,00 ;53,00;13.060;13,06;2;2,449; 0,304 
15/10/2025;out;15;qua;3;NOTURNO;32100;03:51:00;3,85;00:35:00;0,58;00:16:00;0,27; 24,00 ;15,00;9.000;9,00;1;2,338; 0,375 
15/10/2025;out;15;qua;3;NOTURNO;32048;02:38:00;2,63;00:39:00;0,65;00:10:00;0,17; 19,00 ;14,00;5.230;5,23;1;1,986; 0,275 
15/10/2025;out;15;qua;4;NOTURNO;33024;07:39:00;7,65;00:43:00;0,72;00:07:00;0,12; 50,00 ;17,00;10.750;10,75;1;1,405; 0,215 
15/10/2025;out;15;qua;5;NOTURNO;31933;05:01:00;5,02;00:40:00;0,67;00:16:00;0,27; 32,00 ;22,00;10.580;10,58;1;2,109; 0,331 
15/10/2025;out;15;qua;7;NOTURNO;32051;05:00:00;5,00;01:27:00;1,45;00:25:00;0,42; 34,00 ;45,00;11.650;11,65;2;2,330; 0,343 
15/10/2025;out;15;qua;21;NOTURNO;33049;07:04:00;7,07;00:33:00;0,55;00:18:00;0,30; 47,00 ;14,00;10.150;10,15;1;1,436; 0,216 
16/10/2025;out;16;qui;8;DIURNO;32049;05:59:00;5,98;01:12:00;1,20;00:32:00;0,53; 33,00 ;43,00;12.790;12,79;2;2,138; 0,388 
16/10/2025;out;16;qui;10;DIURNO;32048;05:17:00;5,28;00:57:00;0,95;00:25:00;0,42; 37,00 ;26,00;12.730;12,73;2;2,409; 0,344 
16/10/2025;out;16;qui;12;DIURNO;32100;05:10:00;5,17;01:43:00;1,72;00:30:00;0,50; 33,00 ;50,00;12.520;12,52;2;2,423; 0,379 
16/10/2025;out;16;qui;15;DIURNO;31933;04:45:00;4,75;00:40:00;0,67;00:30:00;0,50; 38,00 ;18,00;13.470;13,47;2;2,836; 0,354 
16/10/2025;out;16;qui;17;DIURNO;33049;07:05:00;7,08;00:45:00;0,75;00:25:00;0,42; 43,00 ;25,00;16.340;16,34;2;2,307; 0,380 
16/10/2025;out;16;qui;19;DIURNO;33024;05:25:00;5,42;00:30:00;0,50;00:10:00;0,17; 48,00 ;18,00;10.730;10,73;1;1,981; 0,224 
16/10/2025;out;16;qui;1;NOTURNO;32048;03:15:00;3,25;00:35:00;0,58;00:10:00;0,17; 21,00 ;19,00;6.480;6,48;1;1,994; 0,309 
16/10/2025;out;16;qui;2;NOTURNO;33024;06:27:00;6,45;00:42:00;0,70;00:17:00;0,28; 39,00 ;18,00;10.490;10,49;1;1,626; 0,269 
16/10/2025;out;16;qui;6;NOTURNO;31933;05:09:00;5,15;00:46:00;0,77;00:14:00;0,23; 38,00 ;20,00;10.370;10,37;1;2,014; 0,273 
16/10/2025;out;16;qui;11;NOTURNO;32051;06:00:00;6,00;01:21:00;1,35;00:26:00;0,43; 38,00 ;22,00;12.940;12,94;2;2,157; 0,341 
16/10/2025;out;16;qui;21;NOTURNO;33049;06:59:00;6,98;00:35:00;0,58;00:16:00;0,27; 46,00 ;15,00;10.530;10,53;1;1,508; 0,229 
17/10/2025;out;17;sex;9;DIURNO;32048;06:44:00;6,73;00:59:00;0,98;00:30:00;0,50; 32,00 ;40,00;15.840;15,84;2;2,352; 0,495 
17/10/2025;out;17;sex;13;DIURNO;32051;05:34:00;5,57;01:40:00;1,67;00:31:00;0,52; 39,00 ;38,00;13.110;13,11;2;2,355; 0,336 
17/10/2025;out;17;sex;14;DIURNO;31933;04:45:00;4,75;00:55:00;0,92;00:15:00;0,25; 36,00 ;37,00;10.320;10,32;1;2,173; 0,287 
17/10/2025;out;17;sex;16;DIURNO;32049;06:51:00;6,85;01:42:00;1,70;00:31:00;0,52; 34,00 ;52,00;15.690;15,69;2;2,291; 0,461 
17/10/2025;out;17;sex;18;DIURNO;31912;06:10:00;6,17;00:45:00;0,75;00:10:00;0,17; 75,00 ;29,00;10.410;10,41;1;1,688; 0,139 
17/10/2025;out;17;sex;20;DIURNO;33049;06:20:00;6,33;01:35:00;1,58;00:40:00;0,67; 43,00 ;55,00;14.520;14,52;2;2,293; 0,338 
17/10/2025;out;17;sex;3;NOTURNO;32048;03:33:00;3,55;00:32:00;0,53;00:14:00;0,23; 22,00 ;16,00;9.290;9,29;1;2,617; 0,422 
17/10/2025;out;17;sex;3;NOTURNO;32049;03:20:00;3,33;01:24:00;1,40;00:12:00;0,20; 20,00 ;13,00;6.280;6,28;1;1,884; 0,314 
17/10/2025;out;17;sex;4;NOTURNO;33024;07:37:00;7,62;01:08:00;1,13;00:08:00;0,13; 48,00 ;16,00;11.670;11,67;1;1,532; 0,243 
17/10/2025;out;17;sex;5;NOTURNO;31933;05:44:00;5,73;00:58:00;0,97;00:18:00;0,30; 31,00 ;23,00;12.680;12,68;1;2,212; 0,409 
17/10/2025;out;17;sex;7;NOTURNO;32051;02:35:00;2,58;00:39:00;0,65;00:14:00;0,23; 13,00 ;22,00;6.530;6,53;1;2,528; 0,502 
17/10/2025;out;17;sex;7;NOTURNO;31912;03:35:00;3,58;00:52:00;0,87;00:11:00;0,18; 21,00 ;17,00;7.180;7,18;1;2,004; 0,342 
17/10/2025;out;17;sex;21;NOTURNO;33049;07:08:00;7,13;01:00:00;1,00;00:22:00;0,37; 47,00 ;28,00;11.930;11,93;2;1,672; 0,254 
18/10/2025;out;18;sáb;8;DIURNO;32049;07:00:00;7,00;01:13:00;1,22;00:25:00;0,42; 31,00 ;43,00;13.940;13,94;2;1,991; 0,450 
18/10/2025;out;18;sáb;10;DIURNO;31912;05:11:00;5,18;00:52:00;0,87;00:25:00;0,42; 35,00 ;28,00;13.750;13,75;2;2,653; 0,393 
18/10/2025;out;18;sáb;12;DIURNO;32051;05:49:00;5,82;01:38:00;1,63;00:27:00;0,45; 32,00 ;49,00;16.970;16,97;2;2,917; 0,530 
18/10/2025;out;18;sáb;15;DIURNO;31933;05:10:00;5,17;00:45:00;0,75;00:20:00;0,33; 37,00 ;19,00;15.300;15,30;2;2,961; 0,414 
18/10/2025;out;18;sáb;17;DIURNO;32048;03:35:00;3,58;00:15:00;0,25;00:12:00;0,20; 25,00 ;5,00;8.690;8,69;1;2,425; 0,348 
18/10/2025;out;18;sáb;17;DIURNO;33049;03:35:00;3,58;00:13:00;0,22;00:15:00;0,25; 31,00 ;7,00;7.870;7,87;1;2,196; 0,254 
18/10/2025;out;18;sáb;19;DIURNO;33024;05:58:00;5,97;00:24:00;0,40;00:18:00;0,30; 44,00 ;22,00;12.510;12,51;1;2,097; 0,284 
18/10/2025;out;18;sáb;1;NOTURNO;32048;06:02:00;6,03;01:05:00;1,08;00:27:00;0,45; 35,00 ;32,00;13.570;13,57;2;2,249; 0,388 
18/10/2025;out;18;sáb;2;NOTURNO;33024;06:22:00;6,37;01:14:00;1,23;00:10:00;0,17; 41,00 ;15,00;9.960;9,96;1;1,564; 0,243 
18/10/2025;out;18;sáb;6;NOTURNO;31933;05:21:00;5,35;00:37:00;0,62;00:12:00;0,20; 41,00 ;20,00;10.040;10,04;1;1,877; 0,245 
18/10/2025;out;18;sáb;11;NOTURNO;32051;05:15:00;5,25;00:50:00;0,83;00:20:00;0,33; 39,00 ;22,00;11.940;11,94;2;2,274; 0,306 
18/10/2025;out;18;sáb;21;NOTURNO;33049;05:48:00;5,80;00:52:00;0,87;00:08:00;0,13; 47,00 ;17,00;7.760;7,76;1;1,338; 0,165 
20/10/2025;out;20;seg;9;DIURNO;32051;06:40:00;6,67;01:42:00;1,70;00:44:00;0,73; 27,00 ;65,00;20.420;20,42;3;3,063; 0,756 
20/10/2025;out;20;seg;13;DIURNO;32100;06:09:00;6,15;01:46:00;1,77;00:23:00;0,38; 39,00 ;57,00;16.360;16,36;2;2,660; 0,419 
20/10/2025;out;20;seg;14;DIURNO;31933;05:45:00;5,75;02:05:00;2,08;00:20:00;0,33; 37,00 ;64,00;14.790;14,79;2;2,572; 0,400 
20/10/2025;out;20;seg;16;DIURNO;32048;06:54:00;6,90;02:39:00;2,65;00:39:00;0,65; 32,00 ;80,00;19.200;19,20;3;2,783; 0,600 
20/10/2025;out;20;seg;18;DIURNO;33024;06:10:00;6,17;02:10:00;2,17;00:20:00;0,33; 67,00 ;70,00;13.170;13,17;2;2,136; 0,197 
20/10/2025;out;20;seg;20;DIURNO;33049;06:16:00;6,27;01:59:00;1,98;00:45:00;0,75; 40,00 ;53,00;17.160;17,16;2;2,738; 0,429 
20/10/2025;out;20;seg;22;0;31912;04:45:00;4,75;01:39:00;1,65;00:55:00;0,92; 50,00 ;63,00;6.340;6,34;2;1,335; 0,127 
20/10/2025;out;20;seg;3;NOTURNO;32100;06:21:00;6,35;00:45:00;0,75;00:23:00;0,38; 43,00 ;25,00;17.850;17,85;2;2,811; 0,415 
20/10/2025;out;20;seg;4;NOTURNO;33024;07:09:00;7,15;01:15:00;1,25;00:25:00;0,42; 48,00 ;33,00;14.610;14,61;2;2,043; 0,304 
20/10/2025;out;20;seg;5;NOTURNO;31933;05:01:00;5,02;01:10:00;1,17;00:30:00;0,50; 29,00 ;44,00;15.150;15,15;2;3,020; 0,522 
20/10/2025;out;20;seg;7;NOTURNO;32051;06:10:00;6,17;02:05:00;2,08;00:25:00;0,42; 33,00 ;40,00;16.860;16,86;2;2,734; 0,511 
20/10/2025;out;20;seg;21;NOTURNO;33049;07:00:00;7,00;01:09:00;1,15;00:19:00;0,32; 48,00 ;27,00;17.350;17,35;2;2,479; 0,361 
21/10/2025;out;21;ter;8;DIURNO;32048;06:48:00;6,80;01:44:00;1,73;00:38:00;0,63; 30,00 ;68,00;18.590;18,59;3;2,734; 0,620 
21/10/2025;out;21;ter;10;DIURNO;31912;07:30:00;7,50;01:43:00;1,72;00:35:00;0,58; 37,00 ;42,00;20.160;20,16;3;2,688; 0,545 
21/10/2025;out;21;ter;12;DIURNO;32100;07:52:00;7,87;02:16:00;2,27;00:53:00;0,88; 36,00 ;76,00;22.320;22,32;3;2,837; 0,620 
21/10/2025;out;21;ter;15;DIURNO;31933;07:50:00;7,83;01:10:00;1,17;00:35:00;0,58; 41,00 ;29,00;23.140;23,14;3;2,954; 0,564 
21/10/2025;out;21;ter;17;DIURNO;33049;10:30:00;10,50;01:03:00;1,05;01:04:00;1,07; 59,00 ;18,00;27.070;27,07;3;2,578; 0,459 
21/10/2025;out;21;ter;19;DIURNO;33024;06:17:00;6,28;01:26:00;1,43;00:33:00;0,55; 47,00 ;39,00;16.780;16,78;2;2,671; 0,357 
21/10/2025;out;21;ter;1;NOTURNO;32048;02:41:00;2,68;00:35:00;0,58;00:10:00;0,17; 13,00 ;16,00;8.040;8,04;1;2,996; 0,618 
21/10/2025;out;21;ter;1;NOTURNO;33049;03:52:00;3,87;00:35:00;0,58;00:13:00;0,22; 24,00 ;16,00;9.710;9,71;1;2,511; 0,405 
21/10/2025;out;21;ter;2;NOTURNO;33024;05:02:00;5,03;00:42:00;0,70;00:06:00;0,10; 27,00 ;15,00;10.340;10,34;1;2,054; 0,383 
21/10/2025;out;21;ter;2;NOTURNO;32048;02:19:00;2,32;00:31:00;0,52;00:14:00;0,23; 16,00 ;18,00;5.540;5,54;1;2,391; 0,346 
21/10/2025;out;21;ter;6;NOTURNO;31933;06:12:00;6,20;01:15:00;1,25;00:24:00;0,40; 41,00 ;38,00;17.070;17,07;2;2,753; 0,416 
21/10/2025;out;21;ter;11;NOTURNO;32051;07:10:00;7,17;01:15:00;1,25;00:40:00;0,67; 38,00 ;34,00;18.290;18,29;3;2,552; 0,481 
21/10/2025;out;21;ter;21;NOTURNO;31912;07:18:00;7,30;00:38:00;0,63;00:16:00;0,27; 46,00 ;14,00;9.900;9,90;1;1,356; 0,215 
22/10/2025;out;22;qua;9;DIURNO;32051;05:33:00;5,55;01:13:00;1,22;00:36:00;0,60; 30,00 ;45,00;12.920;12,92;2;2,328; 0,431 
22/10/2025;out;22;qua;13;DIURNO;32100;05:10:00;5,17;01:03:00;1,05;00:16:00;0,27; 42,00 ;25,00;9.600;9,60;1;1,858; 0,229 
22/10/2025;out;22;qua;14;DIURNO;31912;04:10:00;4,17;01:00:00;1,00;00:15:00;0,25; 35,00 ;39,00;8.150;8,15;1;1,956; 0,233 
22/10/2025;out;22;qua;16;DIURNO;32048;05:36:00;5,60;01:27:00;1,45;00:32:00;0,53; 32,00 ;52,00;11.310;11,31;2;2,020; 0,353 
22/10/2025;out;22;qua;18;DIURNO;33024;04:53:00;4,88;01:13:00;1,22;00:18:00;0,30; 56,00 ;49,00;8.200;8,20;1;1,679; 0,146 
22/10/2025;out;22;qua;20;DIURNO;33049;05:45:00;5,75;02:00:00;2,00;00:20:00;0,33; 41,00 ;56,00;11.970;11,97;2;2,082; 0,292 
22/10/2025;out;22;qua;3;NOTURNO;32100;06:19:00;6,32;01:03:00;1,05;00:27:00;0,45; 45,00 ;23,00;13.970;13,97;2;2,212; 0,310 
22/10/2025;out;22;qua;4;NOTURNO;33024;06:37:00;6,62;00:40:00;0,67;00:15:00;0,25; 50,00 ;17,00;10.300;10,30;1;1,557; 0,206 
22/10/2025;out;22;qua;5;NOTURNO;32048;04:26:00;4,43;01:19:00;1,32;00:24:00;0,40; 35,00 ;40,00;10.300;10,30;2;2,323; 0,294 
22/10/2025;out;22;qua;7;NOTURNO;32051;04:35:00;4,58;01:50:00;1,83;00:15:00;0,25; 34,00 ;45,00;11.320;11,32;2;2,470; 0,333 
22/10/2025;out;22;qua;21;NOTURNO;33049;06:56:00;6,93;00:29:00;0,48;00:18:00;0,30; 47,00 ;14,00;10.400;10,40;1;1,500; 0,221 
23/10/2025;out;23;qui;8;DIURNO;32048;04:51:00;4,85;01:21:00;1,35;00:23:00;0,38; 30,00 ;45,00;11.580;11,58;2;2,388; 0,386 
23/10/2025;out;23;qui;10;DIURNO;32049;05:30:00;5,50;00:53:00;0,88;00:24:00;0,40; 37,00 ;26,00;13.540;13,54;2;2,462; 0,366 
23/10/2025;out;23;qui;12;DIURNO;32100;05:00:00;5,00;02:04:00;2,07;00:34:00;0,57; 32,00 ;52,00;12.990;12,99;2;2,598; 0,406 
23/10/2025;out;23;qui;15;DIURNO;32051;04:40:00;4,67;01:05:00;1,08;00:25:00;0,42; 38,00 ;20,00;12.380;12,38;2;2,653; 0,326 
23/10/2025;out;23;qui;17;DIURNO;33049;07:00:00;7,00;00:50:00;0,83;00:30:00;0,50; 53,00 ;16,00;15.660;15,66;2;2,237; 0,295 
23/10/2025;out;23;qui;19;DIURNO;33024;05:36:00;5,60;00:44:00;0,73;00:12:00;0,20; 50,00 ;18,00;10.260;10,26;1;1,832; 0,205 
23/10/2025;out;23;qui;1;NOTURNO;32100;06:17:00;6,28;01:06:00;1,10;00:18:00;0,30; 36,00 ;30,00;12.600;12,60;2;2,005; 0,350 
23/10/2025;out;23;qui;2;NOTURNO;33024;07:32:00;7,53;00:37:00;0,62;00:10:00;0,17; 43,00 ;16,00;10.540;10,54;1;1,399; 0,245 
23/10/2025;out;23;qui;6;NOTURNO;31933;05:37:00;5,62;00:37:00;0,62;00:22:00;0,37; 39,00 ;20,00;10.770;10,77;1;1,918; 0,276 
23/10/2025;out;23;qui;11;NOTURNO;32051;05:05:00;5,08;01:02:00;1,03;00:28:00;0,47; 37,00 ;23,00;11.370;11,37;2;2,237; 0,307 
23/10/2025;out;23;qui;21;NOTURNO;33049;06:45:00;6,75;00:29:00;0,48;00:21:00;0,35; 46,00 ;15,00;10.080;10,08;1;1,493; 0,219 
24/10/2025;out;24;sex;9;DIURNO;32049;05:50:00;5,83;01:17:00;1,28;00:27:00;0,45; 28,00 ;44,00;14.220;14,22;2;2,438; 0,508 
24/10/2025;out;24;sex;13;DIURNO;32100;05:37:00;5,62;01:37:00;1,62;00:43:00;0,72; 39,00 ;58,00;12.950;12,95;2;2,306; 0,332 
24/10/2025;out;24;sex;14;DIURNO;31933;04:50:00;4,83;01:05:00;1,08;00:10:00;0,17; 35,00 ;40,00;10.010;10,01;1;2,071; 0,286 
24/10/2025;out;24;sex;16;DIURNO;32048;07:02:00;7,03;01:52:00;1,87;00:36:00;0,60; 32,00 ;54,00;14.120;14,12;2;2,008; 0,441 
24/10/2025;out;24;sex;18;DIURNO;33024;05:51:00;5,85;01:15:00;1,25;00:15:00;0,25; 58,00 ;51,00;10.350;10,35;1;1,769; 0,178 
24/10/2025;out;24;sex;20;DIURNO;32051;05:55:00;5,92;01:50:00;1,83;00:20:00;0,33; 38,00 ;53,00;13.160;13,16;2;2,224; 0,346 
24/10/2025;out;24;sex;3;NOTURNO;32100;06:46:00;6,77;00:56:00;0,93;00:22:00;0,37; 44,00 ;26,00;14.500;14,50;2;2,143; 0,330 
24/10/2025;out;24;sex;4;NOTURNO;33024;06:48:00;6,80;00:37:00;0,62;00:15:00;0,25; 48,00 ;16,00;10.560;10,56;1;1,553; 0,220 
24/10/2025;out;24;sex;5;NOTURNO;31933;05:30:00;5,50;00:49:00;0,82;00:16:00;0,27; 30,00 ;23,00;11.780;11,78;1;2,142; 0,393 
24/10/2025;out;24;sex;7;NOTURNO;32101;05:31:00;5,52;02:04:00;2,07;00:25:00;0,42; 34,00 ;43,00;13.340;13,34;2;2,418; 0,392 
24/10/2025;out;24;sex;21;NOTURNO;32048;06:44:00;6,73;00:59:00;0,98;00:28:00;0,47; 45,00 ;29,00;11.470;11,47;2;1,703; 0,255 
25/10/2025;out;25;sáb;8;DIURNO;32101;06:15:00;6,25;01:17:00;1,28;00:20:00;0,33; 31,00 ;44,00;13.720;13,72;2;2,195; 0,443 
25/10/2025;out;25;sáb;10;DIURNO;32049;05:13:00;5,22;00:48:00;0,80;00:21:00;0,35; 35,00 ;27,00;13.030;13,03;2;2,498; 0,372 
25/10/2025;out;25;sáb;12;DIURNO;32100;06:25:00;6,42;01:35:00;1,58;00:30:00;0,50; 35,00 ;49,00;15.350;15,35;2;2,392; 0,439 
25/10/2025;out;25;sáb;15;DIURNO;31933;05:25:00;5,42;01:06:00;1,10;00:24:00;0,40; 37,00 ;20,00;15.270;15,27;2;2,819; 0,413 
25/10/2025;out;25;sáb;17;DIURNO;32048;06:00:00;6,00;00:39:00;0,65;01:31:00;1,52; 54,00 ;21,00;17.750;17,75;3;2,958; 0,329 
25/10/2025;out;25;sáb;19;DIURNO;33024;05:29:00;5,48;00:44:00;0,73;00:13:00;0,22; 44,00 ;20,00;10.710;10,71;1;1,953; 0,243 
25/10/2025;out;25;sáb;22;0;32051;02:55:00;2,92;00:55:00;0,92;00:10:00;0,17; 24,00 ;18,00;3.350;3,35;1;1,149; 0,140 
25/10/2025;out;25;sáb;1;NOTURNO;32100;06:22:00;6,37;01:00:00;1,00;00:20:00;0,33; 41,00 ;27,00;13.500;13,50;2;2,120; 0,329 
25/10/2025;out;25;sáb;2;NOTURNO;33024;07:17:00;7,28;00:20:00;0,33;00:08:00;0,13; 43,00 ;17,00;9.980;9,98;1;1,370; 0,232 
25/10/2025;out;25;sáb;6;NOTURNO;31933;05:29:00;5,48;00:46:00;0,77;00:12:00;0,20; 38,00 ;21,00;10.050;10,05;1;1,833; 0,264 
25/10/2025;out;25;sáb;11;NOTURNO;32101;04:55:00;4,92;01:35:00;1,58;00:20:00;0,33; 41,00 ;20,00;11.640;11,64;2;2,367; 0,284 
25/10/2025;out;25;sáb;21;NOTURNO;32048;06:20:00;6,33;00:34:00;0,57;00:14:00;0,23; 45,00 ;15,00;8.320;8,32;1;1,314; 0,185 
25/10/2025;out;25;sáb;8;DIURNO;32101;06:15:00;6,25;01:17:00;1,28;00:20:00;0,33; 31,00 ;44,00;13.720;13,72;2;2,195; 0,443 
25/10/2025;out;25;sáb;10;DIURNO;32049;05:13:00;5,22;00:48:00;0,80;00:21:00;0,35; 35,00 ;27,00;13.030;13,03;2;2,498; 0,372 
25/10/2025;out;25;sáb;12;DIURNO;32100;06:25:00;6,42;01:35:00;1,58;00:30:00;0,50; 35,00 ;49,00;15.350;15,35;2;2,392; 0,439 
25/10/2025;out;25;sáb;15;DIURNO;31933;05:25:00;5,42;01:06:00;1,10;00:24:00;0,40; 37,00 ;20,00;15.270;15,27;2;2,819; 0,413 
25/10/2025;out;25;sáb;17;DIURNO;32048;06:00:00;6,00;00:39:00;0,65;01:31:00;1,52; 54,00 ;21,00;17.750;17,75;3;2,958; 0,329 
25/10/2025;out;25;sáb;19;DIURNO;33024;05:29:00;5,48;00:44:00;0,73;00:13:00;0,22; 44,00 ;20,00;10.710;10,71;1;1,953; 0,243 
25/10/2025;out;25;sáb;22;0;32051;02:55:00;2,92;00:55:00;0,92;00:10:00;0,17; 24,00 ;18,00;3.350;3,35;1;1,149; 0,140 
25/10/2025;out;25;sáb;1;NOTURNO;32100;06:22:00;6,37;01:00:00;1,00;00:20:00;0,33; 41,00 ;27,00;13.500;13,50;2;2,120; 0,329 
25/10/2025;out;25;sáb;2;NOTURNO;33024;07:17:00;7,28;00:20:00;0,33;00:08:00;0,13; 43,00 ;17,00;9.980;9,98;1;1,370; 0,232 
25/10/2025;out;25;sáb;6;NOTURNO;31933;05:29:00;5,48;00:46:00;0,77;00:12:00;0,20; 38,00 ;21,00;10.050;10,05;1;1,833; 0,264 
25/10/2025;out;25;sáb;11;NOTURNO;32101;04:55:00;4,92;01:35:00;1,58;00:20:00;0,33; 41,00 ;20,00;11.610;11,61;2;2,361; 0,283 
25/10/2025;out;25;sáb;21;NOTURNO;32048;06:20:00;6,33;00:34:00;0,57;00:14:00;0,23; 45,00 ;15,00;8.320;8,32;1;1,314; 0,185 
27/10/2025;out;27;seg;14;DIURNO;31933;06:05:00;6,08;01:50:00;1,83;00:25:00;0,42; 37,00 ;64,00;14.140;14,14;2;2,324; 0,382 
27/10/2025;out;27;seg;20;DIURNO;32051;04:55:00;4,92;02:15:00;2,25;00:20:00;0,33; 39,00 ;53,00;14.480;14,48;2;2,945; 0,371 
27/10/2025;out;27;seg;22;0;32049;02:43:00;2,72;03:24:00;3,40;00:50:00;0,83; 3,00 ;57,00;9.170;9,17;3;3,375; 3,057 
27/10/2025;out;27;seg;13;DIURNO;32100;06:33:00;6,55;01:48:00;1,80;00:29:00;0,48; 41,00 ;59,00;16.100;16,10;2;2,458; 0,393 
27/10/2025;out;27;seg;18;DIURNO;33024;06:34:00;6,57;01:56:00;1,93;00:30:00;0,50; 57,00 ;85,00;12.610;12,61;2;1,920; 0,221 
27/10/2025;out;27;seg;9;DIURNO;32048;06:56:00;6,93;01:34:00;1,57;00:46:00;0,77; 29,00 ;60,00;20.070;20,07;3;2,895; 0,692 
27/10/2025;out;27;seg;16;DIURNO;32101;08:00:00;8,00;01:55:00;1,92;00:27:00;0,45; 35,00 ;52,00;18.490;18,49;2;2,311; 0,528 
27/10/2025;out;27;seg;21;NOTURNO;32048;07:17:00;7,28;00:43:00;0,72;01:02:00;1,03; 47,00 ;27,00;16.930;16,93;2;2,324; 0,360 
27/10/2025;out;27;seg;4;NOTURNO;33024;07:23:00;7,38;01:14:00;1,23;00:08:00;0,13; 53,00 ;26,00;14.330;14,33;2;1,941; 0,270 
27/10/2025;out;27;seg;5;NOTURNO;31933;05:08:00;5,13;01:32:00;1,53;00:12:00;0,20; 30,00 ;43,00;15.200;15,20;2;2,961; 0,507 
27/10/2025;out;27;seg;3;NOTURNO;32100;06:52:00;6,87;00:45:00;0,75;00:18:00;0,30; 43,00 ;25,00;17.160;17,16;2;2,499; 0,399 
27/10/2025;out;27;seg;7;NOTURNO;32101;06:00:00;6,00;01:25:00;1,42;00:30:00;0,50; 33,00 ;45,00;15.940;15,94;2;2,657; 0,483 
28/10/2025;out;28;ter;15;DIURNO;31933;06:50:00;6,83;01:05:00;1,08;00:40:00;0,67; 40,00 ;30,00;21.510;21,51;3;3,148; 0,538 
28/10/2025;out;28;ter;19;DIURNO;33024;07:04:00;7,07;01:22:00;1,37;00:28:00;0,47; 49,00 ;37,00;17.400;17,40;2;2,462; 0,355 
28/10/2025;out;28;ter;8;DIURNO;32101;08:08:00;8,13;01:07:00;1,12;00:25:00;0,42; 33,00 ;43,00;18.420;18,42;2;2,265; 0,558 
28/10/2025;out;28;ter;10;DIURNO;32048;07:48:00;7,80;01:30:00;1,50;00:55:00;0,92; 45,00 ;36,00;25.730;25,73;3;3,299; 0,572 
28/10/2025;out;28;ter;17;DIURNO;32051;07:53:00;7,88;00:59:00;0,98;00:58:00;0,97; 46,00 ;21,00;18.240;18,24;3;2,314; 0,397 
28/10/2025;out;28;ter;12;DIURNO;32100;05:34:00;5,57;03:53:00;3,88;01:05:00;1,08; 29,00 ;84,00;21.920;21,92;3;3,938; 0,756 
28/10/2025;out;28;ter;11;NOTURNO;32101;06:10:00;6,17;01:00:00;1,00;00:20:00;0,33; 45,00 ;16,00;16.870;16,87;2;2,736; 0,375 
28/10/2025;out;28;ter;21;NOTURNO;32048;06:01:00;6,02;00:54:00;0,90;00:23:00;0,38; 45,00 ;30,00;9.890;9,89;2;1,644; 0,220 
28/10/2025;out;28;ter;2;NOTURNO;33024;06:59:00;6,98;01:30:00;1,50;00:29:00;0,48; 33,00 ;43,00;15.100;15,10;2;2,162; 0,458 
28/10/2025;out;28;ter;6;NOTURNO;31933;05:47:00;5,78;01:15:00;1,25;00:21:00;0,35; 39,00 ;38,00;15.030;15,03;2;2,599; 0,385 
28/10/2025;out;28;ter;1;NOTURNO;32049;02:43:00;2,72;00:37:00;0,62;00:11:00;0,18; 12,00 ;17,00;7.610;7,61;1;2,801; 0,634 
28/10/2025;out;28;ter;1;NOTURNO;32100;03:33:00;3,55;00:28:00;0,47;00:10:00;0,17; 24,00 ;17,00;8.640;8,64;1;2,434; 0,360 
29/10/2025;out;29;qua;16;DIURNO;32101;05:15:00;5,25;01:02:00;1,03;00:15:00;0,25; 33,00 ;26,00;10.910;10,91;1;2,078; 0,331 
29/10/2025;out;29;qua;14;DIURNO;31933;04:00:00;4,00;01:00:00;1,00;00:10:00;0,17; 35,00 ;38,00;7.760;7,76;1;1,940; 0,222 
29/10/2025;out;29;qua;20;DIURNO;32049;05:35:00;5,58;01:45:00;1,75;00:20:00;0,33; 40,00 ;52,00;12.630;12,63;2;2,262; 0,316 
29/10/2025;out;29;qua;13;DIURNO;32100;04:44:00;4,73;01:16:00;1,27;00:23:00;0,38; 40,00 ;35,00;8.790;8,79;1;1,857; 0,220 
29/10/2025;out;29;qua;18;DIURNO;33024;06:00:00;6,00;00:50:00;0,83;00:13:00;0,22; 55,00 ;50,00;8.100;8,10;1;1,350; 0,147 
29/10/2025;out;29;qua;9;DIURNO;32051;03:59:00;3,98;01:43:00;1,72;00:13:00;0,22; 36,00 ;38,00;10.710;10,71;2;2,689; 0,298 
29/10/2025;out;29;qua;22;0;32048;03:51:00;3,85;01:07:00;1,12;00:17:00;0,28; -   ;59,00;5.260;5,26;1;1,366;#DIV/0!
29/10/2025;out;29;qua;4;NOTURNO;33024;06:01:00;6,02;00:37:00;0,62;00:12:00;0,20; 48,00 ;18,00;10.560;10,56;1;1,755; 0,220 
29/10/2025;out;29;qua;3;NOTURNO;32100;06:15:00;6,25;00:38:00;0,63;00:20:00;0,33; 47,00 ;21,00;13.550;13,55;2;2,168; 0,288 
29/10/2025;out;29;qua;7;NOTURNO;32101;05:05:00;5,08;01:48:00;1,80;00:12:00;0,20; 39,00 ;40,00;11.680;11,68;2;2,298; 0,299 
29/10/2025;out;29;qua;5;NOTURNO;31933;04:49:00;4,82;00:52:00;0,87;00:15:00;0,25; 31,00 ;22,00;10.100;10,10;1;2,097; 0,326 
29/10/2025;out;29;qua;21;NOTURNO;32049;06:03:00;6,05;01:06:00;1,10;00:12:00;0,20; 46,00 ;27,00;10.490;10,49;2;1,734; 0,228 
30/10/2025;out;30;qui;8;DIURNO;32100;04:21:00;4,35;02:06:00;2,10;00:28:00;0,47; 30,00 ;44,00;11.060;11,06;2;2,543; 0,369 
30/10/2025;out;30;qui;10;DIURNO;32049;05:26:00;5,43;00:58:00;0,97;00:37:00;0,62; 37,00 ;26,00;12.980;12,98;2;2,389; 0,351 
30/10/2025;out;30;qui;19;DIURNO;33024;05:44:00;5,73;00:55:00;0,92;00:14:00;0,23; 58,00 ;9,00;9.970;9,97;1;1,739; 0,172 
30/10/2025;out;30;qui;15;DIURNO;31933;04:40:00;4,67;01:10:00;1,17;00:25:00;0,42; 38,00 ;19,00;12.580;12,58;2;2,696; 0,331 
30/10/2025;out;30;qui;22;0;32048;03:00:00;3,00;01:40:00;1,67;00:15:00;0,25; -   ;37,00;9.290;9,29;1;3,097;#DIV/0!
30/10/2025;out;30;qui;17;DIURNO;32051;06:40:00;6,67;01:00:00;1,00;00:25:00;0,42; 56,00 ;11,00;15.790;15,79;2;2,369; 0,282 
30/10/2025;out;30;qui;12;DIURNO;32100;05:40:00;5,67;01:39:00;1,65;00:36:00;0,60; 34,00 ;49,00;12.580;12,58;2;2,220; 0,370 
30/10/2025;out;30;qui;11;NOTURNO;32101;04:50:00;4,83;00:55:00;0,92;00:25:00;0,42; 38,00 ;28,00;12.410;12,41;2;2,568; 0,327 
30/10/2025;out;30;qui;6;NOTURNO;31933;05:35:00;5,58;00:41:00;0,68;00:12:00;0,20; 39,00 ;19,00;11.490;11,49;1;2,058; 0,295 
30/10/2025;out;30;qui;21;NOTURNO;32049;05:24:00;5,40;00:58:00;0,97;00:20:00;0,33; 45,00 ;28,00;10.550;10,55;2;1,954; 0,234 
30/10/2025;out;30;qui;2;NOTURNO;33024;06:17:00;6,28;01:02:00;1,03;00:01:00;0,02; 42,00 ;17,00;10.340;10,34;1;1,646; 0,246 
30/10/2025;out;30;qui;1;NOTURNO;32100;06:24:00;6,40;01:18:00;1,30;00:23:00;0,38; 37,00 ;31,00;13.550;13,55;2;2,117; 0,366 
31/10/2025;out;31;sex;14;DIURNO;31933;05:25:00;5,42;00:55:00;0,92;00:10:00;0,17; 36,00 ;38,00;11.310;11,31;1;2,088; 0,314 
31/10/2025;out;31;sex;18;DIURNO;33024;05:40:00;5,67;01:22:00;1,37;00:14:00;0,23; 57,00 ;50,00;10.560;10,56;1;1,864; 0,185 
31/10/2025;out;31;sex;20;DIURNO;32048;05:40:00;5,67;01:50:00;1,83;00:25:00;0,42; 42,00 ;51,00;14.210;14,21;2;2,508; 0,338 
31/10/2025;out;31;sex;13;DIURNO;32100;05:50:00;5,83;01:47:00;1,78;00:32:00;0,53; 41,00 ;59,00;13.730;13,73;2;2,354; 0,335 
31/10/2025;out;31;sex;9;DIURNO;32049;05:44:00;5,73;01:29:00;1,48;00:29:00;0,48; 28,00 ;43,00;15.470;15,47;2;2,698; 0,553 
31/10/2025;out;31;sex;16;DIURNO;32101;06:17:00;6,28;01:33:00;1,55;00:26:00;0,43; 31,00 ;54,00;13.540;13,54;2;2,155; 0,437 
31/10/2025;out;31;sex;7;NOTURNO;32101;05:09:00;5,15;01:19:00;1,32;00:24:00;0,40; 35,00 ;43,00;13.220;13,22;2;2,567; 0,378 
31/10/2025;out;31;sex;21;NOTURNO;32049;05:52:00;5,87;00:54:00;0,90;00:32:00;0,53; 52,00 ;21,00;11.530;11,53;2;1,965; 0,222 
31/10/2025;out;31;sex;4;NOTURNO;33024;06:40:00;6,67;00:49:00;0,82;00:02:00;0,03; 41,00 ;23,00;11.470;11,47;1;1,721; 0,280 
31/10/2025;out;31;sex;3;NOTURNO;32100;06:33:00;6,55;00:47:00;0,78;00:21:00;0,35; 43,00 ;25,00;14.460;14,46;2;2,208; 0,336 
31/10/2025;out;31;sex;5;NOTURNO;31933;05:28:00;5,47;01:07:00;1,12;00:12:00;0,20; 30,00 ;23,00;12.580;12,58;1;2,301; 0,419 
31/10/2025;out;31;sex;22;0;32051;02:30:00;2,50;01:25:00;1,42;00:15:00;0,25; -   ;34,00;1.270;1,27;1;0,508;#DIV/0!
01/11/2025;nov;1;sáb;8;DIURNO;32101;05:40:00;5,67;01:18:00;1,30;00:22:00;0,37; 51,00 ;23,00;14.800;14,80;2;2,612; 0,290 
01/11/2025;nov;1;sáb;19;DIURNO;32051;05:43:00;5,72;00:57:00;0,95;00:26:00;0,43; 44,00 ;41,00;12.220;12,22;2;2,138; 0,278 
01/11/2025;nov;1;sáb;17;DIURNO;32048;06:37:00;6,62;00:49:00;0,82;00:34:00;0,57; 45,00 ;21,00;18.770;18,77;2;2,837; 0,417 
01/11/2025;nov;1;sáb;10;DIURNO;32049;05:29:00;5,48;00:58:00;0,97;00:22:00;0,37; 36,00 ;26,00;13.870;13,87;2;2,529; 0,385 
01/11/2025;nov;1;sáb;12;DIURNO;32100;05:56:00;5,93;01:36:00;1,60;00:28:00;0,47; 33,00 ;49,00;16.130;16,13;2;2,719; 0,489 
01/11/2025;nov;1;sáb;15;DIURNO;31933;05:30:00;5,50;00:50:00;0,83;00:25:00;0,42; 38,00 ;19,00;17.100;17,10;2;3,109; 0,450 
01/11/2025;nov;1;sáb;2;NOTURNO;33024;07:42:00;7,70;00:24:00;0,40;00:14:00;0,23; 44,00 ;17,00;10.476;10,48;1;1,361; 0,238 
01/11/2025;nov;1;sáb;1;NOTURNO;32100;06:13:00;6,22;01:07:00;1,12;00:20:00;0,33; 35,00 ;31,00;13.610;13,61;2;2,189; 0,389 
01/11/2025;nov;1;sáb;6;NOTURNO;31933;05:51:00;5,85;00:42:00;0,70;00:12:00;0,20; 38,00 ;20,00;10.890;10,89;1;1,862; 0,287 
01/11/2025;nov;1;sáb;11;NOTURNO;32101;05:05:00;5,08;01:00:00;1,00;00:30:00;0,50; 37,00 ;23,00;11.890;11,89;2;2,339; 0,321 
01/11/2025;nov;1;sáb;21;NOTURNO;32049;06:13:00;6,22;00:55:00;0,92;00:42:00;0,70; 50,00 ;26,00;9.200;9,20;2;1,480; 0,184 
03/11/2025;nov;3;seg;22;0;32051;03:39:00;3,65;01:04:00;1,07;01:07:00;1,12; 33,00 ;21,00;7.070;7,07;2;1,937; 0,214 
03/11/2025;nov;3;seg;14;DIURNO;31933;05:45:00;5,75;01:55:00;1,92;00:30:00;0,50; 35,00 ;65,00;15.040;15,04;2;2,616; 0,430 
03/11/2025;nov;3;seg;13;DIURNO;32100;06:19:00;6,32;01:38:00;1,63;00:21:00;0,35; 40,00 ;59,00;16.620;16,62;2;2,631; 0,416 
03/11/2025;nov;3;seg;20;DIURNO;32048;06:20:00;6,33;01:48:00;1,80;00:22:00;0,37; 41,00 ;51,00;17.660;17,66;2;2,788; 0,431 
03/11/2025;nov;3;seg;16;DIURNO;32101;06:55:00;6,92;01:52:00;1,87;00:20:00;0,33; 33,00 ;53,00;19.646;19,65;2;2,840; 0,595 
03/11/2025;nov;3;seg;9;DIURNO;32049;07:36:00;7,60;01:43:00;1,72;00:23:00;0,38; 31,00 ;62,00;22.280;22,28;3;2,932; 0,719 
03/11/2025;nov;3;seg;18;DIURNO;33024;06:13:00;6,22;03:18:00;3,30;00:32:00;0,53; 56,00 ;85,00;14.140;14,14;2;2,275; 0,253 
03/11/2025;nov;3;seg;7;NOTURNO;32101;02:55:00;2,92;00:50:00;0,83;00:18:00;0,30; 12,00 ;27,00;10.430;10,43;1;3,576; 0,869 
03/11/2025;nov;3;seg;5;NOTURNO;31933;05:45:00;5,75;01:21:00;1,35;00:23:00;0,38; 30,00 ;44,00;16.650;16,65;2;2,896; 0,555 
03/11/2025;nov;3;seg;4;NOTURNO;33024;06:30:00;6,50;00:31:00;0,52;00:18:00;0,30; 46,00 ;6,00;11.580;11,58;1;1,782; 0,252 
03/11/2025;nov;3;seg;21;NOTURNO;32049;07:39:00;7,65;00:54:00;0,90;00:26:00;0,43; 47,00 ;27,00;18.220;18,22;2;2,382; 0,388 
03/11/2025;nov;3;seg;3;NOTURNO;32100;06:44:00;6,73;00:50:00;0,83;00:24:00;0,40; 41,00 ;27,00;19.640;19,64;2;2,917; 0,479 
03/11/2025;nov;3;seg;4;NOTURNO;32101;01:20:00;1,33;00:46:00;0,77;00:34:00;0,57; 10,00 ;19,00;4.430;4,43;1;3,323; 0,443 
03/11/2025;nov;3;seg;7;NOTURNO;32048;02:20:00;2,33;01:53:00;1,88;00:10:00;0,17; 17,00 ;33,00;7.560;7,56;1;3,240; 0,445 
04/11/2025;nov;4;ter;22;0;32051;02:39:00;2,65;00:31:00;0,52;00:16:00;0,27; 14,00 ;19,00;1.460;1,46;1;0,551; 0,104 
04/11/2025;nov;4;ter;19;DIURNO;33024;06:59:00;6,98;01:18:00;1,30;00:28:00;0,47; 52,00 ;35,00;19.420;19,42;2;2,781; 0,373 
04/11/2025;nov;4;ter;15;DIURNO;31933;07:00:00;7,00;01:35:00;1,58;00:40:00;0,67; 39,00 ;34,00;25.570;25,57;3;3,653; 0,656 
04/11/2025;nov;4;ter;8;DIURNO;32101;07:49:00;7,82;01:11:00;1,18;00:22:00;0,37; 32,00 ;43,00;20.690;20,69;2;2,647; 0,647 
04/11/2025;nov;4;ter;12;DIURNO;32100;07:49:00;7,82;02:34:00;2,57;00:57:00;0,95; 33,00 ;75,00;22.460;22,46;3;2,873; 0,681 
04/11/2025;nov;4;ter;17;DIURNO;32048;09:10:00;9,17;02:45:00;2,75;00:50:00;0,83; 52,00 ;23,00;32.960;32,96;4;3,596; 0,634 
04/11/2025;nov;4;ter;10;DIURNO;32049;08:52:00;8,87;01:35:00;1,58;00:53:00;0,88; 37,00 ;65,00;24.950;24,95;3;2,814; 0,674 
04/11/2025;nov;4;ter;2;NOTURNO;33024;08:07:00;8,12;01:24:00;1,40;00:14:00;0,23; 43,00 ;33,00;17.130;17,13;2;2,110; 0,398 
04/11/2025;nov;4;ter;1;NOTURNO;32051;06:44:00;6,73;01:33:00;1,55;00:29:00;0,48; 36,00 ;50,00;18.940;18,94;3;2,813; 0,526 
04/11/2025;nov;4;ter;11;NOTURNO;32101;06:50:00;6,83;01:20:00;1,33;00:15:00;0,25; 37,00 ;23,00;19.600;19,60;2;2,868; 0,530 
04/11/2025;nov;4;ter;21;NOTURNO;32049;06:51:00;6,85;00:49:00;0,82;00:51:00;0,85; 41,00 ;32,00;11.920;11,92;2;1,740; 0,291 
04/11/2025;nov;4;ter;6;NOTURNO;31933;06:30:00;6,50;01:17:00;1,28;00:24:00;0,40; 29,00 ;49,00;17.290;17,29;2;2,660; 0,596 
05/11/2025;nov;5;qua;9;DIURNO;32049;06:21:00;6,35;01:17:00;1,28;00:22:00;0,37; 29,00 ;43,00;14.860;14,86;2;2,340; 0,512 
05/11/2025;nov;5;qua;13;DIURNO;32051;05:46:00;5,77;01:02:00;1,03;00:15:00;0,25; 39,00 ;35,00;10.310;10,31;1;1,788; 0,264 
05/11/2025;nov;5;qua;14;DIURNO;31933;04:15:00;4,25;00:55:00;0,92;00:15:00;0,25; 35,00 ;38,00;9.530;9,53;1;2,242; 0,272 
05/11/2025;nov;5;qua;16;DIURNO;32101;05:55:00;5,92;01:24:00;1,40;00:30:00;0,50; 33,00 ;51,00;14.620;14,62;2;2,471; 0,443 
05/11/2025;nov;5;qua;18;DIURNO;33024;05:13:00;5,22;01:21:00;1,35;00:16:00;0,27; 55,00 ;50,00;8.300;8,30;1;1,591; 0,151 
05/11/2025;nov;5;qua;20;DIURNO;32048;05:33:00;5,55;02:02:00;2,03;00:20:00;0,33; 40,00 ;53,00;13.230;13,23;2;2,384; 0,331 
05/11/2025;nov;5;qua;3;NOTURNO;32100;06:26:00;6,43;01:01:00;1,02;00:19:00;0,32; 43,00 ;25,00;14.780;14,78;2;2,297; 0,344 
05/11/2025;nov;5;qua;4;NOTURNO;33024;07:21:00;7,35;00:52:00;0,87;00:01:00;0,02; 51,00 ;16,00;10.950;10,95;1;1,490; 0,215 
05/11/2025;nov;5;qua;5;NOTURNO;31933;05:10:00;5,17;00:49:00;0,82;00:16:00;0,27; 31,00 ;22,00;11.646;11,65;1;2,254; 0,376 
05/11/2025;nov;5;qua;7;NOTURNO;32101;05:30:00;5,50;01:35:00;1,58;00:30:00;0,50; 34,00 ;45,00;12.750;12,75;2;2,318; 0,375 
05/11/2025;nov;5;qua;21;NOTURNO;32049;02:44:00;2,73;00:30:00;0,50;00:15:00;0,25; 21,00 ;13,00;6.550;6,55;1;2,396; 0,312 
05/11/2025;nov;5;qua;21;NOTURNO;32048;03:16:00;3,27;00:33:00;0,55;00:12:00;0,20; 25,00 ;15,00;5.100;5,10;1;1,561; 0,204 
06/11/2025;nov;6;qui;8;DIURNO;32101;04:56:00;4,93;01:16:00;1,27;00:33:00;0,55; 31,00 ;44,00;13.310;13,31;2;2,698; 0,429 
06/11/2025;nov;6;qui;15;DIURNO;31933;05:05:00;5,08;00:55:00;0,92;00:30:00;0,50; 38,00 ;20,00;14.370;14,37;2;2,827; 0,378 
06/11/2025;nov;6;qui;19;DIURNO;33024;05:53:00;5,88;00:31:00;0,52;00:18:00;0,30; 50,00 ;17,00;11.520;11,52;1;1,958; 0,230 
06/11/2025;nov;6;qui;10;DIURNO;32049;06:00:00;6,00;01:01:00;1,02;00:27:00;0,45; 36,00 ;26,00;14.170;14,17;2;2,362; 0,394 
06/11/2025;nov;6;qui;12;DIURNO;32100;05:04:00;5,07;01:42:00;1,70;00:35:00;0,58; 32,00 ;51,00;13.950;13,95;2;2,753; 0,436 
06/11/2025;nov;6;qui;22;0;32048;03:50:00;3,83;01:10:00;1,17;00:15:00;0,25; -   ;33,00;4.050;4,05;1;1,057;#DIV/0!
06/11/2025;nov;6;qui;17;DIURNO;33049;06:55:00;6,92;00:40:00;0,67;00:30:00;0,50; 52,00 ;16,00;17.150;17,15;2;2,480; 0,330 
06/11/2025;nov;6;qui;21;NOTURNO;33049;06:25:00;6,42;00:57:00;0,95;00:27:00;0,45; 46,00 ;34,00;10.810;10,81;2;1,685; 0,235 
06/11/2025;nov;6;qui;11;NOTURNO;32101;05:05:00;5,08;01:00:00;1,00;00:25:00;0,42; 38,00 ;21,00;11.800;11,80;2;2,321; 0,311 
06/11/2025;nov;6;qui;6;NOTURNO;32048;05:17:00;5,28;01:18:00;1,30;00:21:00;0,35; 40,00 ;41,00;11.410;11,41;2;2,160; 0,285 
06/11/2025;nov;6;qui;1;NOTURNO;32100;05:59:00;5,98;01:01:00;1,02;00:20:00;0,33; 37,00 ;30,00;13.870;13,87;2;2,318; 0,375 
06/11/2025;nov;6;qui;2;NOTURNO;33024;06:49:00;6,82;00:51:00;0,85;00:01:00;0,02; 45,00 ;16,00;10.890;10,89;1;1,598; 0,242 
07/11/2025;nov;7;sex;22;0;33049;03:07:00;3,12;00:53:00;0,88;00:35:00;0,58; 18,00 ;23,00;4.370;4,37;1;1,402; 0,243 
07/11/2025;nov;7;sex;14;DIURNO;32051;04:35:00;4,58;01:55:00;1,92;00:30:00;0,50; 35,00 ;65,00;10.870;10,87;2;2,372; 0,311 
07/11/2025;nov;7;sex;18;DIURNO;33024;06:11:00;6,18;01:15:00;1,25;00:12:00;0,20; 59,00 ;49,00;10.960;10,96;1;1,773; 0,186 
07/11/2025;nov;7;sex;13;DIURNO;32100;05:23:00;5,38;01:40:00;1,67;00:33:00;0,55; 37,00 ;50,00;12.810;12,81;2;2,380; 0,346 
07/11/2025;nov;7;sex;9;DIURNO;32049;06:34:00;6,57;00:53:00;0,88;00:46:00;0,77; 31,00 ;40,00;16.460;16,46;2;2,507; 0,531 
07/11/2025;nov;7;sex;20;DIURNO;32048;06:00:00;6,00;01:55:00;1,92;00:30:00;0,50; 40,00 ;53,00;14.190;14,19;2;2,365; 0,355 
07/11/2025;nov;7;sex;16;DIURNO;32101;06:34:00;6,57;01:53:00;1,88;00:26:00;0,43; 34,00 ;51,00;15.130;15,13;2;2,304; 0,445 
07/11/2025;nov;7;sex;3;NOTURNO;32100;06:58:00;6,97;00:55:00;0,92;00:23:00;0,38; 44,00 ;27,00;16.280;16,28;2;2,337; 0,370 
07/11/2025;nov;7;sex;5;NOTURNO;31933;05:46:00;5,77;00:43:00;0,72;00:12:00;0,20; 31,00 ;22,00;12.330;12,33;1;2,138; 0,398 
07/11/2025;nov;7;sex;7;NOTURNO;32101;05:35:00;5,58;01:36:00;1,60;00:12:00;0,20; 30,00 ;46,00;13.840;13,84;2;2,479; 0,461 
07/11/2025;nov;7;sex;4;NOTURNO;33024;06:56:00;6,93;00:49:00;0,82;00:02:00;0,03; 46,00 ;16,00;11.290;11,29;1;1,628; 0,245 
07/11/2025;nov;7;sex;21;NOTURNO;33049;04:10:00;4,17;00:30:00;0,50;00:10:00;0,17; 27,00 ;12,00;7.730;7,73;1;1,855; 0,286 
07/11/2025;nov;7;sex;21;NOTURNO;32048;03:40:00;3,67;00:36:00;0,60;00:10:00;0,17; 21,00 ;15,00;5.090;5,09;1;1,388; 0,242 
08/11/2025;nov;8;sáb;17;DIURNO;32048;07:50:00;7,83;00:35:00;0,58;00:30:00;0,50; 51,00 ;15,00;18.180;18,18;2;2,321; 0,356 
08/11/2025;nov;8;sáb;12;DIURNO;32100;05:44:00;5,73;01:33:00;1,55;00:27:00;0,45; 32,00 ;49,00;14.650;14,65;2;2,555; 0,458 
08/11/2025;nov;8;sáb;19;DIURNO;33024;05:33:00;5,55;00:57:00;0,95;00:14:00;0,23; 45,00 ;21,00;11.640;11,64;1;2,097; 0,259 
08/11/2025;nov;8;sáb;8;DIURNO;32101;06:10:00;6,17;01:25:00;1,42;00:26:00;0,43; 35,00 ;42,00;14.150;14,15;2;2,295; 0,404 
08/11/2025;nov;8;sáb;15;DIURNO;31933;04:50:00;4,83;00:45:00;0,75;00:25:00;0,42; 38,00 ;19,00;14.320;14,32;2;2,963; 0,377 
08/11/2025;nov;8;sáb;10;DIURNO;32049;05:23:00;5,38;00:45:00;0,75;00:19:00;0,32; 35,00 ;28,00;13.230;13,23;2;2,458; 0,378 
08/11/2025;nov;8;sáb;2;NOTURNO;33024;06:43:00;6,72;00:43:00;0,72;00:07:00;0,12; 44,00 ;17,00;10.130;10,13;1;1,508; 0,230 
08/11/2025;nov;8;sáb;1;NOTURNO;32100;06:57:00;6,95;00:57:00;0,95;00:23:00;0,38; 37,00 ;31,00;14.210;14,21;2;2,045; 0,384 
08/11/2025;nov;8;sáb;6;NOTURNO;31933;05:22:00;5,37;00:42:00;0,70;00:14:00;0,23; 46,00 ;11,00;10.930;10,93;1;2,037; 0,238 
08/11/2025;nov;8;sáb;11;NOTURNO;32101;05:00:00;5,00;01:05:00;1,08;00:15:00;0,25; 38,00 ;23,00;12.150;12,15;2;2,430; 0,320 
08/11/2025;nov;8;sáb;21;NOTURNO;33049;06:22:00;6,37;00:33:00;0,55;00:16:00;0,27; 48,00 ;14,00;8.700;8,70;1;1,366; 0,181 
10/11/2025;nov;10;seg;18;DIURNO;32048;07:26:00;7,43;01:51:00;1,85;00:22:00;0,37; 69,00 ;77,00;11.940;11,94;2;1,606; 0,173 
10/11/2025;nov;10;seg;14;DIURNO;31933;05:40:00;5,67;01:50:00;1,83;00:25:00;0,42; 37,00 ;65,00;14.930;14,93;2;2,635; 0,404 
10/11/2025;nov;10;seg;20;DIURNO;33049;05:35:00;5,58;01:55:00;1,92;00:35:00;0,58; 40,00 ;52,00;16.780;16,78;2;3,005; 0,420 
10/11/2025;nov;10;seg;13;DIURNO;32100;06:18:00;6,30;02:04:00;2,07;00:29:00;0,48; 39,00 ;58,00;17.350;17,35;2;2,754; 0,445 
10/11/2025;nov;10;seg;9;DIURNO;32049;07:10:00;7,17;01:35:00;1,58;00:44:00;0,73; 31,00 ;61,00;21.370;21,37;3;2,982; 0,689 
10/11/2025;nov;10;seg;16;DIURNO;32101;07:42:00;7,70;02:02:00;2,03;00:31:00;0,52; 34,00 ;51,00;20.410;20,41;2;2,651; 0,600 
10/11/2025;nov;10;seg;4;NOTURNO;33024;07:35:00;7,58;01:14:00;1,23;00:09:00;0,15; 45,00 ;34,00;15.670;15,67;2;2,066; 0,348 
10/11/2025;nov;10;seg;3;NOTURNO;32100;06:35:00;6,58;00:51:00;0,85;00:21:00;0,35; 42,00 ;25,00;19.060;19,06;2;2,895; 0,454 
10/11/2025;nov;10;seg;5;NOTURNO;31933;05:30:00;5,50;01:29:00;1,48;00:23:00;0,38; 30,00 ;43,00;16.130;16,13;2;2,933; 0,538 
10/11/2025;nov;10;seg;7;NOTURNO;32101;05:35:00;5,58;02:03:00;2,05;00:28:00;0,47; 38,00 ;39,00;17.590;17,59;2;3,150; 0,463 
10/11/2025;nov;10;seg;21;NOTURNO;33049;06:46:00;6,77;00:53:00;0,88;00:28:00;0,47; 47,00 ;28,00;17.360;17,36;2;2,566; 0,369 
11/11/2025;nov;11;ter;19;DIURNO;33024;07:15:00;7,25;01:25:00;1,42;00:40:00;0,67; 44,00 ;37,00;19.340;19,34;2;2,668; 0,440 
11/11/2025;nov;11;ter;10;DIURNO;32049;07:43:00;7,72;01:21:00;1,35;00:43:00;0,72; 36,00 ;39,00;23.410;23,41;3;3,034; 0,650 
11/11/2025;nov;11;ter;15;DIURNO;31933;07:15:00;7,25;01:45:00;1,75;00:40:00;0,67; 44,00 ;27,00;26.750;26,75;3;3,690; 0,608 
11/11/2025;nov;11;ter;8;DIURNO;32101;07:33:00;7,55;01:48:00;1,80;00:39:00;0,65; 33,00 ;63,00;21.250;21,25;3;2,815; 0,644 
11/11/2025;nov;11;ter;22;0;32048;01:05:00;1,08;00:17:00;0,28;00:18:00;0,30; 5,00 ;6,00;4.170;4,17;1;3,849; 0,834 
11/11/2025;nov;11;ter;17;DIURNO;33049;09:55:00;9,92;00:59:00;0,98;01:53:00;1,88; 59,00 ;21,00;28.740;28,74;3;2,898; 0,487 
11/11/2025;nov;11;ter;12;DIURNO;32100;08:19:00;8,32;02:38:00;2,63;00:45:00;0,75; 32,00 ;76,00;25.240;25,24;3;3,035; 0,789 
11/11/2025;nov;11;ter;1;NOTURNO;32049;06:32:00;6,53;01:25:00;1,42;00:31:00;0,52; 35,00 ;50,00;18.800;18,80;3;2,878; 0,537 
11/11/2025;nov;11;ter;2;NOTURNO;32048;07:18:00;7,30;00:59:00;0,98;00:30:00;0,50; 46,00 ;32,00;16.120;16,12;2;2,208; 0,350 
11/11/2025;nov;11;ter;6;NOTURNO;31933;01:22:00;1,37;00:45:00;0,75;00:10:00;0,17; 9,00 ;19,00;3.630;3,63;1;2,656; 0,403 
11/11/2025;nov;11;ter;6;NOTURNO;32100;05:09:00;5,15;01:24:00;1,40;00:22:00;0,37; 31,00 ;40,00;13.510;13,51;2;2,623; 0,436 
11/11/2025;nov;11;ter;11;NOTURNO;32101;06:25:00;6,42;00:51:00;0,85;00:24:00;0,40; 37,00 ;23,00;19.290;19,29;2;3,006; 0,521 
11/11/2025;nov;11;ter;21;NOTURNO;32051;06:10:00;6,17;00:54:00;0,90;00:19:00;0,32; 47,00 ;27,00;10.620;10,62;2;1,722; 0,226 
12/11/2025;nov;12;qua;9;DIURNO;32049;05:40:00;5,67;01:02:00;1,03;00:27:00;0,45; 31,00 ;40,00;13.920;13,92;2;2,456; 0,449 
12/11/2025;nov;12;qua;13;DIURNO;32100;05:07:00;5,12;01:06:00;1,10;00:18:00;0,30; 40,00 ;35,00;9.620;9,62;1;1,880; 0,241 
12/11/2025;nov;12;qua;14;DIURNO;33049;04:45:00;4,75;01:03:00;1,05;00:25:00;0,42; 35,00 ;40,00;9.230;9,23;1;1,943; 0,264 
12/11/2025;nov;12;qua;16;DIURNO;32101;05:30:00;5,50;01:43:00;1,72;00:28:00;0,47; 35,00 ;50,00;11.780;11,78;2;2,142; 0,337 
12/11/2025;nov;12;qua;18;DIURNO;33024;04:55:00;4,92;01:10:00;1,17;00:10:00;0,17; 72,00 ;32,00;7.870;7,87;1;1,601; 0,109 
12/11/2025;nov;12;qua;20;DIURNO;32048;05:00:00;5,00;01:50:00;1,83;00:20:00;0,33; 42,00 ;52,00;12.020;12,02;2;2,404; 0,286 
12/11/2025;nov;12;qua;7;NOTURNO;32101;05:20:00;5,33;01:25:00;1,42;00:24:00;0,40; 34,00 ;44,00;12.040;12,04;2;2,258; 0,354 
12/11/2025;nov;12;qua;3;NOTURNO;32100;06:27:00;6,45;00:47:00;0,78;00:19:00;0,32; 44,00 ;24,00;14.170;14,17;2;2,197; 0,322 
12/11/2025;nov;12;qua;4;NOTURNO;33024;06:42:00;6,70;00:49:00;0,82;00:04:00;0,07; 49,00 ;17,00;9.940;9,94;1;1,484; 0,203 
12/11/2025;nov;12;qua;5;NOTURNO;31933;05:26:00;5,43;01:03:00;1,05;00:03:00;0,05; 30,00 ;22,00;10.330;10,33;1;1,901; 0,344 
12/11/2025;nov;12;qua;21;NOTURNO;33049;03:38:00;3,63;00:26:00;0,43;00:13:00;0,22; 24,00 ;13,00;5.620;5,62;1;1,547; 0,234 
12/11/2025;nov;12;qua;21;NOTURNO;32049;03:16:00;3,27;00:23:00;0,38;00:12:00;0,20; 23,00 ;14,00;5.720;5,72;1;1,751; 0,249 
13/11/2025;nov;13;qui;8;DIURNO;32101;04:11:00;4,18;00:52:00;0,87;00:00:00;0,00; 24,00 ;22,00;9.990;9,99;1;2,388; 0,416 
13/11/2025;nov;13;qui;15;DIURNO;31933;04:55:00;4,92;01:00:00;1,00;00:25:00;0,42; 38,00 ;18,00;13.990;13,99;2;2,845; 0,368 
13/11/2025;nov;13;qui;19;DIURNO;33024;04:45:00;4,75;01:05:00;1,08;00:10:00;0,17; 43,00 ;22,00;10.800;10,80;1;2,274; 0,251 
13/11/2025;nov;13;qui;10;DIURNO;32049;05:52:00;5,87;00:44:00;0,73;00:28:00;0,47; 37,00 ;26,00;13.140;13,14;2;2,240; 0,355 
13/11/2025;nov;13;qui;8;DIURNO;32100;01:22:00;1,37;00:38:00;0,63;00:17:00;0,28; 5,00 ;23,00;3.080;3,08;1;2,254; 0,616 
13/11/2025;nov;13;qui;17;DIURNO;32048;07:01:00;7,02;00:44:00;0,73;00:20:00;0,33; 51,00 ;16,00;18.880;18,88;2;2,691; 0,370 
13/11/2025;nov;13;qui;12;DIURNO;32051;06:29:00;6,48;00:55:00;0,92;00:34:00;0,57; 36,00 ;56,00;14.210;14,21;2;2,192; 0,395 
13/11/2025;nov;13;qui;1;NOTURNO;32048;05:49:00;5,82;01:02:00;1,03;00:20:00;0,33; 36,00 ;32,00;13.410;13,41;2;2,305; 0,373 
13/11/2025;nov;13;qui;2;NOTURNO;33024;06:16:00;6,27;00:28:00;0,47;00:13:00;0,22; 44,00 ;17,00;10.510;10,51;1;1,677; 0,239 
13/11/2025;nov;13;qui;6;NOTURNO;31933;05:42:00;5,70;00:43:00;0,72;00:11:00;0,18; 39,00 ;19,00;11.080;11,08;1;1,944; 0,284 
13/11/2025;nov;13;qui;11;NOTURNO;32101;05:20:00;5,33;01:04:00;1,07;00:21:00;0,35; 34,00 ;26,00;12.690;12,69;2;2,379; 0,373 
13/11/2025;nov;13;qui;21;NOTURNO;32049;06:16:00;6,27;00:46:00;0,77;00:20:00;0,33; 46,00 ;27,00;11.000;11,00;2;1,755; 0,239 
14/11/2025;nov;14;sex;14;DIURNO;31933;04:50:00;4,83;00:55:00;0,92;00:20:00;0,33; 34,00 ;39,00;10.330;10,33;1;2,137; 0,304 
14/11/2025;nov;14;sex;20;DIURNO;32048;02:55:00;2,92;01:14:00;1,23;00:18:00;0,30; 20,00 ;27,00;7.730;7,73;1;2,650; 0,387 
14/11/2025;nov;14;sex;20;DIURNO;33049;02:31:00;2,52;00:57:00;0,95;00:10:00;0,17; 21,00 ;28,00;6.400;6,40;1;2,543; 0,305 
14/11/2025;nov;14;sex;18;DIURNO;33024;06:00:00;6,00;00:45:00;0,75;00:15:00;0,25; 75,00 ;29,00;10.170;10,17;1;1,695; 0,136 
14/11/2025;nov;14;sex;9;DIURNO;32049;06:10:00;6,17;01:00:00;1,00;00:35:00;0,58; 31,00 ;41,00;15.500;15,50;2;2,514; 0,500 
14/11/2025;nov;14;sex;13;DIURNO;32051;06:19:00;6,32;01:36:00;1,60;00:31:00;0,52; 40,00 ;59,00;13.250;13,25;2;2,098; 0,331 
14/11/2025;nov;14;sex;16;DIURNO;32101;06:53:00;6,88;02:12:00;2,20;00:21:00;0,35; 33,00 ;52,00;16.050;16,05;2;2,332; 0,486 
14/11/2025;nov;14;sex;21;NOTURNO;33049;06:49:00;6,82;00:55:00;0,92;00:23:00;0,38; 47,00 ;27,00;12.420;12,42;2;1,822; 0,264 
14/11/2025;nov;14;sex;7;NOTURNO;32101;05:30:00;5,50;01:35:00;1,58;00:25:00;0,42; 34,00 ;42,00;13.240;13,24;2;2,407; 0,389 
14/11/2025;nov;14;sex;4;NOTURNO;33024;06:51:00;6,85;00:41:00;0,68;00:07:00;0,12; 48,00 ;17,00;10.800;10,80;1;1,577; 0,225 
14/11/2025;nov;14;sex;3;NOTURNO;32048;06:06:00;6,10;01:05:00;1,08;00:18:00;0,30; 44,00 ;25,00;15.080;15,08;2;2,472; 0,343 
14/11/2025;nov;14;sex;5;NOTURNO;31933;05:07:00;5,12;01:39:00;1,65;00:28:00;0,47; 30,00 ;44,00;12.470;12,47;2;2,437; 0,416 
15/11/2025;nov;15;sáb;8;DIURNO;32101;05:50:00;5,83;01:24:00;1,40;00:35:00;0,58; 32,00 ;43,00;13.830;13,83;2;2,371; 0,432 
15/11/2025;nov;15;sáb;10;DIURNO;32049;05:07:00;5,12;00:48:00;0,80;00:20:00;0,33; 36,00 ;26,00;12.700;12,70;2;2,482; 0,353 
15/11/2025;nov;15;sáb;12;DIURNO;32051;06:41:00;6,68;01:44:00;1,73;00:32:00;0,53; 33,00 ;50,00;15.710;15,71;2;2,351; 0,476 
15/11/2025;nov;15;sáb;17;DIURNO;33049;06:00:00;6,00;00:34:00;0,57;00:26:00;0,43; 51,00 ;16,00;17.090;17,09;2;2,848; 0,335 
15/11/2025;nov;15;sáb;15;DIURNO;31933;05:59:00;5,98;00:44:00;0,73;00:27:00;0,45; 38,00 ;19,00;15.800;15,80;2;2,641; 0,416 
15/11/2025;nov;15;sáb;19;DIURNO;33024;05:50:00;5,83;00:30:00;0,50;00:10:00;0,17; 42,00 ;22,00;12.396;12,40;1;2,125; 0,295 
15/11/2025;nov;15;sáb;1;NOTURNO;32048;02:56:00;2,93;00:29:00;0,48;00:12:00;0,20; 15,00 ;51,00;6.630;6,63;1;2,260; 0,442 
15/11/2025;nov;15;sáb;2;NOTURNO;33024;06:34:00;6,57;00:19:00;0,32;00:11:00;0,18; 45,00 ;16,00;10.200;10,20;1;1,553; 0,227 
15/11/2025;nov;15;sáb;6;NOTURNO;31933;05:08:00;5,13;00:47:00;0,78;00:12:00;0,20; 38,00 ;19,00;10.470;10,47;1;2,040; 0,276 
15/11/2025;nov;15;sáb;11;NOTURNO;32101;06:15:00;6,25;00:35:00;0,58;00:22:00;0,37; 39,00 ;22,00;12.400;12,40;2;1,984; 0,318 
15/11/2025;nov;15;sáb;21;NOTURNO;33049;06:03:00;6,05;00:33:00;0,55;00:15:00;0,25; 47,00 ;14,00;7.080;7,08;1;1,170; 0,151 
17/11/2025;nov;17;seg;22;0;32048;04:25:00;4,42;01:36:00;1,60;00:14:00;0,23; 35,00 ;21,00;5.220;5,22;1;1,182; 0,149 
17/11/2025;nov;17;seg;13;DIURNO;32051;05:39:00;5,65;01:50:00;1,83;00:30:00;0,50; 40,00 ;58,00;16.440;16,44;2;2,910; 0,411 
17/11/2025;nov;17;seg;14;DIURNO;31933;06:10:00;6,17;02:05:00;2,08;00:35:00;0,58; 38,00 ;65,00;14.950;14,95;2;2,424; 0,393 
17/11/2025;nov;17;seg;20;DIURNO;33049;06:24:00;6,40;01:58:00;1,97;00:29:00;0,48; 43,00 ;54,00;17.660;17,66;2;2,759; 0,411 
17/11/2025;nov;17;seg;18;DIURNO;32050;06:50:00;6,83;01:40:00;1,67;00:25:00;0,42; 56,00 ;82,00;13.480;13,48;2;1,973; 0,241 
17/11/2025;nov;17;seg;9;DIURNO;32049;07:45:00;7,75;01:35:00;1,58;00:45:00;0,75; 30,00 ;64,00;21.910;21,91;3;2,827; 0,730 
17/11/2025;nov;17;seg;16;DIURNO;32101;07:22:00;7,37;02:44:00;2,73;00:44:00;0,73; 32,00 ;80,00;20.140;20,14;3;2,734; 0,629 
17/11/2025;nov;17;seg;21;NOTURNO;33049;03:43:00;3,72;00:25:00;0,42;00:17:00;0,28; 20,00 ;14,00;9.240;9,24;1;2,486; 0,462 
17/11/2025;nov;17;seg;21;NOTURNO;32049;03:53:00;3,88;00:29:00;0,48;00:11:00;0,18; 27,00 ;14,00;8.970;8,97;1;2,310; 0,332 
17/11/2025;nov;17;seg;7;NOTURNO;32051;03:00:00;3,00;00:44:00;0,73;00:09:00;0,15; 14,00 ;20,00;8.810;8,81;1;2,937; 0,629 
17/11/2025;nov;17;seg;7;NOTURNO;32101;03:05:00;3,08;00:35:00;0,58;00:11:00;0,18; 19,00 ;22,00;8.860;8,86;1;2,874; 0,466 
17/11/2025;nov;17;seg;5;NOTURNO;31933;05:23:00;5,38;01:25:00;1,42;00:25:00;0,42; 30,00 ;43,00;11.750;11,75;2;2,183; 0,392 
17/11/2025;nov;17;seg;3;NOTURNO;32048;06:03:00;6,05;00:50:00;0,83;00:26:00;0,43; 41,00 ;25,00;18.830;18,83;2;3,112; 0,459 
17/11/2025;nov;17;seg;4;NOTURNO;32050;07:36:00;7,60;01:01:00;1,02;00:13:00;0,22; 46,00 ;33,00;15.090;15,09;2;1,986; 0,328 
18/11/2025;nov;18;ter;19;DIURNO;33048;06:40:00;6,67;01:15:00;1,25;00:25:00;0,42; 48,00 ;39,00;18.190;18,19;2;2,729; 0,379 
18/11/2025;nov;18;ter;10;DIURNO;32049;07:09:00;7,15;01:19:00;1,32;00:42:00;0,70; 36,00 ;39,00;21.120;21,12;3;2,954; 0,587 
18/11/2025;nov;18;ter;17;DIURNO;32050;07:15:00;7,25;02:30:00;2,50;00:20:00;0,33; 46,00 ;24,00;27.650;27,65;4;3,814; 0,601 
18/11/2025;nov;18;ter;8;DIURNO;32101;07:36:00;7,60;02:03:00;2,05;00:43:00;0,72; 33,00 ;65,00;19.990;19,99;3;2,630; 0,606 
18/11/2025;nov;18;ter;15;DIURNO;31933;08:30:00;8,50;01:15:00;1,25;00:45:00;0,75; 45,00 ;34,00;24.300;24,30;3;2,859; 0,540 
18/11/2025;nov;18;ter;12;DIURNO;32051;07:55:00;7,92;02:31:00;2,52;00:51:00;0,85; 35,00 ;77,00;23.130;23,13;3;2,922; 0,661 
18/11/2025;nov;18;ter;21;NOTURNO;33049;06:24:00;6,40;00:48:00;0,80;00:39:00;0,65; 48,00 ;30,00;11.060;11,06;2;1,728; 0,230 
18/11/2025;nov;18;ter;1;NOTURNO;32100;06:35:00;6,58;01:17:00;1,28;00:42:00;0,70; 25,00 ;61,00;18.900;18,90;3;2,871; 0,756 
18/11/2025;nov;18;ter;6;NOTURNO;31933;06:31:00;6,52;01:25:00;1,42;00:30:00;0,50; 40,00 ;39,00;17.140;17,14;2;2,630; 0,429 
18/11/2025;nov;18;ter;2;NOTURNO;32049;07:29:00;7,48;00:59:00;0,98;00:40:00;0,67; 46,00 ;30,00;15.330;15,33;2;2,049; 0,333 
18/11/2025;nov;18;ter;11;NOTURNO;32101;06:40:00;6,67;01:20:00;1,33;00:25:00;0,42; 38,00 ;24,00;18.590;18,59;2;2,789; 0,489 
19/11/2025;nov;19;qua;20;DIURNO;32048;05:00:00;5,00;02:00:00;2,00;00:25:00;0,42; 41,00 ;53,00;12.340;12,34;2;2,468; 0,301 
19/11/2025;nov;19;qua;13;DIURNO;32100;06:15:00;6,25;01:27:00;1,45;00:13:00;0,22; 42,00 ;36,00;10.600;10,60;1;1,696; 0,252 
19/11/2025;nov;19;qua;14;DIURNO;31933;04:30:00;4,50;01:00:00;1,00;00:10:00;0,17; 35,00 ;37,00;9.100;9,10;1;2,022; 0,260 
19/11/2025;nov;19;qua;22;0;32051;01:19:00;1,32;00:37:00;0,62;00:19:00;0,32; 8,00 ;15,00;2.800;2,80;1;2,127; 0,350 
19/11/2025;nov;19;qua;21;NOTURNO;33049;07:00:00;7,00;00:29:00;0,48;00:18:00;0,30; 46,00 ;14,00;11.550;11,55;1;1,650; 0,251 
19/11/2025;nov;19;qua;4;NOTURNO;32050;04:45:00;4,75;00:35:00;0,58;00:13:00;0,22; 34,00 ;16,00;6.410;6,41;1;1,349; 0,189 
19/11/2025;nov;19;qua;4;NOTURNO;32049;02:11:00;2,18;00:26:00;0,43;00:22:00;0,37; 16,00 ;16,00;3.780;3,78;1;1,731; 0,236 
19/11/2025;nov;19;qua;5;NOTURNO;31933;05:21:00;5,35;00:46:00;0,77;00:13:00;0,22; 30,00 ;22,00;11.080;11,08;1;2,071; 0,369 
19/11/2025;nov;19;qua;7;NOTURNO;32101;05:20:00;5,33;01:35:00;1,58;00:25:00;0,42; 35,00 ;46,00;12.270;12,27;2;2,301; 0,351 
19/11/2025;nov;19;qua;3;NOTURNO;32100;06:23:00;6,38;00:49:00;0,82;00:20:00;0,33; 43,00 ;25,00;14.560;14,56;2;2,281; 0,339 
20/11/2025;nov;20;qui;12;DIURNO;32100;05:00:00;5,00;01:29:00;1,48;00:24:00;0,40; 27,00 ;54,00;11.980;11,98;2;2,396; 0,444 
20/11/2025;nov;20;qui;8;DIURNO;32101;05:47:00;5,78;01:24:00;1,40;00:24:00;0,40; 30,00 ;43,00;11.670;11,67;2;2,018; 0,389 
20/11/2025;nov;20;qui;11;NOTURNO;32101;04:05:00;4,08;00:36:00;0,60;00:15:00;0,25; 37,00 ;12,00;8.290;8,29;1;2,030; 0,224 
20/11/2025;nov;20;qui;21;NOTURNO;33049;04:47:00;4,78;00:30:00;0,50;00:09:00;0,15; 47,00 ;15,00;5.410;5,41;1;1,131; 0,115 
20/11/2025;nov;20;qui;6;NOTURNO;31933;05:28:00;5,47;00:48:00;0,80;00:12:00;0,20; 41,00 ;19,00;9.550;9,55;1;1,747; 0,233 
20/11/2025;nov;20;qui;2;NOTURNO;32049;03:58:00;3,97;00:33:00;0,55;00:10:00;0,17; 45,00 ;16,00;8.540;8,54;1;2,153; 0,190 
20/11/2025;nov;20;qui;1;NOTURNO;32100;05:54:00;5,90;00:55:00;0,92;00:21:00;0,35; 35,00 ;32,00;10.340;10,34;2;1,753; 0,295 
21/11/2025;nov;21;sex;9;DIURNO;32049;06:16:00;6,27;00:59:00;0,98;00:25:00;0,42; 32,00 ;39,00;15.670;15,67;2;2,501; 0,490 
21/11/2025;nov;21;sex;14;DIURNO;31933;05:30:00;5,50;00:45:00;0,75;00:15:00;0,25; 36,00 ;38,00;10.460;10,46;1;1,902; 0,291 
21/11/2025;nov;21;sex;20;DIURNO;33049;06:15:00;6,25;01:35:00;1,58;00:30:00;0,50; 34,00 ;60,00;13.170;13,17;2;2,107; 0,387 
21/11/2025;nov;21;sex;13;DIURNO;32100;05:45:00;5,75;02:08:00;2,13;00:28:00;0,47; 43,00 ;52,00;12.650;12,65;2;2,200; 0,294 
21/11/2025;nov;21;sex;16;DIURNO;32101;07:26:00;7,43;01:41:00;1,68;00:38:00;0,63; 34,00 ;52,00;16.540;16,54;2;2,225; 0,486 
21/11/2025;nov;21;sex;18;DIURNO;32048;05:35:00;5,58;01:00:00;1,00;00:15:00;0,25; 72,00 ;30,00;8.590;8,59;1;1,539; 0,119 
21/11/2025;nov;21;sex;21;NOTURNO;32051;03:15:00;3,25;00:32:00;0,53;00:13:00;0,22; 17,00 ;15,00;6.380;6,38;1;1,963; 0,375 
21/11/2025;nov;21;sex;21;NOTURNO;32048;03:58:00;3,97;01:10:00;1,17;00:07:00;0,12; 30,00 ;18,00;7.510;7,51;1;1,893; 0,250 
21/11/2025;nov;21;sex;5;NOTURNO;31933;05:44:00;5,73;00:46:00;0,77;00:20:00;0,33; 31,00 ;22,00;11.720;11,72;1;2,044; 0,378 
21/11/2025;nov;21;sex;3;NOTURNO;32100;06:24:00;6,40;00:57:00;0,95;00:18:00;0,30; 39,00 ;30,00;14.440;14,44;2;2,256; 0,370 
21/11/2025;nov;21;sex;4;NOTURNO;32049;07:14:00;7,23;00:56:00;0,93;00:06:00;0,10; 51,00 ;29,00;11.550;11,55;2;1,597; 0,226 
21/11/2025;nov;21;sex;7;NOTURNO;32101;05:45:00;5,75;01:45:00;1,75;00:30:00;0,50; 34,00 ;42,00;12.420;12,42;2;2,160; 0,365 
22/11/2025;nov;22;sáb;15;DIURNO;31933;06:05:00;6,08;00:51:00;0,85;00:29:00;0,48; 38,00 ;19,00;18.230;18,23;2;2,997; 0,480 
22/11/2025;nov;22;sáb;17;DIURNO;33049;08:10:00;8,17;00:35:00;0,58;00:35:00;0,58; 55,00 ;14,00;21.210;21,21;2;2,597; 0,386 
22/11/2025;nov;22;sáb;10;DIURNO;32049;06:05:00;6,08;00:50:00;0,83;00:25:00;0,42; 36,00 ;27,00;15.280;15,28;2;2,512; 0,424 
22/11/2025;nov;22;sáb;19;DIURNO;32048;05:20:00;5,33;01:10:00;1,17;00:20:00;0,33; 44,00 ;42,00;13.270;13,27;2;2,488; 0,302 
22/11/2025;nov;22;sáb;8;DIURNO;32101;07:08:00;7,13;01:03:00;1,05;00:48:00;0,80; 34,00 ;41,00;15.718;15,72;2;2,203; 0,462 
22/11/2025;nov;22;sáb;2;NOTURNO;32048;06:35:00;6,58;01:07:00;1,12;00:22:00;0,37; 50,00 ;27,00;11.770;11,77;2;1,788; 0,235 
22/11/2025;nov;22;sáb;11;NOTURNO;32101;05:30:00;5,50;00:50:00;0,83;00:25:00;0,42; 44,00 ;17,00;14.860;14,86;2;2,702; 0,338 
22/11/2025;nov;22;sáb;1;NOTURNO;32100;06:21:00;6,35;00:58:00;0,97;00:20:00;0,33; 36,00 ;32,00;14.590;14,59;2;2,298; 0,405 
22/11/2025;nov;22;sáb;21;NOTURNO;32050;05:55:00;5,92;01:02:00;1,03;00:18:00;0,30; 45,00 ;27,00;8.880;8,88;2;1,501; 0,197 
22/11/2025;nov;22;sáb;6;NOTURNO;31933;05:41:00;5,68;00:48:00;0,80;00:11:00;0,18; 38,00 ;20,00;10.770;10,77;1;1,895; 0,283 
22/11/2025;nov;22;sáb;12;DIURNO;32100;04:00:00;4,00;00:59:00;0,98;00:15:00;0,25; 15,00 ;29,00;10.280;10,28;1;2,570; 0,685 
22/11/2025;nov;22;sáb;12;DIURNO;32050;04:19:00;4,32;01:19:00;1,32;00:20:00;0,33; 20,00 ;26,00;8.790;8,79;1;2,036; 0,440 
24/11/2025;nov;24;seg;18;DIURNO;32048;04:45:00;4,75;01:30:00;1,50;00:25:00;0,42; 56,00 ;62,00;11.800;11,80;2;2,484; 0,211 
24/11/2025;nov;24;seg;22;0;32050;04:39:00;4,65;00:51:00;0,85;00:20:00;0,33; 60,00 ;17,00;5.310;5,31;1;1,142; 0,089 
24/11/2025;nov;24;seg;20;DIURNO;33049;06:18:00;6,30;01:35:00;1,58;00:25:00;0,42; 42,00 ;52,00;16.950;16,95;2;2,690; 0,404 
24/11/2025;nov;24;seg;14;DIURNO;31933;06:10:00;6,17;01:55:00;1,92;00:30:00;0,50; 36,00 ;65,00;16.950;16,95;2;2,749; 0,471 
24/11/2025;nov;24;seg;13;DIURNO;32100;06:44:00;6,73;01:40:00;1,67;00:31:00;0,52; 40,00 ;58,00;16.730;16,73;2;2,485; 0,418 
24/11/2025;nov;24;seg;9;DIURNO;32050;07:10:00;7,17;01:39:00;1,65;00:36:00;0,60; 29,00 ;55,00;22.180;22,18;3;3,095; 0,765 
19/11/2025;nov;19;qua;9;DIURNO;32049;04:25:00;4,42;00:42:00;0,70;00:23:00;0,38; 26,00 ;40,00;10.500;10,50;2;2,377; 0,404 
19/11/2025;nov;19;qua;16;DIURNO;32101;04:45:00;4,75;01:06:00;1,10;00:13:00;0,22; 28,00 ;25,00;9.050;9,05;1;1,905; 0,323 
19/11/2025;nov;19;qua;18;DIURNO;32050;07:30:00;7,50;01:50:00;1,83;00:20:00;0,33; 80,00 ;62,00;12.260;12,26;2;1,635; 0,153 
20/11/2025;nov;20;qui;10;DIURNO;32051;05:05:00;5,08;00:57:00;0,95;00:23:00;0,38; 37,00 ;27,00;12.490;12,49;2;2,457; 0,338 
20/11/2025;nov;20;qui;15;DIURNO;31933;04:40:00;4,67;00:42:00;0,70;00:18:00;0,30; 41,00 ;16,00;11.510;11,51;2;2,466; 0,281 
20/11/2025;nov;20;qui;17;DIURNO;33049;05:25:00;5,42;00:25:00;0,42;00:10:00;0,17; 51,00 ;8,00;11.600;11,60;1;2,142; 0,227 
20/11/2025;nov;20;qui;19;DIURNO;32048;05:51:00;5,85;00:48:00;0,80;00:06:00;0,10; 55,00 ;16,00;10.160;10,16;1;1,737; 0,185 
25/11/2025;nov;25;ter;8;DIURNO;32101;08:07:00;8,12;00:58:00;0,97;00:26:00;0,43; 33,00 ;43,00;19.680;19,68;2;2,425; 0,596 
25/11/2025;nov;25;ter;10;DIURNO;32049;07:40:00;7,67;00:55:00;0,92;00:35:00;0,58; 45,00 ;30,00;21.620;21,62;3;2,820; 0,480 
25/11/2025;nov;25;ter;12;DIURNO;32100;08:13:00;8,22;03:01:00;3,02;00:41:00;0,68; 34,00 ;79,00;23.650;23,65;3;2,878; 0,696 
25/11/2025;nov;25;ter;15;DIURNO;31933;07:20:00;7,33;01:10:00;1,17;00:35:00;0,58; 42,00 ;28,00;24.350;24,35;3;3,320; 0,580 
25/11/2025;nov;25;ter;17;DIURNO;33049;09:50:00;9,83;00:45:00;0,75;00:50:00;0,83; 57,00 ;21,00;27.150;27,15;3;2,761; 0,476 
25/11/2025;nov;25;ter;19;DIURNO;32048;06:52:00;6,87;01:12:00;1,20;00:32:00;0,53; 48,00 ;38,00;17.930;17,93;2;2,611; 0,374 
25/11/2025;nov;25;ter;22;0;32051;02:48:00;2,80;02:20:00;2,33;00:42:00;0,70; -   ;75,00;7.660;7,66;3;2,736;#DIV/0!
25/11/2025;nov;25;ter;1;NOTURNO;32048;06:14:00;6,23;01:03:00;1,05;00:58:00;0,97; 34,00 ;51,00;19.140;19,14;3;3,071; 0,563 
25/11/2025;nov;25;ter;2;NOTURNO;32049;05:49:00;5,82;01:14:00;1,23;02:19:00;2,32; 43,00 ;32,00;15.680;15,68;2;2,696; 0,365 
25/11/2025;nov;25;ter;6;NOTURNO;31933;06:35:00;6,58;01:22:00;1,37;00:23:00;0,38; 41,00 ;39,00;16.840;16,84;2;2,558; 0,411 
25/11/2025;nov;25;ter;11;NOTURNO;32101;06:15:00;6,25;01:00:00;1,00;00:20:00;0,33; 38,00 ;22,00;19.010;19,01;2;3,042; 0,500 
25/11/2025;nov;25;ter;21;NOTURNO;32051;06:15:00;6,25;01:19:00;1,32;00:20:00;0,33; 47,00 ;26,00;11.370;11,37;2;1,819; 0,242 
26/11/2025;nov;26;qua;9;DIURNO;32048;04:22:00;4,37;01:00:00;1,00;00:38:00;0,63; 23,00 ;43,00;11.070;11,07;2;2,535; 0,481 
26/11/2025;nov;26;qua;13;DIURNO;32100;05:59:00;5,98;01:04:00;1,07;00:16:00;0,27; 40,00 ;35,00;10.550;10,55;1;1,763; 0,264 
26/11/2025;nov;26;qua;14;DIURNO;31933;04:40:00;4,67;00:55:00;0,92;00:10:00;0,17; 35,00 ;37,00;8.910;8,91;1;1,909; 0,255 
26/11/2025;nov;26;qua;16;DIURNO;32101;04:30:00;4,50;00:55:00;0,92;00:12:00;0,20; 27,00 ;29,00;9.820;9,82;1;2,182; 0,364 
26/11/2025;nov;26;qua;18;DIURNO;33024;08:38:00;8,63;01:42:00;1,70;00:30:00;0,50; 66,00 ;79,00;11.500;11,50;2;1,332; 0,174 
26/11/2025;nov;26;qua;20;DIURNO;33049;05:40:00;5,67;01:55:00;1,92;00:30:00;0,50; 40,00 ;56,00;12.440;12,44;2;2,195; 0,311 
26/11/2025;nov;26;qua;22;0;32051;04:00:00;4,00;01:15:00;1,25;00:30:00;0,50; -   ;11,00;29.410;29,41;3;7,353;#DIV/0!
26/11/2025;nov;26;qua;3;NOTURNO;32100;06:09:00;6,15;00:53:00;0,88;00:17:00;0,28; 43,00 ;26,00;13.900;13,90;2;2,260; 0,323 
26/11/2025;nov;26;qua;4;NOTURNO;33024;05:40:00;5,67;01:36:00;1,60;00:10:00;0,17; 49,00 ;17,00;10.400;10,40;1;1,835; 0,212 
26/11/2025;nov;26;qua;5;NOTURNO;31933;05:06:00;5,10;00:52:00;0,87;00:12:00;0,20; 30,00 ;23,00;10.630;10,63;1;2,084; 0,354 
26/11/2025;nov;26;qua;7;NOTURNO;32101;05:25:00;5,42;01:35:00;1,58;00:25:00;0,42; 34,00 ;43,00;11.780;11,78;2;2,175; 0,346 
26/11/2025;nov;26;qua;21;NOTURNO;32050;06:30:00;6,50;00:55:00;0,92;00:18:00;0,30; 46,00 ;28,00;10.820;10,82;2;1,665; 0,235 
24/11/2025;nov;24;seg;16;DIURNO;32101;08:49:00;8,82;02:54:00;2,90;00:52:00;0,87; 32,00 ;82,00;22.020;22,02;3;2,498; 0,688 
27/11/2025;nov;27;qui;8;DIURNO;32101;06:10:00;6,17;01:13:00;1,22;00:31:00;0,52; 31,00 ;43,00;12.950;12,95;2;2,100; 0,418 
27/11/2025;nov;27;qui;10;DIURNO;32048;05:35:00;5,58;00:45:00;0,75;00:35:00;0,58; 37,00 ;28,00;13.680;13,68;2;2,450; 0,370 
27/11/2025;nov;27;qui;12;DIURNO;32100;05:55:00;5,92;01:43:00;1,72;00:39:00;0,65; 33,00 ;49,00;13.860;13,86;2;2,343; 0,420 
27/11/2025;nov;27;qui;15;DIURNO;31933;04:45:00;4,75;00:55:00;0,92;00:20:00;0,33; 40,00 ;15,00;13.960;13,96;2;2,939; 0,349 
27/11/2025;nov;27;qui;17;DIURNO;33049;04:55:00;4,92;00:15:00;0,25;00:10:00;0,17; 40,00 ;5,00;8.650;8,65;1;1,759; 0,216 
27/11/2025;nov;27;qui;17;DIURNO;32049;01:50:00;1,83;00:20:00;0,33;00:10:00;0,17; 8,00 ;8,00;6.430;6,43;1;3,507; 0,804 
27/11/2025;nov;27;qui;19;DIURNO;33024;06:05:00;6,08;00:32:00;0,53;00:18:00;0,30; 51,00 ;19,00;11.970;11,97;1;1,968; 0,235 
27/11/2025;nov;27;qui;22;0;32051;01:55:00;1,92;01:05:00;1,08;00:55:00;0,92; 1,00 ;23,00;20.650;20,65;3;10,774; 20,650 
27/11/2025;nov;27;qui;1;NOTURNO;32100;05:44:00;5,73;01:15:00;1,25;00:19:00;0,32; 35,00 ;32,00;13.110;13,11;2;2,287; 0,375 
27/11/2025;nov;27;qui;2;NOTURNO;33024;07:09:00;7,15;00:46:00;0,77;00:09:00;0,15; 45,00 ;16,00;10.240;10,24;1;1,432; 0,228 
27/11/2025;nov;27;qui;6;NOTURNO;31933;06:44:00;6,73;01:04:00;1,07;00:11:00;0,18; 40,00 ;19,00;10.850;10,85;1;1,611; 0,271 
27/11/2025;nov;27;qui;11;NOTURNO;32101;05:45:00;5,75;01:00:00;1,00;00:35:00;0,58; 38,00 ;22,00;11.990;11,99;2;2,085; 0,316 
27/11/2025;nov;27;qui;21;NOTURNO;32049;06:36:00;6,60;00:52:00;0,87;00:19:00;0,32; 42,00 ;31,00;10.660;10,66;2;1,615; 0,254 
28/11/2025;nov;28;sex;9;DIURNO;32050;00:40:00;0,67;00:40:00;0,67;00:10:00;0,17; 5,00 ;20,00;9.920;9,92;1;14,880; 1,984 
28/11/2025;nov;28;sex;13;DIURNO;32100;06:05:00;6,08;01:55:00;1,92;00:32:00;0,53; 42,00 ;58,00;11.970;11,97;2;1,968; 0,285 
28/11/2025;nov;28;sex;14;DIURNO;31933;05:35:00;5,58;00:55:00;0,92;00:15:00;0,25; 35,00 ;39,00;11.030;11,03;1;1,976; 0,315 
28/11/2025;nov;28;sex;16;DIURNO;32101;05:20:00;5,33;01:46:00;1,77;00:29:00;0,48; 26,00 ;65,00;13.260;13,26;2;2,486; 0,510 
28/11/2025;nov;28;sex;18;DIURNO;3024;07:06:00;7,10;02:08:00;2,13;00:21:00;0,35; 59,00 ;84,00;13.840;13,84;2;1,949; 0,235 
28/11/2025;nov;28;sex;20;DIURNO;32048;06:55:00;6,92;01:42:00;1,70;00:28:00;0,47; 41,00 ;52,00;13.960;13,96;2;2,018; 0,340 
28/11/2025;nov;28;sex;22;0;32051;00:55:00;0,92;01:15:00;1,25;00:50:00;0,83; -   ;10,00;28.160;28,16;4;30,720;#DIV/0!
28/11/2025;nov;28;sex;3;NOTURNO;32100;07:02:00;7,03;00:58:00;0,97;00:18:00;0,30; 43,00 ;26,00;15.210;15,21;2;2,163; 0,354 
28/11/2025;nov;28;sex;4;NOTURNO;33024;07:12:00;7,20;00:14:00;0,23;00:10:00;0,17; 45,00 ;20,00;10.480;10,48;1;1,456; 0,233 
28/11/2025;nov;28;sex;5;NOTURNO;31933;05:51:00;5,85;00:51:00;0,85;00:12:00;0,20; 31,00 ;21,00;11.540;11,54;1;1,973; 0,372 
28/11/2025;nov;28;sex;7;NOTURNO;32101;05:30:00;5,50;01:35:00;1,58;00:40:00;0,67; 35,00 ;41,00;13.140;13,14;2;2,389; 0,375 
28/11/2025;nov;28;sex;21;NOTURNO;32048;06:49:00;6,82;00:58:00;0,97;00:22:00;0,37; 47,00 ;27,00;11.690;11,69;2;1,715; 0,249 
29/11/2025;nov;29;sáb;8;DIURNO;32101;06:40:00;6,67;01:14:00;1,23;00:27:00;0,45; 29,00 ;44,00;13.900;13,90;2;2,085; 0,479 
29/11/2025;nov;29;sáb;10;DIURNO;32049;05:55:00;5,92;00:38:00;0,63;00:27:00;0,45; 36,00 ;28,00;13.870;13,87;2;2,344; 0,385 
29/11/2025;nov;29;sáb;12;DIURNO;32100;06:12:00;6,20;01:57:00;1,95;00:44:00;0,73; 36,00 ;46,00;15.600;15,60;2;2,516; 0,433 
29/11/2025;nov;29;sáb;15;DIURNO;31933;06:25:00;6,42;00:50:00;0,83;00:20:00;0,33; 43,00 ;15,00;15.470;15,47;2;2,411; 0,360 
29/11/2025;nov;29;sáb;17;DIURNO;32050;07:07:00;7,12;00:49:00;0,82;00:44:00;0,73; 33,00 ;30,00;16.130;16,13;3;2,267; 0,489 
29/11/2025;nov;29;sáb;19;DIURNO;33024;06:53:00;6,88;01:06:00;1,10;00:21:00;0,35; 52,00 ;33,00;13.730;13,73;2;1,995; 0,264 
29/11/2025;nov;29;sáb;1;NOTURNO;32100;06:30:00;6,50;01:03:00;1,05;00:20:00;0,33; 36,00 ;31,00;14.080;14,08;2;2,166; 0,391 
29/11/2025;nov;29;sáb;2;NOTURNO;33024;06:18:00;6,30;00:32:00;0,53;00:14:00;0,23; 45,00 ;16,00;10.090;10,09;1;1,602; 0,224 
29/11/2025;nov;29;sáb;6;NOTURNO;31933;06:56:00;6,93;00:44:00;0,73;00:18:00;0,30; 40,00 ;19,00;9.980;9,98;1;1,439; 0,250 
29/11/2025;nov;29;sáb;11;NOTURNO;32101;05:05:00;5,08;01:00:00;1,00;00:20:00;0,33; 39,00 ;22,00;10.670;10,67;2;2,099; 0,274 
29/11/2025;nov;29;sáb;21;NOTURNO;32048;06:23:00;6,38;01:06:00;1,10;00:22:00;0,37; 48,00 ;26,00;9.850;9,85;2;1,543; 0,205 
01/12/2025;dez;1;seg;9;DIURNO;33048;08:25:00;8,42;01:37:00;1,62;00:38:00;0,63; 32,00 ;62,00;22.350;22,35;3;2,655; 0,698 
01/12/2025;dez;1;seg;13;DIURNO;32051;03:04:00;3,07;01:01:00;1,02;00:18:00;0,30; 17,00 ;35,00;6.500;6,50;1;2,120; 0,382 
01/12/2025;dez;1;seg;13;DIURNO;32100;04:47:00;4,78;01:11:00;1,18;00:14:00;0,23; 25,00 ;37,00;10.700;10,70;1;2,237; 0,428 
01/12/2025;dez;1;seg;14;DIURNO;31933;06:00:00;6,00;02:00:00;2,00;00:25:00;0,42; 38,00 ;64,00;14.690;14,69;2;2,448; 0,387 
01/12/2025;dez;1;seg;16;DIURNO;32101;08:24:00;8,40;02:57:00;2,95;00:35:00;0,58; 32,00 ;82,00;21.650;21,65;3;2,577; 0,677 
01/12/2025;dez;1;seg;18;DIURNO;33024;06:13:00;6,22;01:52:00;1,87;00:23:00;0,38; 57,00 ;82,00;12.310;12,31;2;1,980; 0,216 
01/12/2025;dez;1;seg;20;DIURNO;32048;07:49:00;7,82;01:37:00;1,62;00:34:00;0,57; 42,00 ;51,00;17.530;17,53;2;2,243; 0,417 
01/12/2025;dez;1;seg;22;0;32050;05:00:00;5,00;01:45:00;1,75;00:30:00;0,50; 25,00 ;64,00;7.010;7,01;2;1,402; 0,280 
01/12/2025;dez;1;seg;3;NOTURNO;32050;07:31:00;7,52;01:23:00;1,38;00:31:00;0,52; 42,00 ;39,00;19.310;19,31;3;2,569; 0,460 
01/12/2025;dez;1;seg;4;NOTURNO;33024;09:27:00;9,45;01:03:00;1,05;00:24:00;0,40; 51,00 ;31,00;14.980;14,98;2;1,585; 0,294 
01/12/2025;dez;1;seg;5;NOTURNO;33048;07:27:00;7,45;01:16:00;1,27;00:25:00;0,42; 33,00 ;41,00;16.570;16,57;2;2,224; 0,502 
01/12/2025;dez;1;seg;7;NOTURNO;32051;03:15:00;3,25;00:45:00;0,75;00:15:00;0,25; 13,00 ;21,00;8.510;8,51;1;2,618; 0,655 
01/12/2025;dez;1;seg;7;NOTURNO;32101;03:45:00;3,75;00:48:00;0,80;00:15:00;0,25; 21,00 ;20,00;8.540;8,54;1;2,277; 0,407 
01/12/2025;dez;1;seg;21;NOTURNO;31933;08:27:00;8,45;00:57:00;0,95;00:27:00;0,45; 46,00 ;27,00;18.770;18,77;2;2,221; 0,408 
02/12/2025;dez;2;ter;8;DIURNO;32101;08:53:00;8,88;02:03:00;2,05;00:36:00;0,60; 33,00 ;65,00;19.940;19,94;3;2,245; 0,604 
02/12/2025;dez;2;ter;10;DIURNO;33048;07:50:00;7,83;01:06:00;1,10;00:44:00;0,73; 37,00 ;28,00;20.750;20,75;2;2,649; 0,561 
02/12/2025;dez;2;ter;12;DIURNO;32100;08:18:00;8,30;02:23:00;2,38;00:56:00;0,93; 47,00 ;67,00;23.510;23,51;3;2,833; 0,500 
02/12/2025;dez;2;ter;15;DIURNO;32050;06:05:00;6,08;03:40:00;3,67;00:45:00;0,75; 33,00 ;33,00;23.310;23,31;4;3,832; 0,706 
02/12/2025;dez;2;ter;17;DIURNO;32048;08:39:00;8,65;02:36:00;2,60;00:40:00;0,67; 37,00 ;20,00;28.270;28,27;4;3,268; 0,764 
02/12/2025;dez;2;ter;19;DIURNO;33024;06:35:00;6,58;01:34:00;1,57;00:22:00;0,37; 47,00 ;40,00;18.500;18,50;2;2,810; 0,394 
02/12/2025;dez;2;ter;22;0;32051;00:27:00;0,45;00:38:00;0,63;00:15:00;0,25; -   ;11,00;1.800;1,80;1;4,000;#DIV/0!
02/12/2025;dez;2;ter;1;NOTURNO;31933;06:55:00;6,92;01:18:00;1,30;00:25:00;0,42; 35,00 ;33,00;18.280;18,28;2;2,643; 0,522 
02/12/2025;dez;2;ter;2;NOTURNO;33024;06:10:00;6,17;00:55:00;0,92;00:10:00;0,17; 25,00 ;16,00;9.690;9,69;1;1,571; 0,388 
02/12/2025;dez;2;ter;2;NOTURNO;32048;02:37:00;2,62;00:31:00;0,52;00:15:00;0,25; 18,00 ;19,00;5.970;5,97;1;2,282; 0,332 
02/12/2025;dez;2;ter;6;NOTURNO;33048;07:46:00;7,77;01:38:00;1,63;00:25:00;0,42; 41,00 ;39,00;17.120;17,12;2;2,204; 0,418 
02/12/2025;dez;2;ter;11;NOTURNO;32051;04:55:00;4,92;04:15:00;4,25;00:40:00;0,67; 32,00 ;41,00;19.630;19,63;3;3,993; 0,613 
02/12/2025;dez;2;ter;21;NOTURNO;32100;06:41:00;6,68;01:08:00;1,13;00:31:00;0,52; 47,00 ;27,00;10.890;10,89;2;1,629; 0,232 
03/12/2025;dez;3;qua;9;DIURNO;32051;06:00:00;6,00;01:05:00;1,08;00:25:00;0,42; 31,00 ;40,00;13.430;13,43;2;2,238; 0,433 
03/12/2025;dez;3;qua;13;DIURNO;32100;05:36:00;5,60;00:55:00;0,92;00:18:00;0,30; 42,00 ;34,00;10.150;10,15;1;1,813; 0,242 
03/12/2025;dez;3;qua;14;DIURNO;31933;04:30:00;4,50;01:00:00;1,00;00:10:00;0,17; 34,00 ;38,00;9.210;9,21;1;2,047; 0,271 
03/12/2025;dez;3;qua;16;DIURNO;32050;06:41:00;6,68;02:02:00;2,03;00:27:00;0,45; 31,00 ;52,00;13.420;13,42;2;2,008; 0,433 
03/12/2025;dez;3;qua;18;DIURNO;33024;04:34:00;4,57;01:05:00;1,08;00:11:00;0,18; 55,00 ;49,00;8.300;8,30;1;1,818; 0,151 
03/12/2025;dez;3;qua;20;DIURNO;32048;05:15:00;5,25;01:40:00;1,67;00:20:00;0,33; 44,00 ;50,00;12.020;12,02;2;2,290; 0,273 
03/12/2025;dez;3;qua;3;NOTURNO;32100;07:16:00;7,27;00:44:00;0,73;00:18:00;0,30; 42,00 ;26,00;13.920;13,92;2;1,916; 0,331 
03/12/2025;dez;3;qua;4;NOTURNO;33024;09:31:00;9,52;00:43:00;0,72;00:11:00;0,18; 46,00 ;20,00;10.890;10,89;1;1,144; 0,237 
03/12/2025;dez;3;qua;5;NOTURNO;33048;06:03:00;6,05;00:50:00;0,83;00:11:00;0,18; 31,00 ;23,00;10.640;10,64;1;1,759; 0,343 
03/12/2025;dez;3;qua;7;NOTURNO;32051;05:20:00;5,33;01:50:00;1,83;00:25:00;0,42; 36,00 ;45,00;12.080;12,08;2;2,265; 0,336 
03/12/2025;dez;3;qua;21;NOTURNO;32048;06:44:00;6,73;01:01:00;1,02;00:26:00;0,43; 47,00 ;28,00;10.710;10,71;2;1,591; 0,228 
04/12/2025;dez;4;qui;8;DIURNO;32051;05:35:00;5,58;01:35:00;1,58;00:20:00;0,33; 30,00 ;46,00;12.650;12,65;2;2,266; 0,422 
04/12/2025;dez;4;qui;10;DIURNO;33048;05:41:00;5,68;00:51:00;0,85;00:33:00;0,55; 37,00 ;26,00;13.400;13,40;2;2,358; 0,362 
04/12/2025;dez;4;qui;12;DIURNO;32100;05:36:00;5,60;01:33:00;1,55;00:27:00;0,45; 34,00 ;55,00;13.950;13,95;2;2,491; 0,410 
04/12/2025;dez;4;qui;15;DIURNO;31933;05:00:00;5,00;00:55:00;0,92;00:35:00;0,58; 38,00 ;19,00;14.050;14,05;2;2,810; 0,370 
04/12/2025;dez;4;qui;17;DIURNO;32048;07:00:00;7,00;00:45:00;0,75;00:15:00;0,25; 50,00 ;16,00;17.740;17,74;2;2,534; 0,355 
04/12/2025;dez;4;qui;19;DIURNO;33024;04:28:00;4,47;00:32:00;0,53;00:14:00;0,23; 45,00 ;17,00;10.070;10,07;1;2,254; 0,224 
04/12/2025;dez;4;qui;22;0;32050;02:20:00;2,33;01:10:00;1,17;00:10:00;0,17; 26,00 ;34,00;3.070;3,07;1;1,316; 0,118 
04/12/2025;dez;4;qui;1;NOTURNO;32100;06:48:00;6,80;01:08:00;1,13;00:19:00;0,32; 36,00 ;32,00;14.020;14,02;2;2,062; 0,389 
04/12/2025;dez;4;qui;2;NOTURNO;33024;06:46:00;6,77;00:29:00;0,48;00:11:00;0,18; 45,00 ;17,00;10.930;10,93;1;1,615; 0,243 
04/12/2025;dez;4;qui;6;NOTURNO;33048;06:29:00;6,48;00:56:00;0,93;00:12:00;0,20; 40,00 ;20,00;11.190;11,19;1;1,726; 0,280 
04/12/2025;dez;4;qui;11;NOTURNO;32051;05:50:00;5,83;01:00:00;1,00;00:15:00;0,25; 37,00 ;24,00;12.480;12,48;2;2,139; 0,337 
04/12/2025;dez;4;qui;21;NOTURNO;32048;07:04:00;7,07;01:02:00;1,03;00:27:00;0,45; 46,00 ;28,00;11.870;11,87;2;1,680; 0,258 
05/12/2025;dez;5;sex;9;DIURNO;33048;06:30:00;6,50;01:00:00;1,00;00:20:00;0,33; 31,00 ;41,00;15.940;15,94;2;2,452; 0,514 
05/12/2025;dez;5;sex;13;DIURNO;32100;05:40:00;5,67;01:50:00;1,83;00:30:00;0,50; 41,00 ;50,00;13.840;13,84;2;2,442; 0,338 
05/12/2025;dez;5;sex;14;DIURNO;31933;06:30:00;6,50;01:00:00;1,00;00:25:00;0,42; 37,00 ;38,00;11.490;11,49;1;1,768; 0,311 
05/12/2025;dez;5;sex;16;DIURNO;32051;07:18:00;7,30;01:49:00;1,82;00:31:00;0,52; 31,00 ;52,00;15.170;15,17;2;2,078; 0,489 
05/12/2025;dez;5;sex;18;DIURNO;33024;04:33:00;4,55;01:13:00;1,22;00:12:00;0,20; 55,00 ;50,00;10.720;10,72;1;2,356; 0,195 
05/12/2025;dez;5;sex;20;DIURNO;32048;06:20:00;6,33;01:35:00;1,58;00:25:00;0,42; 42,00 ;51,00;15.390;15,39;2;2,430; 0,366 
05/12/2025;dez;5;sex;3;NOTURNO;32100;07:52:00;7,87;00:44:00;0,73;00:19:00;0,32; 41,00 ;27,00;16.510;16,51;2;2,099; 0,403 
05/12/2025;dez;5;sex;4;NOTURNO;33024;07:44:00;7,73;00:35:00;0,58;00:10:00;0,17; 48,00 ;19,00;11.170;11,17;1;1,444; 0,233 
05/12/2025;dez;5;sex;5;NOTURNO;33048;06:23:00;6,38;00:51:00;0,85;00:22:00;0,37; 31,00 ;22,00;12.760;12,76;1;1,999; 0,412 
05/12/2025;dez;5;sex;7;NOTURNO;32101;07:05:00;7,08;01:18:00;1,30;00:36:00;0,60; 37,00 ;42,00;14.080;14,08;2;1,988; 0,381 
05/12/2025;dez;5;sex;21;NOTURNO;32048;08:02:00;8,03;01:06:00;1,10;00:27:00;0,45; 48,00 ;29,00;12.430;12,43;2;1,547; 0,259 
06/12/2025;dez;6;sáb;8;DIURNO;32101;06:43:00;6,72;01:23:00;1,38;00:22:00;0,37; 32,00 ;42,00;14.970;14,97;2;2,229; 0,468 
06/12/2025;dez;6;sáb;10;DIURNO;33048;06:43:00;6,72;00:57:00;0,95;00:25:00;0,42; 36,00 ;28,00;14.540;14,54;2;2,165; 0,404 
06/12/2025;dez;6;sáb;12;DIURNO;32100;07:11:00;7,18;01:41:00;1,68;00:37:00;0,62; 36,00 ;53,00;17.790;17,79;2;2,477; 0,494 
06/12/2025;dez;6;sáb;15;DIURNO;31933;06:35:00;6,58;01:05:00;1,08;00:20:00;0,33; 36,00 ;21,00;17.340;17,34;2;2,634; 0,482 
06/12/2025;dez;6;sáb;17;DIURNO;32048;08:34:00;8,57;00:50:00;0,83;00:31:00;0,52; 56,00 ;19,00;20.100;20,10;3;2,346; 0,359 
06/12/2025;dez;6;sáb;19;DIURNO;33024;05:56:00;5,93;00:57:00;0,95;00:14:00;0,23; 43,00 ;22,00;13.010;13,01;1;2,193; 0,303 
06/12/2025;dez;6;sáb;1;NOTURNO;31933;07:41:00;7,68;01:15:00;1,25;00:20:00;0,33; 36,00 ;30,00;14.940;14,94;2;1,944; 0,415 
06/12/2025;dez;6;sáb;2;NOTURNO;33024;08:01:00;8,02;00:39:00;0,65;00:20:00;0,33; 43,00 ;15,00;10.770;10,77;1;1,343; 0,250 
06/12/2025;dez;6;sáb;6;NOTURNO;33048;06:41:00;6,68;00:54:00;0,90;00:10:00;0,17; 40,00 ;19,00;11.670;11,67;1;1,746; 0,292 
06/12/2025;dez;6;sáb;11;NOTURNO;32101;06:45:00;6,75;01:05:00;1,08;00:25:00;0,42; 39,00 ;22,00;12.840;12,84;2;1,902; 0,329 
06/12/2025;dez;6;sáb;21;NOTURNO;32050;08:17:00;8,28;01:05:00;1,08;00:24:00;0,40; 46,00 ;30,00;10.710;10,71;2;1,293; 0,233 
08/12/2025;dez;8;seg;9;DIURNO;32051;02:27:00;2,45;00:33:00;0,55;00:10:00;0,17; 10,00 ;19,00;6.970;6,97;1;2,845; 0,697 
08/12/2025;dez;8;seg;9;DIURNO;33048;05:45:00;5,75;01:01:00;1,02;00:29:00;0,48; 22,00 ;41,00;15.380;15,38;2;2,675; 0,699 
08/12/2025;dez;8;seg;13;DIURNO;32100;07:47:00;7,78;01:47:00;1,78;00:39:00;0,65; 40,00 ;59,00;18.030;18,03;2;2,316; 0,451 
08/12/2025;dez;8;seg;14;DIURNO;31933;07:25:00;7,42;01:59:00;1,98;00:51:00;0,85; 37,00 ;65,00;15.620;15,62;2;2,106; 0,422 
08/12/2025;dez;8;seg;16;DIURNO;32101;08:45:00;8,75;03:37:00;3,62;00:47:00;0,78; 32,00 ;83,00;22.730;22,73;3;2,598; 0,710 
08/12/2025;dez;8;seg;18;DIURNO;32050;06:06:00;6,10;01:58:00;1,97;00:27:00;0,45; 39,00 ;83,00;12.950;12,95;2;2,123; 0,332 
08/12/2025;dez;8;seg;18;DIURNO;32051;00:48:00;0,80;01:22:00;1,37;00:11:00;0,18; 11,00 ;65,00;1.420;1,42;1;1,775; 0,129 
08/12/2025;dez;8;seg;20;DIURNO;32048;06:15:00;6,25;01:45:00;1,75;00:20:00;0,33; 43,00 ;50,00;17.580;17,58;2;2,813; 0,409 
08/12/2025;dez;8;seg;3;NOTURNO;31933;08:33:00;8,55;00:56:00;0,93;00:22:00;0,37; 41,00 ;25,00;21.420;21,42;2;2,505; 0,522 
08/12/2025;dez;8;seg;4;NOTURNO;33024;08:22:00;8,37;01:08:00;1,13;00:33:00;0,55; 47,00 ;33,00;15.410;15,41;2;1,842; 0,328 
08/12/2025;dez;8;seg;5;NOTURNO;33048;06:13:00;6,22;01:31:00;1,52;00:27:00;0,45; 31,00 ;43,00;16.940;16,94;2;2,725; 0,546 
08/12/2025;dez;8;seg;7;NOTURNO;32100;03:55:00;3,92;00:55:00;0,92;00:10:00;0,17; 12,00 ;23,00;8.630;8,63;1;2,203; 0,719 
08/12/2025;dez;8;seg;7;NOTURNO;32101;03:40:00;3,67;00:45:00;0,75;00:20:00;0,33; 28,00 ;16,00;9.470;9,47;1;2,583; 0,338 
08/12/2025;dez;8;seg;21;NOTURNO;32048;09:37:00;9,62;01:01:00;1,02;00:37:00;0,62; 50,00 ;27,00;19.420;19,42;2;2,019; 0,388 
09/12/2025;dez;9;ter;8;DIURNO;32101;08:48:00;8,80;01:15:00;1,25;00:37:00;0,62; 34,00 ;42,00;20.310;20,31;2;2,308; 0,597 
09/12/2025;dez;9;ter;10;DIURNO;33048;08:05:00;8,08;01:25:00;1,42;00:40:00;0,67; 39,00 ;28,00;21.690;21,69;2;2,683; 0,556 
09/12/2025;dez;9;ter;12;DIURNO;32100;09:03:00;9,05;02:35:00;2,58;00:52:00;0,87; 36,00 ;76,00;24.280;24,28;3;2,683; 0,674 
09/12/2025;dez;9;ter;15;DIURNO;31933;07:29:00;7,48;02:01:00;2,02;00:30:00;0,50; 42,00 ;29,00;23.680;23,68;3;3,164; 0,564 
09/12/2025;dez;9;ter;17;DIURNO;32048;08:38:00;8,63;00:43:00;0,72;01:04:00;1,07; 56,00 ;17,00;26.640;26,64;3;3,086; 0,476 
09/12/2025;dez;9;ter;19;DIURNO;33024;06:40:00;6,67;01:05:00;1,08;00:27:00;0,45; 45,00 ;35,00;17.350;17,35;2;2,603; 0,386 
09/12/2025;dez;9;ter;22;0;32051;03:40:00;3,67;02:05:00;2,08;00:20:00;0,33; 25,00 ;32,00;6.790;6,79;2;1,852; 0,272 
09/12/2025;dez;9;ter;1;NOTURNO;31933;07:21:00;7,35;01:19:00;1,32;00:24:00;0,40; 35,00 ;31,00;18.020;18,02;2;2,452; 0,515 
09/12/2025;dez;9;ter;2;NOTURNO;33024;08:28:00;8,47;01:21:00;1,35;00:20:00;0,33; 44,00 ;33,00;16.650;16,65;2;1,967; 0,378 
09/12/2025;dez;9;ter;6;NOTURNO;33048;07:00:00;7,00;02:21:00;2,35;00:23:00;0,38; 41,00 ;40,00;16.330;16,33;2;2,333; 0,398 
09/12/2025;dez;9;ter;11;NOTURNO;32051;05:05:00;5,08;00:35:00;0,58;00:10:00;0,17; 17,00 ;12,00;9.240;9,24;1;1,818; 0,544 
09/12/2025;dez;9;ter;11;NOTURNO;32101;03:30:00;3,50;00:30:00;0,50;00:15:00;0,25; 21,00 ;14,00;9.150;9,15;1;2,614; 0,436 
09/12/2025;dez;9;ter;21;NOTURNO;32048;06:18:00;6,30;00:56:00;0,93;00:29:00;0,48; 39,00 ;29,00;8.730;8,73;1;1,386; 0,224 
09/12/2025;dez;9;ter;21;NOTURNO;32051;01:18:00;1,30;00:38:00;0,63;00:15:00;0,25; 10,00 ;18,00;1.960;1,96;1;1,508; 0,196 
10/12/2025;dez;10;qua;9;DIURNO;33048;04:10:00;4,17;00:21:00;0,35;00:09:00;0,15; 27,00 ;17,00;11.010;11,01;1;2,642; 0,408 
10/12/2025;dez;10;qua;13;DIURNO;32100;05:16:00;5,27;01:10:00;1,17;00:19:00;0,32; 41,00 ;35,00;9.570;9,57;1;1,817; 0,233 
10/12/2025;dez;10;qua;14;DIURNO;31933;04:35:00;4,58;00:55:00;0,92;00:15:00;0,25; 35,00 ;38,00;8.860;8,86;1;1,933; 0,253 
10/12/2025;dez;10;qua;16;DIURNO;32101;06:22:00;6,37;01:52:00;1,87;00:24:00;0,40; 30,00 ;56,00;11.670;11,67;2;1,833; 0,389 
10/12/2025;dez;10;qua;18;DIURNO;33024;05:33:00;5,55;02:39:00;2,65;00:30:00;0,50; 45,00 ;81,00;10.620;10,62;2;1,914; 0,236 
10/12/2025;dez;10;qua;20;DIURNO;32051;05:40:00;5,67;01:55:00;1,92;00:25:00;0,42; 42,00 ;51,00;12.280;12,28;2;2,167; 0,292 
10/12/2025;dez;10;qua;3;NOTURNO;31933;08:07:00;8,12;01:12:00;1,20;00:22:00;0,37; 42,00 ;26,00;15.580;15,58;2;1,920; 0,371 
10/12/2025;dez;10;qua;4;NOTURNO;33024;07:54:00;7,90;00:28:00;0,47;00:22:00;0,37; 50,00 ;17,00;10.970;10,97;1;1,389; 0,219 
10/12/2025;dez;10;qua;5;NOTURNO;33048;05:44:00;5,73;01:00:00;1,00;00:11:00;0,18; 32,00 ;21,00;10.860;10,86;1;1,894; 0,339 
10/12/2025;dez;10;qua;7;NOTURNO;32101;07:30:00;7,50;01:50:00;1,83;00:20:00;0,33; 34,00 ;42,00;12.870;12,87;2;1,716; 0,379 
10/12/2025;dez;10;qua;21;NOTURNO;32051;09:07:00;9,12;00:59:00;0,98;00:38:00;0,63; 48,00 ;28,00;12.800;12,80;2;1,404; 0,267 
11/12/2025;dez;11;qui;8;DIURNO;32101;07:57:00;7,95;01:13:00;1,22;00:34:00;0,57; 34,00 ;41,00;15.450;15,45;2;1,943; 0,454 
11/12/2025;dez;11;qui;10;DIURNO;33048;06:55:00;6,92;00:55:00;0,92;00:50:00;0,83; 39,00 ;26,00;16.640;16,64;2;2,406; 0,427 
11/12/2025;dez;11;qui;12;DIURNO;32100;06:58:00;6,97;01:41:00;1,68;00:29:00;0,48; 35,00 ;51,00;16.730;16,73;2;2,401; 0,478 
11/12/2025;dez;11;qui;15;DIURNO;31933;06:15:00;6,25;00:50:00;0,83;00:20:00;0,33; 41,00 ;16,00;17.480;17,48;2;2,797; 0,426 
11/12/2025;dez;11;qui;17;DIURNO;32051;06:56:00;6,93;00:41:00;0,68;00:40:00;0,67; 46,00 ;15,00;16.210;16,21;2;2,338; 0,352 
11/12/2025;dez;11;qui;19;DIURNO;33024;06:57:00;6,95;00:57:00;0,95;00:22:00;0,37; 55,00 ;31,00;16.480;16,48;2;2,371; 0,300 
11/12/2025;dez;11;qui;1;NOTURNO;32100;07:50:00;7,83;01:05:00;1,08;00:22:00;0,37; 38,00 ;31,00;15.920;15,92;2;2,032; 0,419 
11/12/2025;dez;11;qui;2;NOTURNO;33024;09:18:00;9,30;01:03:00;1,05;00:23:00;0,38; 45,00 ;35,00;12.590;12,59;2;1,354; 0,280 
11/12/2025;dez;11;qui;6;NOTURNO;33048;07:28:00;7,47;01:11:00;1,18;00:46:00;0,77; 40,00 ;20,00;12.990;12,99;1;1,740; 0,325 
11/12/2025;dez;11;qui;11;NOTURNO;32101;07:50:00;7,83;00:55:00;0,92;00:20:00;0,33; 39,00 ;22,00;14.260;14,26;2;1,820; 0,366 
11/12/2025;dez;11;qui;21;NOTURNO;32050;06:35:00;6,58;01:04:00;1,07;00:33:00;0,55; 46,00 ;28,00;11.560;11,56;2;1,756; 0,251 
12/12/2025;dez;12;sex;9;DIURNO;32051;07:10:00;7,17;01:29:00;1,48;00:51:00;0,85; 33,00 ;63,00;19.840;19,84;3;2,768; 0,601 
12/12/2025;dez;12;sex;13;DIURNO;32100;07:03:00;7,05;01:57:00;1,95;00:42:00;0,70; 42,00 ;58,00;14.890;14,89;2;2,112; 0,355 
12/12/2025;dez;12;sex;14;DIURNO;31933;06:45:00;6,75;01:05:00;1,08;00:20:00;0,33; 36,00 ;38,00;11.760;11,76;1;1,742; 0,327 
12/12/2025;dez;12;sex;16;DIURNO;32101;08:59:00;8,98;01:53:00;1,88;00:24:00;0,40; 34,00 ;53,00;18.550;18,55;2;2,065; 0,546 
12/12/2025;dez;12;sex;18;DIURNO;33024;05:13:00;5,22;01:14:00;1,23;00:15:00;0,25; 52,00 ;51,00;11.130;11,13;1;2,134; 0,214 
12/12/2025;dez;12;sex;20;DIURNO;32048;06:31:00;6,52;02:04:00;2,07;00:20:00;0,33; 42,00 ;51,00;16.290;16,29;2;2,500; 0,388 
12/12/2025;dez;12;sex;22;0;32049;03:43:00;3,72;00:56:00;0,93;00:22:00;0,37; 25,00 ;22,00;4.460;4,46;1;1,200; 0,178 
12/12/2025;dez;12;sex;3;NOTURNO;32100;08:23:00;8,38;00:58:00;0,97;00:25:00;0,42; 44,00 ;26,00;17.290;17,29;2;2,062; 0,393 
12/12/2025;dez;12;sex;4;NOTURNO;33024;07:41:00;7,68;00:48:00;0,80;00:10:00;0,17; 47,00 ;17,00;11.520;11,52;1;1,499; 0,245 
12/12/2025;dez;12;sex;5;NOTURNO;31933;06:23:00;6,38;00:51:00;0,85;00:15:00;0,25; 30,00 ;21,00;11.980;11,98;1;1,877; 0,399 
12/12/2025;dez;12;sex;5;NOTURNO;32101;01:06:00;1,10;00:49:00;0,82;00:10:00;0,17; 3,00 ;23,00;1.150;1,15;1;1,045; 0,383 
12/12/2025;dez;12;sex;7;NOTURNO;32051;06:35:00;6,58;01:45:00;1,75;00:20:00;0,33; 36,00 ;41,00;14.230;14,23;2;2,162; 0,395 
12/12/2025;dez;12;sex;21;NOTURNO;32050;07:33:00;7,55;00:59:00;0,98;00:25:00;0,42; 46,00 ;27,00;12.320;12,32;2;1,632; 0,268 
13/12/2025;dez;13;sáb;8;DIURNO;32101;08:32:00;8,53;01:25:00;1,42;00:29:00;0,48; 33,00 ;44,00;16.210;16,21;2;1,900; 0,491 
13/12/2025;dez;13;sáb;10;DIURNO;32051;05:40:00;5,67;01:00:00;1,00;00:30:00;0,50; 36,00 ;28,00;14.500;14,50;2;2,559; 0,403 
13/12/2025;dez;13;sáb;12;DIURNO;32100;07:56:00;7,93;01:38:00;1,63;00:31:00;0,52; 33,00 ;52,00;18.470;18,47;2;2,328; 0,560 
13/12/2025;dez;13;sáb;15;DIURNO;32050;06:20:00;6,33;01:05:00;1,08;00:30:00;0,50; 42,00 ;26,00;17.190;17,19;3;2,714; 0,409 
13/12/2025;dez;13;sáb;17;DIURNO;32048;08:20:00;8,33;01:20:00;1,33;00:30:00;0,50; 49,00 ;20,00;21.870;21,87;3;2,624; 0,446 
13/12/2025;dez;13;sáb;19;DIURNO;33024;05:35:00;5,58;00:35:00;0,58;00:10:00;0,17; 43,00 ;21,00;12.320;12,32;1;2,207; 0,287 
13/12/2025;dez;13;sáb;1;NOTURNO;32049;07:56:00;7,93;00:57:00;0,95;00:30:00;0,50; 33,00 ;32,00;14.830;14,83;2;1,869; 0,449 
13/12/2025;dez;13;sáb;2;NOTURNO;33024;09:14:00;9,23;00:37:00;0,62;00:14:00;0,23; 42,00 ;16,00;10.710;10,71;1;1,160; 0,255 
13/12/2025;dez;13;sáb;6;NOTURNO;31933;06:58:00;6,97;00:47:00;0,78;00:13:00;0,22; 41,00 ;22,00;12.480;12,48;1;1,791; 0,304 
13/12/2025;dez;13;sáb;11;NOTURNO;32050;05:35:00;5,58;01:10:00;1,17;00:30:00;0,50; 38,00 ;25,00;12.530;12,53;2;2,244; 0,330 
13/12/2025;dez;13;sáb;21;NOTURNO;32051;06:30:00;6,50;00:25:00;0,42;00:11:00;0,18; 47,00 ;14,00;9.060;9,06;1;1,394; 0,193 
15/12/2025;dez;15;seg;9;DIURNO;33048;07:55:00;7,92;01:41:00;1,68;00:39:00;0,65; 24,00 ;74,00;24.300;24,30;3;3,069; 1,013 
15/12/2025;dez;15;seg;13;DIURNO;32100;07:52:00;7,87;01:36:00;1,60;00:40:00;0,67; 40,00 ;59,00;18.220;18,22;2;2,316; 0,456 
15/12/2025;dez;15;seg;14;DIURNO;31933;10:45:00;10,75;02:00:00;2,00;00:30:00;0,50; 42,00 ;64,00;16.730;16,73;2;1,556; 0,398 
15/12/2025;dez;15;seg;16;DIURNO;32101;10:21:00;10,35;02:59:00;2,98;00:35:00;0,58; 36,00 ;75,00;24.020;24,02;3;2,321; 0,667 
15/12/2025;dez;15;seg;18;DIURNO;33024;07:53:00;7,88;02:00:00;2,00;00:26:00;0,43; 62,00 ;78,00;15.280;15,28;2;1,938; 0,246 
15/12/2025;dez;15;seg;20;DIURNO;32048;06:59:00;6,98;01:54:00;1,90;00:28:00;0,47; 41,00 ;54,00;19.030;19,03;2;2,725; 0,464 
15/12/2025;dez;15;seg;22;0;32051;03:03:00;3,05;00:36:00;0,60;00:13:00;0,22; 25,00 ;12,00;3.130;3,13;1;1,026; 0,125 
15/12/2025;dez;15;seg;3;NOTURNO;32100;03:54:00;3,90;00:47:00;0,78;00:12:00;0,20; 18,00 ;25,00;9.720;9,72;1;2,492; 0,540 
15/12/2025;dez;15;seg;3;NOTURNO;31933;03:47:00;3,78;00:20:00;0,33;00:13:00;0,22; 24,00 ;12,00;9.740;9,74;1;2,574; 0,406 
15/12/2025;dez;15;seg;4;NOTURNO;33024;08:43:00;8,72;01:09:00;1,15;00:30:00;0,50; 49,00 ;31,00;16.420;16,42;2;1,884; 0,335 
15/12/2025;dez;15;seg;5;NOTURNO;33048;10:35:00;10,58;01:31:00;1,52;00:23:00;0,38; 33,00 ;42,00;18.050;18,05;2;1,706; 0,547 
15/12/2025;dez;15;seg;7;NOTURNO;32051;03:50:00;3,83;01:00:00;1,00;00:10:00;0,17; 12,00 ;22,00;8.430;8,43;1;2,199; 0,703 
15/12/2025;dez;15;seg;7;NOTURNO;32101;04:20:00;4,33;00:45:00;0,75;00:15:00;0,25; 22,00 ;23,00;10.370;10,37;1;2,393; 0,471 
15/12/2025;dez;15;seg;21;NOTURNO;32048;08:53:00;8,88;01:12:00;1,20;00:38:00;0,63; 47,00 ;27,00;19.380;19,38;2;2,182; 0,412 
16/12/2025;dez;16;ter;8;DIURNO;32101;10:25:00;10,42;01:35:00;1,58;00:46:00;0,77; 33,00 ;64,00;23.120;23,12;3;2,220; 0,701 
16/12/2025;dez;16;ter;10;DIURNO;33048;08:20:00;8,33;02:10:00;2,17;00:40:00;0,67; 39,00 ;46,00;24.200;24,20;4;2,904; 0,621 
16/12/2025;dez;16;ter;12;DIURNO;32100;09:36:00;9,60;02:39:00;2,65;00:56:00;0,93; 41,00 ;73,00;27.120;27,12;3;2,825; 0,661 
16/12/2025;dez;16;ter;15;DIURNO;31933;08:30:00;8,50;01:30:00;1,50;00:40:00;0,67; 40,00 ;30,00;27.300;27,30;3;3,212; 0,683 
16/12/2025;dez;16;ter;17;DIURNO;32048;09:25:00;9,42;03:15:00;3,25;00:45:00;0,75; 37,00 ;22,00;32.060;32,06;4;3,405; 0,866 
16/12/2025;dez;16;ter;19;DIURNO;32049;07:21:00;7,35;01:07:00;1,12;00:29:00;0,48; 42,00 ;38,00;18.120;18,12;2;2,465; 0,431 
16/12/2025;dez;16;ter;19;DIURNO;32051;01:33:00;1,55;00:32:00;0,53;00:09:00;0,15; 9,00 ;16,00;5.090;5,09;1;3,284; 0,566 
16/12/2025;dez;16;ter;1;NOTURNO;31933;08:11:00;8,18;01:00:00;1,00;00:26:00;0,43; 35,00 ;30,00;19.670;19,67;2;2,404; 0,562 
16/12/2025;dez;16;ter;2;NOTURNO;33024;09:32:00;9,53;01:22:00;1,37;00:22:00;0,37; 44,00 ;33,00;15.380;15,38;2;1,613; 0,350 
16/12/2025;dez;16;ter;6;NOTURNO;33048;06:41:00;6,68;01:10:00;1,17;00:15:00;0,25; 24,00 ;19,00;10.540;10,54;1;1,577; 0,439 
16/12/2025;dez;16;ter;6;NOTURNO;32048;03:08:00;3,13;00:41:00;0,68;00:10:00;0,17; 17,00 ;19,00;8.350;8,35;1;2,665; 0,491 
16/12/2025;dez;16;ter;11;NOTURNO;32051;09:45:00;9,75;01:25:00;1,42;00:40:00;0,67; 37,00 ;36,00;21.300;21,30;3;2,185; 0,576 
16/12/2025;dez;16;ter;21;NOTURNO;32101;09:12:00;9,20;01:24:00;1,40;00:30:00;0,50; 49,00 ;33,00;11.970;11,97;2;1,301; 0,244 
17/12/2025;dez;17;qua;9;DIURNO;33048;08:06:00;8,10;01:55:00;1,92;00:39:00;0,65; 35,00 ;55,00;13.480;13,48;3;1,664; 0,385 
17/12/2025;dez;17;qua;13;DIURNO;32100;09:30:00;9,50;00:58:00;0,97;00:14:00;0,23; 31,00 ;36,00;9.610;9,61;1;1,012; 0,310 
17/12/2025;dez;17;qua;13;DIURNO;32049;01:37:00;1,62;01:21:00;1,35;00:11:00;0,18; 11,00 ;33,00;3.070;3,07;1;1,899; 0,279 
17/12/2025;dez;17;qua;14;DIURNO;31933;08:05:00;8,08;01:00:00;1,00;00:10:00;0,17; 36,00 ;39,00;10.120;10,12;1;1,252; 0,281 
17/12/2025;dez;17;qua;16;DIURNO;32101;06:46:00;6,77;01:56:00;1,93;00:25:00;0,42; 31,00 ;59,00;11.830;11,83;2;1,748; 0,382 
17/12/2025;dez;17;qua;18;DIURNO;32051;03:09:00;3,15;00:56:00;0,93;00:15:00;0,25; 26,00 ;35,00;5.990;5,99;1;1,902; 0,230 
17/12/2025;dez;17;qua;18;DIURNO;32050;06:42:00;6,70;02:09:00;2,15;00:14:00;0,23; 41,00 ;73,00;7.790;7,79;1;1,163; 0,190 
17/12/2025;dez;17;qua;20;DIURNO;32048;04:25:00;4,42;01:10:00;1,17;00:15:00;0,25; 28,00 ;26,00;9.430;9,43;1;2,135; 0,337 
17/12/2025;dez;17;qua;20;DIURNO;33024;02:05:00;2,08;01:01:00;1,02;00:11:00;0,18; 16,00 ;25,00;4.310;4,31;1;2,069; 0,269 
17/12/2025;dez;17;qua;3;NOTURNO;31933;08:15:00;8,25;01:02:00;1,03;00:20:00;0,33; 43,00 ;25,00;15.020;15,02;2;1,821; 0,349 
17/12/2025;dez;17;qua;4;NOTURNO;33024;08:31:00;8,52;00:42:00;0,70;00:11:00;0,18; 53,00 ;17,00;11.330;11,33;1;1,330; 0,214 
17/12/2025;dez;17;qua;5;NOTURNO;32051;06:41:00;6,68;01:36:00;1,60;00:33:00;0,55; 30,00 ;45,00;10.980;10,98;2;1,643; 0,366 
17/12/2025;dez;17;qua;7;NOTURNO;32101;07:30:00;7,50;01:40:00;1,67;00:25:00;0,42; 35,00 ;41,00;13.080;13,08;2;1,744; 0,374 
17/12/2025;dez;17;qua;21;NOTURNO;32048;09:18:00;9,30;01:28:00;1,47;00:30:00;0,50; 48,00 ;28,00;11.500;11,50;2;1,237; 0,240 
18/12/2025;dez;18;qui;8;DIURNO;32101;07:40:00;7,67;01:19:00;1,32;00:25:00;0,42; 31,00 ;44,00;14.220;14,22;2;1,855; 0,459 
18/12/2025;dez;18;qui;10;DIURNO;33048;08:45:00;8,75;01:57:00;1,95;00:33:00;0,55; 41,00 ;26,00;16.160;16,16;2;1,847; 0,394 
18/12/2025;dez;18;qui;12;DIURNO;32100;07:20:00;7,33;01:36:00;1,60;00:45:00;0,75; 34,00 ;55,00;16.260;16,26;2;2,217; 0,478 
18/12/2025;dez;18;qui;15;DIURNO;32051;07:30:00;7,50;01:15:00;1,25;00:30:00;0,50; 44,00 ;26,00;16.640;16,64;3;2,219; 0,378 
18/12/2025;dez;18;qui;17;DIURNO;32048;06:40:00;6,67;00:45:00;0,75;00:20:00;0,33; 49,00 ;13,00;15.240;15,24;2;2,286; 0,311 
18/12/2025;dez;18;qui;19;DIURNO;32049;05:11:00;5,18;00:51:00;0,85;00:30:00;0,50; 47,00 ;65,00;12.060;12,06;2;2,327; 0,257 
18/12/2025;dez;18;qui;22;0;32050;03:05:00;3,08;00:33:00;0,55;00:12:00;0,20; 27,00 ;11,00;4.110;4,11;1;1,333; 0,152 
18/12/2025;dez;18;qui;1;NOTURNO;32100;07:47:00;7,78;01:00:00;1,00;00:22:00;0,37; 35,00 ;32,00;15.610;15,61;2;2,006; 0,446 
18/12/2025;dez;18;qui;2;NOTURNO;33024;09:13:00;9,22;01:04:00;1,07;00:11:00;0,18; 43,00 ;17,00;11.510;11,51;1;1,249; 0,268 
18/12/2025;dez;18;qui;6;NOTURNO;31933;10:02:00;10,03;00:42:00;0,70;00:14:00;0,23; 40,00 ;20,00;12.330;12,33;1;1,229; 0,308 
18/12/2025;dez;18;qui;11;NOTURNO;32101;07:50:00;7,83;01:15:00;1,25;00:15:00;0,25; 37,00 ;23,00;12.740;12,74;2;1,626; 0,344 
18/12/2025;dez;18;qui;21;NOTURNO;32049;08:39:00;8,65;01:05:00;1,08;00:26:00;0,43; 44,00 ;31,00;11.550;11,55;2;1,335; 0,263 
19/12/2025;dez;19;sex;9;DIURNO;33048;08:56:00;8,93;01:02:00;1,03;00:20:00;0,33; 33,00 ;39,00;16.920;16,92;2;1,894; 0,513 
19/12/2025;dez;19;sex;13;DIURNO;32100;08:22:00;8,37;01:57:00;1,95;00:44:00;0,73; 40,00 ;59,00;13.420;13,42;2;1,604; 0,336 
19/12/2025;dez;19;sex;14;DIURNO;31933;06:55:00;6,92;01:55:00;1,92;00:25:00;0,42; 37,00 ;87,00;11.390;11,39;2;1,647; 0,308 
19/12/2025;dez;19;sex;16;DIURNO;32101;08:29:00;8,48;01:57:00;1,95;01:00:00;1,00; 33,00 ;54,00;17.780;17,78;2;2,096; 0,539 
19/12/2025;dez;19;sex;18;DIURNO;32049;06:30:00;6,50;01:41:00;1,68;00:40:00;0,67; 60,00 ;79,00;12.350;12,35;2;1,900; 0,206 
19/12/2025;dez;19;sex;20;DIURNO;32048;09:20:00;9,33;01:40:00;1,67;00:30:00;0,50; 41,00 ;53,00;16.690;16,69;2;1,788; 0,407 
19/12/2025;dez;19;sex;3;NOTURNO;31933;08:40:00;8,67;00:54:00;0,90;00:23:00;0,38; 44,00 ;26,00;17.290;17,29;2;1,995; 0,393 
19/12/2025;dez;19;sex;4;NOTURNO;33024;08:51:00;8,85;00:48:00;0,80;00:12:00;0,20; 47,00 ;19,00;12.630;12,63;1;1,427; 0,269 
19/12/2025;dez;19;sex;5;NOTURNO;33048;08:04:00;8,07;01:35:00;1,58;00:39:00;0,65; 33,00 ;45,00;13.640;13,64;2;1,691; 0,413 
19/12/2025;dez;19;sex;7;NOTURNO;32051;09:00:00;9,00;01:40:00;1,67;00:25:00;0,42; 36,00 ;43,00;14.940;14,94;2;1,660; 0,415 
19/12/2025;dez;19;sex;21;NOTURNO;32049;08:52:00;8,87;01:10:00;1,17;00:29:00;0,48; 45,00 ;29,00;13.000;13,00;2;1,466; 0,289 
20/12/2025;dez;20;sáb;8;DIURNO;32101;10:39:00;10,65;01:25:00;1,42;00:26:00;0,43; 34,00 ;43,00;17.220;17,22;2;1,617; 0,506 
20/12/2025;dez;20;sáb;10;DIURNO;33048;09:15:00;9,25;00:45:00;0,75;00:30:00;0,50; 37,00 ;25,00;15.320;15,32;2;1,656; 0,414 
20/12/2025;dez;20;sáb;12;DIURNO;32100;10:01:00;10,02;02:03:00;2,05;00:32:00;0,53; 34,00 ;49,00;18.330;18,33;2;1,830; 0,539 
20/12/2025;dez;20;sáb;15;DIURNO;31933;07:30:00;7,50;00:45:00;0,75;00:20:00;0,33; 38,00 ;18,00;18.890;18,89;2;2,519; 0,497 
20/12/2025;dez;20;sáb;17;DIURNO;32048;11:07:00;11,12;01:03:00;1,05;00:40:00;0,67; 56,00 ;20,00;23.530;23,53;3;2,117; 0,420 
20/12/2025;dez;20;sáb;19;DIURNO;33024;05:50:00;5,83;01:24:00;1,40;00:30:00;0,50; 42,00 ;40,00;15.050;15,05;2;2,580; 0,358 
20/12/2025;dez;20;sáb;1;NOTURNO;32050;08:21:00;8,35;01:07:00;1,12;00:20:00;0,33; 28,00 ;37,00;15.320;15,32;2;1,835; 0,547 
20/12/2025;dez;20;sáb;2;NOTURNO;33024;09:19:00;9,32;00:31:00;0,52;00:07:00;0,12; 45,00 ;17,00;11.060;11,06;1;1,187; 0,246 
20/12/2025;dez;20;sáb;6;NOTURNO;31933;09:52:00;9,87;01:38:00;1,63;00:41:00;0,68; 48,00 ;30,00;12.740;12,74;2;1,291; 0,265 
20/12/2025;dez;20;sáb;11;NOTURNO;32051;07:55:00;7,92;01:00:00;1,00;00:30:00;0,50; 41,00 ;22,00;14.200;14,20;2;1,794; 0,346 
20/12/2025;dez;20;sáb;21;NOTURNO;32049;09:01:00;9,02;00:44:00;0,73;00:25:00;0,42; 46,00 ;14,00;10.210;10,21;1;1,132; 0,222 
22/12/2025;dez;22;seg;9;DIURNO;33048;08:40:00;8,67;01:55:00;1,92;00:45:00;0,75; 31,00 ;63,00;24.820;24,82;3;2,864; 0,801 
22/12/2025;dez;22;seg;13;DIURNO;32100;13:20:00;13,33;01:45:00;1,75;00:29:00;0,48; 41,00 ;59,00;18.380;18,38;2;1,379; 0,448 
22/12/2025;dez;22;seg;14;DIURNO;31933;07:25:00;7,42;01:55:00;1,92;00:20:00;0,33; 39,00 ;65,00;17.210;17,21;2;2,320; 0,441 
22/12/2025;dez;22;seg;16;DIURNO;32101;11:01:00;11,02;02:49:00;2,82;00:33:00;0,55; 35,00 ;82,00;24.090;24,09;3;2,187; 0,688 
22/12/2025;dez;22;seg;18;DIURNO;33024;06:49:00;6,82;02:19:00;2,32;00:27:00;0,45; 53,00 ;88,00;14.370;14,37;2;2,108; 0,271 
22/12/2025;dez;22;seg;20;DIURNO;32048;11:09:00;11,15;01:47:00;1,78;00:27:00;0,45; 41,00 ;51,00;18.410;18,41;2;1,651; 0,449 
22/12/2025;dez;22;seg;22;0;32051;05:34:00;5,57;01:00:00;1,00;00:22:00;0,37; 36,00 ;44,00;3.810;3,81;2;0,684; 0,106 
22/12/2025;dez;22;seg;3;NOTURNO;31933;08:37:00;8,62;01:00:00;1,00;00:25:00;0,42; 41,00 ;25,00;22.020;22,02;2;2,556; 0,537 
22/12/2025;dez;22;seg;4;NOTURNO;33024;09:24:00;9,40;01:15:00;1,25;00:27:00;0,45; 38,00 ;42,00;16.640;16,64;2;1,770; 0,438 
22/12/2025;dez;22;seg;5;NOTURNO;32050;03:19:00;3,32;00:49:00;0,82;00:10:00;0,17; 14,00 ;23,00;8.050;8,05;1;2,427; 0,575 
22/12/2025;dez;22;seg;5;NOTURNO;33048;03:39:00;3,65;00:52:00;0,87;00:11:00;0,18; 17,00 ;22,00;9.570;9,57;1;2,622; 0,563 
22/12/2025;dez;22;seg;7;NOTURNO;32051;03:20:00;3,33;01:05:00;1,08;00:15:00;0,25; 13,00 ;19,00;8.430;8,43;1;2,529; 0,648 
22/12/2025;dez;22;seg;7;NOTURNO;32101;04:35:00;4,58;00:55:00;0,92;00:10:00;0,17; 21,00 ;23,00;10.830;10,83;1;2,363; 0,516 
22/12/2025;dez;22;seg;21;NOTURNO;32049;10:43:00;10,72;01:47:00;1,78;00:56:00;0,93; 49,00 ;42,00;20.100;20,10;3;1,876; 0,410 
23/12/2025;dez;23;ter;8;DIURNO;32101;14:05:00;14,08;01:52:00;1,87;00:36:00;0,60; 33,00 ;68,00;23.920;23,92;3;1,698; 0,725 
23/12/2025;dez;23;ter;10;DIURNO;33048;08:50:00;8,83;01:30:00;1,50;00:45:00;0,75; 38,00 ;39,00;23.410;23,41;3;2,650; 0,616 
23/12/2025;dez;23;ter;12;DIURNO;32100;10:10:00;10,17;02:36:00;2,60;00:52:00;0,87; 35,00 ;74,00;26.230;26,23;3;2,580; 0,749 
23/12/2025;dez;23;ter;15;DIURNO;31933;09:25:00;9,42;01:27:00;1,45;00:28:00;0,47; 44,00 ;29,00;27.560;27,56;3;2,927; 0,626 
23/12/2025;dez;23;ter;17;DIURNO;32049;12:45:00;12,75;02:54:00;2,90;00:46:00;0,77; 45,00 ;25,00;30.480;30,48;4;2,391; 0,677 
23/12/2025;dez;23;ter;19;DIURNO;33024;09:07:00;9,12;01:11:00;1,18;00:26:00;0,43; 48,00 ;38,00;21.420;21,42;2;2,350; 0,446 
23/12/2025;dez;23;ter;1;NOTURNO;32050;02:57:00;2,95;00:45:00;0,75;00:10:00;0,17; 8,00 ;17,00;7.280;7,28;1;2,468; 0,910 
23/12/2025;dez;23;ter;1;NOTURNO;31933;05:29:00;5,48;02:10:00;2,17;00:17:00;0,28; 27,00 ;33,00;13.960;13,96;2;2,546; 0,517 
23/12/2025;dez;23;ter;2;NOTURNO;33024;05:49:00;5,82;00:21:00;0,35;00:12:00;0,20; 20,00 ;19,00;9.480;9,48;1;1,630; 0,474 
23/12/2025;dez;23;ter;2;NOTURNO;32101;03:53:00;3,88;00:27:00;0,45;00:25:00;0,42; 22,00 ;18,00;7.580;7,58;1;1,952; 0,345 
23/12/2025;dez;23;ter;6;NOTURNO;32048;09:09:00;9,15;01:42:00;1,70;00:27:00;0,45; 41,00 ;39,00;18.020;18,02;2;1,969; 0,440 
23/12/2025;dez;23;ter;11;NOTURNO;32051;10:05:00;10,08;01:53:00;1,88;00:37:00;0,62; 38,00 ;34,00;20.440;20,44;3;2,027; 0,538 
23/12/2025;dez;23;ter;21;NOTURNO;33048;07:01:00;7,02;00:32:00;0,53;00:21:00;0,35; 33,00 ;15,00;9.680;9,68;1;1,380; 0,293 
23/12/2025;dez;23;ter;21;NOTURNO;32049;01:41:00;1,68;00:37:00;0,62;00:13:00;0,22; 11,00 ;16,00;3.450;3,45;1;2,050; 0,314 
24/12/2025;dez;24;qua;9;DIURNO;33048;06:08:00;6,13;01:32:00;1,53;00:24:00;0,40; 31,00 ;43,00;15.200;15,20;2;2,478; 0,490 
24/12/2025;dez;24;qua;13;DIURNO;32100;08:04:00;8,07;02:05:00;2,08;00:29:00;0,48; 41,00 ;60,00;12.630;12,63;2;1,566; 0,308 
24/12/2025;dez;24;qua;14;DIURNO;31933;05:45:00;5,75;01:00:00;1,00;00:10:00;0,17; 33,00 ;28,00;10.380;10,38;1;1,805; 0,315 
24/12/2025;dez;24;qua;16;DIURNO;32101;07:16:00;7,27;02:36:00;2,60;00:23:00;0,38; 32,00 ;54,00;14.730;14,73;2;2,027; 0,460 
24/12/2025;dez;24;qua;18;DIURNO;32051;05:20:00;5,33;01:05:00;1,08;00:18:00;0,30; 46,00 ;44,00;8.810;8,81;1;1,652; 0,192 
24/12/2025;dez;24;qua;20;DIURNO;32049;05:51:00;5,85;02:13:00;2,22;00:31:00;0,52; 33,00 ;58,00;11.540;11,54;2;1,973; 0,350 
24/12/2025;dez;24;qua;3;NOTURNO;31933;03:28:00;3,47;00:39:00;0,65;00:10:00;0,17; 9,00 ;15,00;8.040;8,04;1;2,319; 0,893 
24/12/2025;dez;24;qua;3;NOTURNO;32100;04:31:00;4,52;00:34:00;0,57;00:10:00;0,17; 25,00 ;13,00;5.630;5,63;1;1,246; 0,225 
24/12/2025;dez;24;qua;4;NOTURNO;33024;07:25:00;7,42;00:50:00;0,83;00:15:00;0,25; 51,00 ;17,00;10.100;10,10;1;1,362; 0,198 
24/12/2025;dez;24;qua;5;NOTURNO;33048;05:05:00;5,08;00:44:00;0,73;00:11:00;0,18; 31,00 ;20,00;9.800;9,80;1;1,928; 0,316 
24/12/2025;dez;24;qua;7;NOTURNO;32101;06:05:00;6,08;01:10:00;1,17;00:25:00;0,42; 36,00 ;21,00;10.980;10,98;1;1,805; 0,305 
24/12/2025;dez;24;qua;21;NOTURNO;32049;06:50:00;6,83;00:36:00;0,60;00:23:00;0,38; 43,00 ;17,00;9.430;9,43;1;1,380; 0,219 
26/12/2025;dez;26;sex;9;DIURNO;33048;07:05:00;7,08;01:04:00;1,07;00:21:00;0,35; 34,00 ;39,00;18.910;18,91;2;2,670; 0,556 
26/12/2025;dez;26;sex;13;DIURNO;32100;07:32:00;7,53;01:50:00;1,83;00:30:00;0,50; 43,00 ;57,00;15.080;15,08;2;2,002; 0,351 
26/12/2025;dez;26;sex;14;DIURNO;32051;05:25:00;5,42;02:04:00;2,07;00:25:00;0,42; 37,00 ;64,00;13.460;13,46;2;2,485; 0,364 
26/12/2025;dez;26;sex;16;DIURNO;32101;02:00:00;2,00;01:30:00;1,50;00:15:00;0,25; 9,00 ;42,00;5.610;5,61;1;2,805; 0,623 
26/12/2025;dez;26;sex;16;DIURNO;32048;02:49:00;2,82;02:16:00;2,27;00:15:00;0,25; 10,00 ;32,00;5.140;5,14;1;1,825; 0,514 
26/12/2025;dez;26;sex;16;DIURNO;31933;04:42:00;4,70;00:52:00;0,87;00:13:00;0,22; 13,00 ;30,00;8.890;8,89;1;1,891; 0,684 
26/12/2025;dez;26;sex;18;DIURNO;32050;05:36:00;5,60;01:44:00;1,73;00:31:00;0,52; 54,00 ;84,00;12.180;12,18;2;2,175; 0,226 
26/12/2025;dez;26;sex;20;DIURNO;32049;06:30:00;6,50;01:46:00;1,77;00:34:00;0,57; 38,00 ;53,00;13.300;13,30;2;2,046; 0,350 
26/12/2025;dez;26;sex;22;0;32051;00:39:00;0,65;01:03:00;1,05;00:12:00;0,20; 4,00 ;14,00;1.380;1,38;1;2,123; 0,345 
26/12/2025;dez;26;sex;3;NOTURNO;32051;03:37:00;3,62;00:25:00;0,42;00:15:00;0,25; 20,00 ;14,00;8.780;8,78;1;2,428; 0,439 
26/12/2025;dez;26;sex;3;NOTURNO;31933;04:07:00;4,12;00:32:00;0,53;00:13:00;0,22; 21,00 ;12,00;7.380;7,38;1;1,793; 0,351 
26/12/2025;dez;26;sex;4;NOTURNO;32100;08:27:00;8,45;00:54:00;0,90;00:25:00;0,42; 30,00 ;32,00;13.970;13,97;2;1,653; 0,466 
26/12/2025;dez;26;sex;5;NOTURNO;33048;08:58:00;8,97;01:21:00;1,35;00:12:00;0,20; 31,00 ;43,00;91.780;91,78;2;10,236; 2,961 
26/12/2025;dez;26;sex;7;NOTURNO;32101;07:05:00;7,08;01:55:00;1,92;00:30:00;0,50; 36,00 ;41,00;16.380;16,38;2;2,312; 0,455 
26/12/2025;dez;26;sex;21;NOTURNO;32049;07:41:00;7,68;00:56:00;0,93;00:28:00;0,47; 47,00 ;26,00;16.450;16,45;2;2,141; 0,350 
27/12/2025;dez;27;sáb;8;DIURNO;32101;11:57:00;11,95;01:43:00;1,72;00:54:00;0,90; 34,00 ;62,00;31.680;31,68;3;2,651; 0,932 
27/12/2025;dez;27;sáb;10;DIURNO;33048;08:06:00;8,10;03:40:00;3,67;00:44:00;0,73; 35,00 ;44,00;31.570;31,57;4;3,898; 0,902 
27/12/2025;dez;27;sáb;12;DIURNO;32100;10:23:00;10,38;05:55:00;5,92;01:15:00;1,25; 27,00 ;100,00;35.940;35,94;4;3,461; 1,331 
27/12/2025;dez;27;sáb;15;DIURNO;31933;08:10:00;8,17;03:50:00;3,83;00:30:00;0,50; 33,00 ;33,00;38.430;38,43;4;4,706; 1,165 
27/12/2025;dez;27;sáb;17;DIURNO;32049;08:15:00;8,25;00:41:00;0,68;00:38:00;0,63; 30,00 ;17,00;26.060;26,06;3;3,159; 0,869 
27/12/2025;dez;27;sáb;17;DIURNO;32049;04:04:00;4,07;00:37:00;0,62;00:22:00;0,37; 18,00 ;15,00;13.210;13,21;2;3,248; 0,734 
27/12/2025;dez;27;sáb;19;DIURNO;32051;08:22:00;8,37;02:44:00;2,73;00:34:00;0,57; 46,00 ;75,00;27.540;27,54;4;3,292; 0,599 
27/12/2025;dez;27;sáb;1;NOTURNO;32048;09:04:00;9,07;01:57:00;1,95;00:34:00;0,57; 36,00 ;50,00;24.140;24,14;3;2,663; 0,671 
27/12/2025;dez;27;sáb;2;NOTURNO;32051;03:30:00;3,50;00:36:00;0,60;00:13:00;0,22; 15,00 ;20,00;6.780;6,78;1;1,937; 0,452 
27/12/2025;dez;27;sáb;2;NOTURNO;32101;03:50:00;3,83;00:32:00;0,53;00:15:00;0,25; 17,00 ;17,00;8.200;8,20;1;2,139; 0,482 
27/12/2025;dez;27;sáb;2;NOTURNO;32050;02:30:00;2,50;00:16:00;0,27;00:10:00;0,17; 40,00 ;29,00;3.990;3,99;1;1,596; 0,100 
27/12/2025;dez;27;sáb;6;NOTURNO;33048;04:27:00;4,45;00:58:00;0,97;00:25:00;0,42; 18,00 ;20,00;11.380;11,38;1;2,557; 0,632 
27/12/2025;dez;27;sáb;6;NOTURNO;32049;03:23:00;3,38;00:58:00;0,97;00:12:00;0,20; 13,00 ;21,00;7.580;7,58;1;2,240; 0,583 
27/12/2025;dez;27;sáb;6;NOTURNO;32101;01:50:00;1,83;00:47:00;0,78;00:12:00;0,20; 11,00 ;19,00;4.360;4,36;1;2,378; 0,396 
27/12/2025;dez;27;sáb;11;NOTURNO;32050;07:55:00;7,92;01:30:00;1,50;00:42:00;0,70; 34,00 ;37,00;23.350;23,35;3;2,949; 0,687 
27/12/2025;dez;27;sáb;11;NOTURNO;32051;01:00:00;1,00;00:43:00;0,72;00:15:00;0,25; 4,00 ;13,00;3.130;3,13;1;3,130; 0,783 
27/12/2025;dez;27;sáb;21;NOTURNO;31933;07:09:00;7,15;00:37:00;0,62;00:21:00;0,35; 46,00 ;14,00;10.140;10,14;1;1,418; 0,220 
29/12/2025;dez;29;seg;9;DIURNO;33048;09:37:00;9,62;01:52:00;1,87;00:39:00;0,65; 31,00 ;65,00;27.030;27,03;3;2,811; 0,872 
29/12/2025;dez;29;seg;13;DIURNO;32100;08:50:00;8,83;01:42:00;1,70;00:40:00;0,67; 40,00 ;49,00;20.570;20,57;2;2,329; 0,514 
29/12/2025;dez;29;seg;14;DIURNO;31933;05:55:00;5,92;01:08:00;1,13;00:17:00;0,28; 39,00 ;29,00;4.790;4,79;1;0,810; 0,123 
29/12/2025;dez;29;seg;14;DIURNO;32050;02:15:00;2,25;01:20:00;1,33;00:15:00;0,25; 10,00 ;28,00;9.250;9,25;1;4,111; 0,925 
29/12/2025;dez;29;seg;14;DIURNO;31933;02:45:00;2,75;00:51:00;0,85;00:09:00;0,15; 21,00 ;38,00;6.510;6,51;1;2,367; 0,310 
29/12/2025;dez;29;seg;16;DIURNO;32048;10:09:00;10,15;03:04:00;3,07;00:32:00;0,53; 34,00 ;80,00;26.150;26,15;3;2,576; 0,769 
29/12/2025;dez;29;seg;18;DIURNO;32049;05:56:00;5,93;01:23:00;1,38;00:10:00;0,17; 43,00 ;52,00;8.390;8,39;1;1,414; 0,195 
29/12/2025;dez;29;seg;18;DIURNO;32101;03:27:00;3,45;01:31:00;1,52;00:18:00;0,30; 19,00 ;57,00;7.860;7,86;1;2,278; 0,414 
29/12/2025;dez;29;seg;20;DIURNO;33049;08:47:00;8,78;02:00:00;2,00;00:33:00;0,55; 43,00 ;51,00;21.040;21,04;2;2,395; 0,489 
29/12/2025;dez;29;seg;22;0;32050;03:10:00;3,17;00:47:00;0,78;00:18:00;0,30; 26,00 ;22,00;3.460;3,46;1;1,093; 0,133 
29/12/2025;dez;29;seg;3;NOTURNO;32051;08:12:00;8,20;01:17:00;1,28;00:38:00;0,63; 44,00 ;38,00;23.510;23,51;3;2,867; 0,534 
29/12/2025;dez;29;seg;4;NOTURNO;32050;08:33:00;8,55;02:00:00;2,00;00:25:00;0,42; 44,00 ;34,00;17.490;17,49;2;2,046; 0,398 
29/12/2025;dez;29;seg;5;NOTURNO;33049;03:54:00;3,90;00:54:00;0,90;00:26:00;0,43; 17,00 ;23,00;11.610;11,61;1;2,977; 0,683 
29/12/2025;dez;29;seg;5;NOTURNO;32100;03:09:00;3,15;01:04:00;1,07;00:11:00;0,18; 16,00 ;22,00;8.920;8,92;1;2,832; 0,558 
29/12/2025;dez;29;seg;7;NOTURNO;32101;08:05:00;8,08;02:15:00;2,25;00:30:00;0,50; 37,00 ;42,00;20.420;20,42;2;2,526; 0,552 
29/12/2025;dez;29;seg;21;NOTURNO;32049;08:44:00;8,73;01:07:00;1,12;00:34:00;0,57; 46,00 ;29,00;17.350;17,35;2;1,987; 0,377 
30/12/2025;dez;30;ter;8;DIURNO;32101;02:43:00;2,72;00:30:00;0,50;00:11:00;0,18; 8,00 ;24,00;4.590;4,59;1;1,690; 0,574 
30/12/2025;dez;30;ter;8;DIURNO;32051;08:19:00;8,32;01:56:00;1,93;00:41:00;0,68; 26,00 ;65,00;19.010;19,01;3;2,286; 0,731 
30/12/2025;dez;30;ter;10;DIURNO;33048;10:30:00;10,50;01:34:00;1,57;00:41:00;0,68; 38,00 ;40,00;25.770;25,77;3;2,454; 0,678 
30/12/2025;dez;30;ter;12;DIURNO;32100;10:18:00;10,30;02:41:00;2,68;00:33:00;0,55; 38,00 ;77,00;28.340;28,34;3;2,751; 0,746 
30/12/2025;dez;30;ter;15;DIURNO;31933;08:10:00;8,17;02:07:00;2,12;00:43:00;0,72; 40,00 ;29,00;28.750;28,75;3;3,520; 0,719 
30/12/2025;dez;30;ter;17;DIURNO;33049;11:38:00;11,63;01:05:00;1,08;00:32:00;0,53; 53,00 ;22,00;32.230;32,23;3;2,770; 0,608 
30/12/2025;dez;30;ter;19;DIURNO;32049;07:34:00;7,57;01:52:00;1,87;00:45:00;0,75; 48,00 ;53,00;21.570;21,57;3;2,851; 0,449 
30/12/2025;dez;30;ter;22;0;32050;00:43:00;0,72;00:38:00;0,63;00:10:00;0,17; 3,00 ;8,00;1.690;1,69;1;2,358; 0,563 
30/12/2025;dez;30;ter;1;NOTURNO;32048;05:56:00;5,93;01:01:00;1,02;00:25:00;0,42; 23,00 ;36,00;14.630;14,63;2;2,466; 0,636 
30/12/2025;dez;30;ter;1;NOTURNO;32100;02:31:00;2,52;00:34:00;0,57;00:12:00;0,20; 14,00 ;11,00;4.720;4,72;1;1,875; 0,337 
30/12/2025;dez;30;ter;2;NOTURNO;32050;04:53:00;4,88;00:30:00;0,50;00:12:00;0,20; 20,00 ;15,00;8.130;8,13;1;1,665; 0,407 
30/12/2025;dez;30;ter;2;NOTURNO;33049;04:45:00;4,75;00:28:00;0,47;00:09:00;0,15; 22,00 ;18,00;8.790;8,79;1;1,851; 0,400 
30/12/2025;dez;30;ter;6;NOTURNO;31912;03:33:00;3,55;00:58:00;0,97;00:13:00;0,22; 7,00 ;22,00;2.550;2,55;1;0,718; 0,364 
30/12/2025;dez;30;ter;6;NOTURNO;33048;06:43:00;6,72;01:09:00;1,15;00:13:00;0,22; 21,00 ;20,00;10.790;10,79;1;1,606; 0,514 
30/12/2025;dez;30;ter;6;NOTURNO;32048;02:17:00;2,28;00:49:00;0,82;00:09:00;0,15; 12,00 ;20,00;4.740;4,74;1;2,076; 0,395 
30/12/2025;dez;30;ter;11;NOTURNO;32101;05:25:00;5,42;00:34:00;0,57;00:12:00;0,20; 19,00 ;12,00;8.470;8,47;1;1,564; 0,446 
30/12/2025;dez;30;ter;11;NOTURNO;32048;02:45:00;2,75;00:52:00;0,87;00:15:00;0,25; 14,00 ;11,00;7.750;7,75;1;2,818; 0,554 
30/12/2025;dez;30;ter;11;NOTURNO;32050;02:01:00;2,02;00:37:00;0,62;00:12:00;0,20; 10,00 ;13,00;5.000;5,00;1;2,479; 0,500 
30/12/2025;dez;30;ter;21;NOTURNO;32049;05:15:00;5,25;00:34:00;0,57;00:10:00;0,17; 25,00 ;13,00;6.220;6,22;1;1,185; 0,249 
30/12/2025;dez;30;ter;21;NOTURNO;32051;03:14:00;3,23;00:31:00;0,52;00:13:00;0,22; 21,00 ;16,00;5.040;5,04;1;1,559; 0,240 
31/12/2025;dez;31;qua;9;DIURNO;33048;04:00:00;4,00;00:50:00;0,83;00:10:00;0,17; 21,00 ;22,00;9.480;9,48;1;2,370; 0,451 
31/12/2025;dez;31;qua;9;DIURNO;32051;01:45:00;1,75;00:40:00;0,67;00:10:00;0,17; 9,00 ;23,00;4.370;4,37;1;2,497; 0,486 
31/12/2025;dez;31;qua;13;DIURNO;32100;04:12:00;4,20;01:07:00;1,12;00:10:00;0,17; 27,00 ;39,00;7.690;7,69;1;1,831; 0,285 
31/12/2025;dez;31;qua;13;DIURNO;32049;02:02:00;2,03;00:57:00;0,95;00:16:00;0,27; 15,00 ;35,00;3.850;3,85;1;1,893; 0,257 
31/12/2025;dez;31;qua;14;DIURNO;32050;02:50:00;2,83;00:55:00;0,92;00:10:00;0,17; 21,00 ;40,00;7.470;7,47;1;2,636; 0,356 
31/12/2025;dez;31;qua;14;DIURNO;32048;01:15:00;1,25;01:10:00;1,17;00:10:00;0,17; 15,00 ;40,00;1.730;1,73;1;1,384; 0,115 
31/12/2025;dez;31;qua;16;DIURNO;32101;03:20:00;3,33;00:47:00;0,78;00:12:00;0,20; 14,00 ;26,00;6.140;6,14;1;1,842; 0,439 
31/12/2025;dez;31;qua;16;DIURNO;32051;02:59:00;2,98;01:20:00;1,33;00:13:00;0,22; 15,00 ;28,00;7.190;7,19;1;2,410; 0,479 
31/12/2025;dez;31;qua;18;DIURNO;32049;03:11:00;3,18;00:54:00;0,90;00:12:00;0,20; 39,00 ;28,00;4.040;4,04;1;1,269; 0,104 
31/12/2025;dez;31;qua;18;DIURNO;31912;02:37:00;2,62;01:27:00;1,45;00:09:00;0,15; 26,00 ;62,00;5.440;5,44;1;2,079; 0,209 
31/12/2025;dez;31;qua;20;DIURNO;33049;05:12:00;5,20;01:01:00;1,02;00:12:00;0,20; 39,00 ;27,00;10.500;10,50;1;2,019; 0,269 
31/12/2025;dez;31;qua;3;NOTURNO;32100;03:54:00;3,90;00:35:00;0,58;00:13:00;0,22; 24,00 ;13,00;8.760;8,76;1;2,246; 0,365 
31/12/2025;dez;31;qua;3;NOTURNO;32101;01:51:00;1,85;00:42:00;0,70;00:00:00;0,00; 17,00 ;13,00;3.530;3,53;1;1,908; 0,208 
31/12/2025;dez;31;qua;4;NOTURNO;32049;05:03:00;5,05;00:33:00;0,55;00:14:00;0,23; 40,00 ;17,00;8.230;8,23;1;1,630; 0,206 
31/12/2025;dez;31;qua;4;NOTURNO;32100;01:40:00;1,67;00:26:00;0,43;00:10:00;0,17; 13,00 ;15,00;1.730;1,73;1;1,038; 0,133 
31/12/2025;dez;31;qua;5;NOTURNO;33048;04:25:00;4,42;00:36:00;0,60;00:10:00;0,17; 31,00 ;21,00;9.570;9,57;1;2,167; 0,309 
31/12/2025;dez;31;qua;7;NOTURNO;32101;02:10:00;2,17;00:40:00;0,67;00:14:00;0,23; 19,00 ;20,00;6.140;6,14;1;2,834; 0,323 
31/12/2025;dez;31;qua;7;NOTURNO;32051;02:29:00;2,48;00:38:00;0,63;00:25:00;0,42; 16,00 ;24,00;5.120;5,12;1;2,062; 0,320 
31/12/2025;dez;31;qua;21;NOTURNO;33049;05:31:00;5,52;00:35:00;0,58;00:13:00;0,22; 47,00 ;14,00;8.500;8,50;1;1,541; 0,181 
02/01/2026;jan;2;sex;9;DIURNO;33048;03:35:00;3,58;00:40:00;0,67;00:15:00;0,25; 15,00 ;21,00;8.750;8,75;1;2,442; 0,583 
02/01/2026;jan;2;sex;9;DIURNO;32049;04:30:00;4,50;00:57:00;0,95;00:28:00;0,47; 18,00 ;43,00;11.020;11,02;2;2,449; 0,612 
02/01/2026;jan;2;sex;13;DIURNO;32100;06:02:00;6,03;01:54:00;1,90;00:22:00;0,37; 42,00 ;58,00;15.300;15,30;2;2,536; 0,364 
02/01/2026;jan;2;sex;14;DIURNO;32051;05:24:00;5,40;01:46:00;1,77;00:35:00;0,58; 36,00 ;65,00;14.070;14,07;2;2,606; 0,391 
02/01/2026;jan;2;sex;16;DIURNO;32101;03:10:00;3,17;01:11:00;1,18;00:14:00;0,23; 14,00 ;32,00;7.150;7,15;1;2,258; 0,511 
02/01/2026;jan;2;sex;16;DIURNO;31912;05:19:00;5,32;01:19:00;1,32;00:20:00;0,33; 20,00 ;27,00;12.200;12,20;1;2,295; 0,610 
02/01/2026;jan;2;sex;18;DIURNO;32049;02:35:00;2,58;01:04:00;1,07;00:10:00;0,17; 29,00 ;42,00;5.560;5,56;1;2,152; 0,192 
02/01/2026;jan;2;sex;18;DIURNO;32050;03:19:00;3,32;01:30:00;1,50;00:12:00;0,20; 28,00 ;61,00;7.540;7,54;1;2,273; 0,269 
02/01/2026;jan;2;sex;20;DIURNO;33049;04:35:00;4,58;01:05:00;1,08;00:15:00;0,25; 22,00 ;36,00;9.920;9,92;1;2,164; 0,451 
02/01/2026;jan;2;sex;20;DIURNO;33048;02:30:00;2,50;01:00:00;1,00;00:15:00;0,25; 20,00 ;37,00;4.830;4,83;1;1,932; 0,242 
02/01/2026;jan;2;sex;3;NOTURNO;32100;06:15:00;6,25;00:49:00;0,82;00:32:00;0,53; 46,00 ;22,00;15.310;15,31;2;2,450; 0,333 
02/01/2026;jan;2;sex;4;NOTURNO;32049;05:15:00;5,25;00:39:00;0,65;00:12:00;0,20; 30,00 ;17,00;8.210;8,21;1;1,564; 0,274 
02/01/2026;jan;2;sex;4;NOTURNO;33048;02:48:00;2,80;00:53:00;0,88;00:09:00;0,15; 16,00 ;18,00;5.930;5,93;1;2,118; 0,371 
02/01/2026;jan;2;sex;5;NOTURNO;33048;04:07:00;4,12;00:49:00;0,82;00:12:00;0,20; 19,00 ;23,00;9.890;9,89;1;2,402; 0,521 
02/01/2026;jan;2;sex;5;NOTURNO;32101;02:10:00;2,17;00:38:00;0,63;00:09:00;0,15; 12,00 ;23,00;5.790;5,79;1;2,672; 0,483 
02/01/2026;jan;2;sex;7;NOTURNO;32101;02:55:00;2,92;00:43:00;0,72;00:13:00;0,22; 18,00 ;20,00;7.830;7,83;1;2,685; 0,435 
02/01/2026;jan;2;sex;7;NOTURNO;33049;02:55:00;2,92;00:45:00;0,75;00:10:00;0,17; 18,00 ;23,00;7.510;7,51;1;2,575; 0,417 
02/01/2026;jan;2;sex;21;NOTURNO;33049;02:08:00;2,13;00:44:00;0,73;00:13:00;0,22; 14,00 ;15,00;5.980;5,98;1;2,803; 0,427 
02/01/2026;jan;2;sex;21;NOTURNO;32051;05:25:00;5,42;00:32:00;0,53;00:17:00;0,28; 34,00 ;16,00;9.480;9,48;1;1,750; 0,279 
03/01/2026;jan;3;sáb;8;DIURNO;32101;02:41:00;2,68;00:39:00;0,65;00:10:00;0,17; 11,00 ;23,00;9.370;9,37;1;3,492; 0,852 
03/01/2026;jan;3;sáb;8;DIURNO;32051;02:50:00;2,83;00:35:00;0,58;00:15:00;0,25; 10,00 ;24,00;8.440;8,44;1;2,979; 0,844 
03/01/2026;jan;3;sáb;8;DIURNO;32101;02:56:00;2,93;00:44:00;0,73;00:10:00;0,17; 8,00 ;22,00;9.400;9,40;1;3,205; 1,175 
03/01/2026;jan;3;sáb;8;DIURNO;32051;01:06:00;1,10;00:37:00;0,62;00:11:00;0,18; 3,00 ;21,00;3.880;3,88;1;3,527; 1,293 
03/01/2026;jan;3;sáb;10;DIURNO;33048;08:45:00;8,75;02:00:00;2,00;00:40:00;0,67; 38,00 ;46,00;30.810;30,81;4;3,521; 0,811 
03/01/2026;jan;3;sáb;12;DIURNO;32100;02:19:00;2,32;00:44:00;0,73;00:10:00;0,17; 8,00 ;26,00;9.320;9,32;1;4,023; 1,165 
03/01/2026;jan;3;sáb;12;DIURNO;32050;02:20:00;2,33;00:57:00;0,95;00:11:00;0,18; 7,00 ;27,00;9.360;9,36;1;4,011; 1,337 
03/01/2026;jan;3;sáb;12;DIURNO;32049;02:12:00;2,20;01:49:00;1,82;00:12:00;0,20; 9,00 ;37,00;7.710;7,71;1;3,505; 0,857 
03/01/2026;jan;3;sáb;12;DIURNO;32100;03:10:00;3,17;01:01:00;1,02;00:21:00;0,35; 13,00 ;31,00;9.750;9,75;1;3,079; 0,750 
03/01/2026;jan;3;sáb;15;DIURNO;31912;08:00:00;8,00;03:15:00;3,25;00:35:00;0,58; 34,00 ;34,00;38.350;38,35;4;4,794; 1,128 
03/01/2026;jan;3;sáb;17;DIURNO;33049;09:53:00;9,88;02:12:00;2,20;00:25:00;0,42; 46,00 ;25,00;40.520;40,52;4;4,100; 0,881 
03/01/2026;jan;3;sáb;19;DIURNO;32049;03:39:00;3,65;00:41:00;0,68;00:13:00;0,22; 22,00 ;23,00;10.290;10,29;1;2,819; 0,468 
03/01/2026;jan;3;sáb;19;DIURNO;32100;02:06:00;2,10;00:40:00;0,67;00:10:00;0,17; 10,00 ;20,00;8.230;8,23;1;3,919; 0,823 
03/01/2026;jan;3;sáb;19;DIURNO;32050;02:44:00;2,73;00:37:00;0,62;00:14:00;0,23; 13,00 ;18,00;9.050;9,05;1;3,311; 0,696 
03/01/2026;jan;3;sáb;1;NOTURNO;32050;02:22:00;2,37;00:33:00;0,55;00:14:00;0,23; 8,00 ;16,00;7.700;7,70;1;3,254; 0,963 
03/01/2026;jan;3;sáb;1;NOTURNO;32100;02:48:00;2,80;00:36:00;0,60;00:11:00;0,18; 12,00 ;21,00;8.240;8,24;1;2,943; 0,687 
03/01/2026;jan;3;sáb;1;NOTURNO;32101;02:13:00;2,22;00:37:00;0,62;00:10:00;0,17; 16,00 ;17,00;7.770;7,77;1;3,505; 0,486 
03/01/2026;jan;3;sáb;2;NOTURNO;32049;03:22:00;3,37;00:35:00;0,58;00:08:00;0,13; 15,00 ;15,00;7.140;7,14;1;2,121; 0,476 
03/01/2026;jan;3;sáb;2;NOTURNO;32050;03:51:00;3,85;00:32:00;0,53;00:10:00;0,17; 17,00 ;21,00;7.600;7,60;1;1,974; 0,447 
03/01/2026;jan;3;sáb;2;NOTURNO;32049;02:30:00;2,50;00:42:00;0,70;00:10:00;0,17; 14,00 ;15,00;5.720;5,72;1;2,288; 0,409 
03/01/2026;jan;3;sáb;6;NOTURNO;32101;03:49:00;3,82;00:45:00;0,75;00:14:00;0,23; 19,00 ;20,00;11.110;11,11;1;2,911; 0,585 
03/01/2026;jan;3;sáb;6;NOTURNO;33049;03:52:00;3,87;00:54:00;0,90;00:12:00;0,20; 21,00 ;21,00;11.560;11,56;1;2,990; 0,550 
03/01/2026;jan;3;sáb;11;NOTURNO;32051;02:50:00;2,83;00:25:00;0,42;00:15:00;0,25; 12,00 ;12,00;9.030;9,03;1;3,187; 0,753 
03/01/2026;jan;3;sáb;11;NOTURNO;32049;02:45:00;2,75;00:19:00;0,32;00:17:00;0,28; 11,00 ;12,00;9.280;9,28;1;3,375; 0,844 
03/01/2026;jan;3;sáb;11;NOTURNO;32051;03:05:00;3,08;00:40:00;0,67;00:25:00;0,42; 15,00 ;12,00;8.460;8,46;1;2,744; 0,564 
03/01/2026;jan;3;sáb;21;NOTURNO;33048;04:11:00;4,18;00:33:00;0,55;00:09:00;0,15; 29,00 ;15,00;6.590;6,59;1;1,575; 0,227 
05/01/2026;jan;5;seg;21;NOTURNO;32100;02:14:00;2,23;00:37:00;0,62;00:12:00;0,20; 17,00 ;16,00;3.890;3,89;1;1,742; 0,229 
05/01/2026;jan;5;seg;9;DIURNO;33048;08:15:00;8,25;01:41:00;1,68;00:44:00;0,73; 29,00 ;66,00;27.820;27,82;3;3,372; 0,959 
05/01/2026;jan;5;seg;13;DIURNO;32100;07:22:00;7,37;01:48:00;1,80;00:42:00;0,70; 40,00 ;60,00;21.510;21,51;2;2,920; 0,538 
05/01/2026;jan;5;seg;14;DIURNO;32050;03:00:00;3,00;00:50:00;0,83;00:25:00;0,42; 11,00 ;28,00;9.560;9,56;1;3,187; 0,869 
05/01/2026;jan;5;seg;14;DIURNO;31912;05:10:00;5,17;00:45:00;0,75;00:15:00;0,25; 16,00 ;46,00;8.920;8,92;1;1,726; 0,558 
05/01/2026;jan;5;seg;14;DIURNO;32050;00:20:00;0,33;00:49:00;0,82;00:15:00;0,25; 3,00 ;49,00;1.210;1,21;1;3,630; 0,403 
05/01/2026;jan;5;seg;16;DIURNO;32101;09:01:00;9,02;02:51:00;2,85;00:44:00;0,73; 30,00 ;92,00;26.020;26,02;3;2,886; 0,867 
05/01/2026;jan;5;seg;18;DIURNO;32049;07:50:00;7,83;03:19:00;3,32;00:40:00;0,67; 52,00 ;146,00;17.630;17,63;3;2,251; 0,339 
05/01/2026;jan;5;seg;20;DIURNO;33049;09:04:00;9,07;02:17:00;2,28;00:32:00;0,53; 42,00 ;56,00;21.940;21,94;2;2,420; 0,522 
05/01/2026;jan;5;seg;22;0;31912;02:54:00;2,90;00:58:00;0,97;00:15:00;0,25; 15,00 ;25,00;4.190;4,19;1;1,445; 0,279 
05/01/2026;jan;5;seg;3;NOTURNO;32100;07:22:00;7,37;01:11:00;1,18;00:34:00;0,57; 44,00 ;39,00;22.750;22,75;3;3,088; 0,517 
05/01/2026;jan;5;seg;4;NOTURNO;32050;09:11:00;9,18;01:16:00;1,27;00:19:00;0,32; 32,00 ;40,00;18.130;18,13;2;1,974; 0,567 
05/01/2026;jan;5;seg;5;NOTURNO;33048;03:37:00;3,62;00:52:00;0,87;00:22:00;0,37; 14,00 ;24,00;10.570;10,57;1;2,923; 0,755 
05/01/2026;jan;5;seg;5;NOTURNO;32101;03:44:00;3,73;01:03:00;1,05;00:11:00;0,18; 17,00 ;25,00;10.510;10,51;1;2,815; 0,618 
05/01/2026;jan;5;seg;7;NOTURNO;33049;04:15:00;4,25;00:37:00;0,62;00:20:00;0,33; 19,00 ;23,00;12.940;12,94;1;3,045; 0,681 
05/01/2026;jan;5;seg;7;NOTURNO;33048;02:40:00;2,67;00:53:00;0,88;00:15:00;0,25; 14,00 ;23,00;9.100;9,10;1;3,412; 0,650 
05/01/2026;jan;5;seg;21;NOTURNO;32051;06:43:00;6,72;00:56:00;0,93;00:27:00;0,45; 42,00 ;30,00;15.520;15,52;2;2,311; 0,370 
05/01/2026;jan;5;seg;21;NOTURNO;33049;00:44:00;0,73;00:36:00;0,60;00:13:00;0,22; 4,00 ;17,00;2.710;2,71;1;3,695; 0,678 
06/01/2026;jan;6;ter;8;DIURNO;32101;09:30:00;9,50;01:30:00;1,50;00:38:00;0,63; 35,00 ;64,00;23.880;23,88;3;2,514; 0,682 
06/01/2026;jan;6;ter;10;DIURNO;33048;08:40:00;8,67;01:21:00;1,35;00:49:00;0,82; 38,00 ;41,00;24.040;24,04;3;2,774; 0,633 
06/01/2026;jan;6;ter;12;DIURNO;32100;08:20:00;8,33;02:52:00;2,87;00:50:00;0,83; 37,00 ;76,00;26.990;26,99;3;3,239; 0,729 
06/01/2026;jan;6;ter;15;DIURNO;32051;06:45:00;6,75;03:41:00;3,68;00:44:00;0,73; 30,00 ;33,00;28.020;28,02;4;4,151; 0,934 
06/01/2026;jan;6;ter;17;DIURNO;33049;10:12:00;10,20;00:47:00;0,78;00:44:00;0,73; 58,00 ;20,00;29.350;29,35;3;2,877; 0,506 
06/01/2026;jan;6;ter;19;DIURNO;32049;07:35:00;7,58;01:20:00;1,33;00:47:00;0,78; 52,00 ;57,00;20.160;20,16;3;2,658; 0,388 
06/01/2026;jan;6;ter;22;0;32051;00:41:00;0,68;00:34:00;0,57;00:28:00;0,47; -   ;11,00;1.700;1,70;1;2,488;#DIV/0!
06/01/2026;jan;6;ter;1;NOTURNO;32051;02:21:00;2,35;00:38:00;0,63;00:15:00;0,25; 8,00 ;19,00;6.620;6,62;1;2,817; 0,828 
06/01/2026;jan;6;ter;1;NOTURNO;32100;05:14:00;5,23;00:59:00;0,98;00:22:00;0,37; 26,00 ;37,00;12.250;12,25;2;2,341; 0,471 
06/01/2026;jan;6;ter;2;NOTURNO;32049;04:26:00;4,43;00:33:00;0,55;00:14:00;0,23; 21,00 ;17,00;7.960;7,96;1;1,795; 0,379 
06/01/2026;jan;6;ter;2;NOTURNO;32051;03:50:00;3,83;00:50:00;0,83;00:10:00;0,17; 21,00 ;21,00;8.290;8,29;1;2,163; 0,395 
06/01/2026;jan;6;ter;6;NOTURNO;33048;04:25:00;4,42;00:53:00;0,88;00:16:00;0,27; 22,00 ;21,00;10.690;10,69;1;2,420; 0,486 
06/01/2026;jan;6;ter;6;NOTURNO;32049;03:08:00;3,13;00:49:00;0,82;00:11:00;0,18; 17,00 ;22,00;7.670;7,67;1;2,448; 0,451 
06/01/2026;jan;6;ter;11;NOTURNO;32101;07:15:00;7,25;01:00:00;1,00;00:25:00;0,42; 38,00 ;24,00;20.420;20,42;2;2,817; 0,537 
06/01/2026;jan;6;ter;21;NOTURNO;32050;06:43:00;6,72;00:54:00;0,90;00:25:00;0,42; 45,00 ;31,00;10.160;10,16;2;1,513; 0,226 
07/01/2026;jan;7;qua;9;DIURNO;33048;06:32:00;6,53;01:20:00;1,33;01:08:00;1,13; 33,00 ;41,00;16.010;16,01;2;2,451; 0,485 
07/01/2026;jan;7;qua;13;DIURNO;32100;04:47:00;4,78;01:07:00;1,12;00:19:00;0,32; 39,00 ;36,00;10.550;10,55;1;2,206; 0,271 
07/01/2026;jan;7;qua;14;DIURNO;32050;04:35:00;4,58;01:40:00;1,67;00:25:00;0,42; 38,00 ;64,00;11.250;11,25;2;2,455; 0,296 
07/01/2026;jan;7;qua;16;DIURNO;32101;07:02:00;7,03;01:31:00;1,52;00:28:00;0,47; 36,00 ;58,00;14.730;14,73;2;2,094; 0,409 
07/01/2026;jan;7;qua;18;DIURNO;32049;05:09:00;5,15;01:15:00;1,25;00:14:00;0,23; 45,00 ;45,00;9.470;9,47;1;1,839; 0,210 
07/01/2026;jan;7;qua;20;DIURNO;32051;02:45:00;2,75;01:20:00;1,33;00:10:00;0,17; 16,00 ;39,00;6.730;6,73;1;2,447; 0,421 
07/01/2026;jan;7;qua;20;DIURNO;33049;03:35:00;3,58;01:01:00;1,02;00:14:00;0,23; 25,00 ;39,00;7.010;7,01;1;1,956; 0,280 
07/01/2026;jan;7;qua;3;NOTURNO;32100;06:56:00;6,93;00:53:00;0,88;00:18:00;0,30; 42,00 ;26,00;15.990;15,99;2;2,306; 0,381 
07/01/2026;jan;7;qua;4;NOTURNO;32049;07:48:00;7,80;01:18:00;1,30;00:20:00;0,33; 50,00 ;31,00;12.170;12,17;2;1,560; 0,243 
07/01/2026;jan;7;qua;5;NOTURNO;33048;05:34:00;5,57;00:41:00;0,68;00:17:00;0,28; 31,00 ;22,00;11.070;11,07;1;1,989; 0,357 
07/01/2026;jan;7;qua;7;NOTURNO;32101;05:17:00;5,28;00:40:00;0,67;00:12:00;0,20; 36,00 ;22,00;11.630;11,63;1;2,201; 0,323 
07/01/2026;jan;7;qua;21;NOTURNO;33049;07:25:00;7,42;00:23:00;0,38;00:14:00;0,23; 48,00 ;14,00;10.560;10,56;1;1,424; 0,220 
08/01/2026;jan;8;qui;8;DIURNO;32051;07:20:00;7,33;01:13:00;1,22;00:24:00;0,40; 31,00 ;44,00;14.820;14,82;2;2,021; 0,478 
08/01/2026;jan;8;qui;10;DIURNO;33048;06:40:00;6,67;00:45:00;0,75;00:30:00;0,50; 37,00 ;28,00;14.640;14,64;2;2,196; 0,396 
08/01/2026;jan;8;qui;12;DIURNO;32100;03:04:00;3,07;00:56:00;0,93;00:10:00;0,17; 7,00 ;26,00;0;0,00;1;0,000; -   
08/01/2026;jan;8;qui;12;DIURNO;32101;04:33:00;4,55;01:12:00;1,20;00:31:00;0,52; 28,00 ;29,00;11.430;11,43;1;2,512; 0,408 
08/01/2026;jan;8;qui;15;DIURNO;32050;05:15:00;5,25;00:49:00;0,82;00:41:00;0,68; 38,00 ;20,00;14.770;14,77;2;2,813; 0,389 
08/01/2026;jan;8;qui;17;DIURNO;33049;07:43:00;7,72;00:38:00;0,63;00:34:00;0,57; 54,00 ;14,00;18.150;18,15;2;2,352; 0,336 
08/01/2026;jan;8;qui;19;DIURNO;32049;05:48:00;5,80;01:06:00;1,10;00:29:00;0,48; 48,00 ;38,00;12.220;12,22;2;2,107; 0,255 
08/01/2026;jan;8;qui;1;NOTURNO;32050;06:21:00;6,35;00:54:00;0,90;00:25:00;0,42; 34,00 ;31,00;13.600;13,60;2;2,142; 0,400 
08/01/2026;jan;8;qui;2;NOTURNO;32049;06:43:00;6,72;00:41:00;0,68;00:41:00;0,68; 42,00 ;34,00;10.250;10,25;2;1,526; 0,244 
08/01/2026;jan;8;qui;6;NOTURNO;33049;06:06:00;6,10;01:30:00;1,50;00:15:00;0,25; 41,00 ;19,00;11.080;11,08;1;1,816; 0,270 
08/01/2026;jan;8;qui;11;NOTURNO;32101;05:30:00;5,50;00:32:00;0,53;00:26:00;0,43; 38,00 ;22,00;12.040;12,04;2;2,189; 0,317 
08/01/2026;jan;8;qui;21;NOTURNO;33049;07:28:00;7,47;00:31:00;0,52;00:11:00;0,18; 47,00 ;14,00;10.200;10,20;1;1,366; 0,217 
;;;;;;;;;;;;;;;;;;;
;;;;;;;;;;;;;;;;;;;
;;;;;;;;;;;;;;;;;;;
